event_id,timestamp,client_age,client_income,client_family,client_education,client_experience,client_securities_account,client_cd_account,client_online,client_credit_card,passed_suitability,suitability_block_reason,arm_shown,offer_shown,decision_type,converted,immediate_reward,delayed_reward_available
1,2024-01-01T14:51:00,54,23,2,1,30,0,0,0,0,False,renda_abaixo_minimo,0,no_offer,blocked,0,0.0,False
2,2024-01-01T20:20:00,31,84,1,3,5,0,0,0,1,True,,1,banner_loan_standard,exploitation,0,-0.01,False
3,2024-01-01T14:10:00,57,80,2,1,33,0,0,1,1,True,,0,no_offer,exploration,0,0.0,False
4,2024-01-01T18:23:00,59,114,3,2,34,0,0,1,0,False,sem_relacionamento_bancario,0,no_offer,blocked,0,0.0,False
5,2024-01-01T12:35:00,37,160,2,1,12,0,0,0,0,False,sem_relacionamento_bancario,0,no_offer,blocked,0,0.0,False
6,2024-01-01T13:52:00,46,158,1,1,20,0,0,1,1,True,,0,no_offer,exploration,0,0.0,False
7,2024-01-01T09:23:00,42,171,2,1,18,0,0,1,0,False,sem_relacionamento_bancario,0,no_offer,blocked,0,0.0,False
8,2024-01-01T19:20:00,42,34,3,3,12,0,0,0,1,True,,1,banner_loan_standard,exploitation,0,-0.01,False
9,2024-01-01T08:11:00,36,70,3,2,12,0,0,1,0,False,sem_relacionamento_bancario,0,no_offer,blocked,0,0.0,False
10,2024-01-01T17:21:00,53,20,3,2,28,0,0,0,0,False,renda_abaixo_minimo,0,no_offer,blocked,0,0.0,False
11,2024-01-01T20:43:00,35,25,2,2,11,0,0,0,0,False,sem_relacionamento_bancario,0,no_offer,blocked,0,0.0,False
12,2024-01-01T18:41:00,61,79,2,1,35,0,0,1,1,True,,0,no_offer,exploration,0,0.0,False
13,2024-01-01T21:46:00,39,89,1,3,13,0,0,1,1,True,,1,banner_loan_standard,exploration,0,-0.01,False
14,2024-01-01T21:50:00,29,195,1,1,5,0,0,0,0,False,sem_relacionamento_bancario,0,no_offer,blocked,0,0.0,False
15,2024-01-01T16:02:00,43,85,4,3,18,0,0,1,1,True,,1,banner_loan_standard,exploitation,0,-0.01,False
16,2024-01-01T12:50:00,42,32,3,1,16,0,0,1,0,False,sem_relacionamento_bancario,0,no_offer,blocked,0,0.0,False
17,2024-01-01T14:20:00,50,38,3,2,24,0,0,1,0,False,sem_relacionamento_bancario,0,no_offer,blocked,0,0.0,False
18,2024-01-01T16:59:00,41,81,4,3,17,1,0,0,0,True,,1,banner_loan_standard,exploitation,1,1.0,False
19,2024-01-01T21:49:00,57,174,1,2,32,0,0,1,0,False,sem_relacionamento_bancario,0,no_offer,blocked,0,0.0,False
20,2024-01-01T17:08:00,40,84,1,3,15,0,0,1,0,False,sem_relacionamento_bancario,0,no_offer,blocked,0,0.0,False
21,2024-01-02T17:52:00,53,69,4,2,29,0,0,1,0,False,sem_relacionamento_bancario,0,no_offer,blocked,0,0.0,False
22,2024-01-02T09:19:00,28,111,4,3,2,0,0,1,0,False,sem_relacionamento_bancario,0,no_offer,blocked,0,0.0,False
23,2024-01-02T19:46:00,31,21,1,2,5,0,0,1,0,False,renda_abaixo_minimo,0,no_offer,blocked,0,0.0,False
24,2024-01-02T19:06:00,31,83,4,2,6,0,0,1,0,False,sem_relacionamento_bancario,0,no_offer,blocked,0,0.0,False
25,2024-01-02T19:07:00,43,58,2,1,19,0,0,1,0,False,sem_relacionamento_bancario,0,no_offer,blocked,0,0.0,False
26,2024-01-02T09:39:00,60,108,1,1,35,1,0,0,0,True,,1,banner_loan_standard,exploration,0,-0.01,False
27,2024-01-02T11:01:00,56,141,2,1,30,0,0,1,0,False,sem_relacionamento_bancario,0,no_offer,blocked,0,0.0,False
28,2024-01-02T11:53:00,45,34,3,1,19,1,0,0,0,True,,1,banner_loan_standard,exploitation,0,-0.01,False
29,2024-01-02T20:17:00,65,113,4,3,39,0,0,1,0,False,sem_relacionamento_bancario,0,no_offer,blocked,0,0.0,False
30,2024-01-02T17:43:00,38,191,2,1,13,0,0,1,0,False,sem_relacionamento_bancario,0,no_offer,blocked,0,0.0,False
31,2024-01-02T09:09:00,25,13,4,1,1,0,0,0,1,False,renda_abaixo_minimo,0,no_offer,blocked,0,0.0,False
32,2024-01-02T21:35:00,27,35,1,2,3,0,0,0,0,False,sem_relacionamento_bancario,0,no_offer,blocked,0,0.0,False
33,2024-01-02T21:30:00,26,44,1,2,-1,0,0,0,0,False,sem_relacionamento_bancario,0,no_offer,blocked,0,0.0,False
34,2024-01-02T15:13:00,61,41,4,2,34,0,0,1,0,False,sem_relacionamento_bancario,0,no_offer,blocked,0,0.0,False
35,2024-01-02T21:39:00,31,78,2,1,5,0,0,0,1,True,,0,no_offer,exploration,0,0.0,False
36,2024-01-02T12:15:00,34,152,2,1,10,0,0,0,0,False,sem_relacionamento_bancario,0,no_offer,blocked,0,0.0,False
37,2024-01-02T20:17:00,29,182,1,3,4,0,0,1,0,False,sem_relacionamento_bancario,0,no_offer,blocked,0,0.0,False
38,2024-01-02T12:23:00,33,140,1,1,8,0,0,1,0,False,sem_relacionamento_bancario,0,no_offer,blocked,0,0.0,False
39,2024-01-02T17:24:00,62,84,2,1,36,0,0,1,0,False,sem_relacionamento_bancario,0,no_offer,blocked,0,0.0,False
40,2024-01-02T16:28:00,34,70,4,1,9,1,0,0,0,True,,1,banner_loan_standard,exploitation,0,-0.01,False
41,2024-01-03T20:00:00,29,71,2,3,-1,0,0,0,0,False,sem_relacionamento_bancario,0,no_offer,blocked,0,0.0,False
42,2024-01-03T15:00:00,31,64,2,1,6,0,0,1,1,True,,0,no_offer,exploration,0,0.0,False
43,2024-01-03T10:16:00,30,35,2,2,4,1,0,0,1,True,,1,banner_loan_standard,exploration,1,1.0,False
44,2024-01-03T15:34:00,55,124,2,1,31,0,0,1,0,False,sem_relacionamento_bancario,0,no_offer,blocked,0,0.0,False
45,2024-01-03T10:32:00,43,41,1,3,18,0,0,0,0,False,sem_relacionamento_bancario,0,no_offer,blocked,0,0.0,False
46,2024-01-03T17:40:00,34,85,1,1,8,0,0,0,1,True,,1,banner_loan_standard,exploitation,0,-0.01,False
47,2024-01-03T19:06:00,30,131,3,3,5,0,0,0,0,False,sem_relacionamento_bancario,0,no_offer,blocked,0,0.0,False
48,2024-01-03T16:07:00,25,72,3,1,1,0,0,1,0,False,sem_relacionamento_bancario,0,no_offer,blocked,0,0.0,False
49,2024-01-03T14:22:00,31,60,4,2,4,0,0,1,1,True,,1,banner_loan_standard,exploitation,1,1.0,False
50,2024-01-03T21:23:00,39,69,3,2,13,0,0,0,0,False,sem_relacionamento_bancario,0,no_offer,blocked,0,0.0,False
51,2024-01-03T13:26:00,64,63,2,3,38,1,0,1,0,True,,1,banner_loan_standard,exploitation,0,-0.01,False
52,2024-01-03T21:02:00,43,63,3,3,18,1,0,0,0,True,,1,banner_loan_standard,exploitation,0,-0.01,False
53,2024-01-03T08:04:00,33,22,1,2,7,0,0,0,0,False,renda_abaixo_minimo,0,no_offer,blocked,0,0.0,False
54,2024-01-03T17:54:00,33,61,3,2,9,0,0,1,0,False,sem_relacionamento_bancario,0,no_offer,blocked,0,0.0,False
55,2024-01-03T21:38:00,30,18,3,3,6,0,0,0,0,False,renda_abaixo_minimo,0,no_offer,blocked,0,0.0,False
56,2024-01-03T18:08:00,24,80,2,3,-2,0,0,1,0,False,sem_relacionamento_bancario,0,no_offer,blocked,0,0.0,False
57,2024-01-03T17:41:00,63,132,1,2,37,0,0,1,0,False,sem_relacionamento_bancario,0,no_offer,blocked,0,0.0,False
58,2024-01-03T14:48:00,58,41,3,1,34,0,0,1,1,True,,1,banner_loan_standard,exploitation,0,-0.01,False
59,2024-01-03T11:31:00,56,34,2,2,30,0,0,1,0,False,sem_relacionamento_bancario,0,no_offer,blocked,0,0.0,False
60,2024-01-03T11:29:00,29,31,4,2,2,0,0,0,0,False,sem_relacionamento_bancario,0,no_offer,blocked,0,0.0,False
61,2024-01-04T20:14:00,39,54,2,2,14,0,0,0,1,True,,0,no_offer,exploration,0,0.0,False
62,2024-01-04T14:58:00,52,45,2,2,27,0,0,0,1,True,,1,banner_loan_standard,exploitation,0,-0.01,False
63,2024-01-04T10:21:00,55,95,2,3,25,0,0,0,0,False,sem_relacionamento_bancario,0,no_offer,blocked,0,0.0,False
64,2024-01-04T19:01:00,29,135,2,1,5,0,0,0,0,False,sem_relacionamento_bancario,0,no_offer,blocked,0,0.0,False
65,2024-01-04T17:44:00,29,148,3,1,3,0,0,1,0,False,sem_relacionamento_bancario,0,no_offer,blocked,0,0.0,False
66,2024-01-04T19:27:00,51,53,1,3,27,0,0,0,1,True,,1,banner_loan_standard,exploitation,1,1.0,False
67,2024-01-04T21:10:00,45,40,2,1,20,0,0,0,1,True,,1,banner_loan_standard,exploitation,0,-0.01,False
68,2024-01-04T16:38:00,29,124,2,1,5,0,0,0,1,True,,1,banner_loan_standard,exploitation,0,-0.01,False
69,2024-01-04T18:56:00,27,83,2,1,1,0,0,0,1,True,,1,banner_loan_standard,exploitation,0,-0.01,False
70,2024-01-04T11:12:00,59,21,2,2,34,0,0,1,0,False,renda_abaixo_minimo,0,no_offer,blocked,0,0.0,False
71,2024-01-04T16:02:00,49,149,2,1,25,0,0,1,0,False,sem_relacionamento_bancario,0,no_offer,blocked,0,0.0,False
72,2024-01-04T21:36:00,63,39,2,3,37,0,0,1,1,True,,1,banner_loan_standard,exploration,0,-0.01,False
73,2024-01-04T15:14:00,45,61,3,1,21,1,1,1,1,True,,1,banner_loan_standard,exploitation,0,-0.01,False
74,2024-01-04T18:53:00,54,70,1,3,30,0,0,0,0,False,sem_relacionamento_bancario,0,no_offer,blocked,0,0.0,False
75,2024-01-04T15:40:00,45,151,2,1,21,0,0,0,0,False,sem_relacionamento_bancario,0,no_offer,blocked,0,0.0,False
76,2024-01-04T11:48:00,28,104,3,1,4,0,0,0,0,False,sem_relacionamento_bancario,0,no_offer,blocked,0,0.0,False
77,2024-01-04T21:38:00,36,33,4,2,10,1,0,1,0,True,,1,banner_loan_standard,exploration,0,-0.01,False
78,2024-01-04T08:55:00,47,39,3,2,21,0,0,1,1,True,,1,banner_loan_standard,exploitation,0,-0.01,False
79,2024-01-04T09:01:00,32,111,1,1,7,1,0,0,0,True,,0,no_offer,exploration,0,0.0,False
80,2024-01-04T19:53:00,50,128,2,1,26,0,0,1,0,False,sem_relacionamento_bancario,0,no_offer,blocked,0,0.0,False
81,2024-01-05T10:01:00,52,110,2,3,26,1,1,1,0,True,,1,banner_loan_standard,exploration,0,-0.01,False
82,2024-01-05T13:31:00,44,62,3,3,20,0,0,0,1,True,,1,banner_loan_standard,exploitation,0,-0.01,False
83,2024-01-05T14:03:00,60,129,2,1,36,0,0,1,0,False,sem_relacionamento_bancario,0,no_offer,blocked,0,0.0,False
84,2024-01-05T14:10:00,39,62,4,1,15,0,0,0,0,False,sem_relacionamento_bancario,0,no_offer,blocked,0,0.0,False
85,2024-01-05T15:58:00,45,152,2,1,21,0,0,1,0,False,sem_relacionamento_bancario,0,no_offer,blocked,0,0.0,False
86,2024-01-05T08:37:00,63,118,1,1,37,0,0,0,0,False,sem_relacionamento_bancario,0,no_offer,blocked,0,0.0,False
87,2024-01-05T15:04:00,55,79,2,3,30,0,0,0,0,False,sem_relacionamento_bancario,0,no_offer,blocked,0,0.0,False
88,2024-01-05T11:33:00,27,201,1,1,3,0,0,1,0,False,sem_relacionamento_bancario,0,no_offer,blocked,0,0.0,False
89,2024-01-05T13:21:00,61,23,3,2,37,0,0,0,0,False,renda_abaixo_minimo,0,no_offer,blocked,0,0.0,False
90,2024-01-05T08:08:00,38,64,1,3,14,0,0,0,1,True,,1,banner_loan_standard,exploitation,1,1.0,False
91,2024-01-05T19:58:00,53,12,2,2,26,0,0,0,1,False,renda_abaixo_minimo,0,no_offer,blocked,0,0.0,False
92,2024-01-05T13:15:00,24,39,2,2,-1,0,0,0,0,False,sem_relacionamento_bancario,0,no_offer,blocked,0,0.0,False
93,2024-01-05T20:02:00,29,182,1,3,4,0,0,1,0,False,sem_relacionamento_bancario,0,no_offer,blocked,0,0.0,False
94,2024-01-05T11:59:00,52,155,3,2,26,0,0,1,0,False,sem_relacionamento_bancario,0,no_offer,blocked,0,0.0,False
95,2024-01-05T18:35:00,29,123,2,1,5,0,0,1,0,False,sem_relacionamento_bancario,0,no_offer,blocked,0,0.0,False
96,2024-01-05T10:19:00,55,69,4,3,30,1,1,1,1,True,,0,no_offer,exploration,0,0.0,False
97,2024-01-05T08:39:00,57,79,3,1,31,0,0,0,1,True,,1,banner_loan_standard,exploitation,0,-0.01,False
98,2024-01-05T14:17:00,36,9,4,3,11,0,0,0,1,False,renda_abaixo_minimo,0,no_offer,blocked,0,0.0,False
99,2024-01-05T16:24:00,39,93,1,3,13,0,0,0,1,True,,1,banner_loan_standard,exploitation,0,-0.01,False
100,2024-01-05T17:34:00,49,84,3,1,23,1,0,1,0,True,,1,banner_loan_standard,exploitation,0,-0.01,False
101,2024-01-06T14:59:00,29,31,4,2,3,0,0,1,0,False,sem_relacionamento_bancario,0,no_offer,blocked,0,0.0,False
102,2024-01-06T17:47:00,40,19,4,2,16,0,0,1,1,False,renda_abaixo_minimo,0,no_offer,blocked,0,0.0,False
103,2024-01-06T16:51:00,44,39,2,3,20,0,0,0,0,False,sem_relacionamento_bancario,0,no_offer,blocked,0,0.0,False
104,2024-01-06T21:11:00,54,93,1,1,28,0,1,1,1,True,,1,banner_loan_standard,exploitation,0,-0.01,False
105,2024-01-06T14:08:00,54,32,2,3,29,0,0,1,1,True,,1,banner_loan_standard,exploitation,0,-0.01,False
106,2024-01-06T16:34:00,45,59,2,1,21,0,0,1,0,False,sem_relacionamento_bancario,0,no_offer,blocked,0,0.0,False
107,2024-01-06T11:23:00,40,83,4,1,16,0,0,1,1,True,,1,banner_loan_standard,exploitation,0,-0.01,False
108,2024-01-06T13:55:00,33,32,1,3,7,0,0,0,0,False,sem_relacionamento_bancario,0,no_offer,blocked,0,0.0,False
109,2024-01-06T08:23:00,38,191,2,1,13,0,0,1,0,False,sem_relacionamento_bancario,0,no_offer,blocked,0,0.0,False
110,2024-01-06T11:10:00,45,121,1,1,21,0,0,0,0,False,sem_relacionamento_bancario,0,no_offer,blocked,0,0.0,False
111,2024-01-06T08:07:00,61,23,3,2,37,0,0,0,0,False,renda_abaixo_minimo,0,no_offer,blocked,0,0.0,False
112,2024-01-06T21:34:00,46,144,2,1,22,0,0,1,1,True,,1,banner_loan_standard,exploitation,0,-0.01,False
113,2024-01-06T21:24:00,33,54,2,2,6,0,0,1,0,False,sem_relacionamento_bancario,0,no_offer,blocked,0,0.0,False
114,2024-01-06T10:24:00,64,171,2,1,40,0,0,0,0,False,sem_relacionamento_bancario,0,no_offer,blocked,0,0.0,False
115,2024-01-06T20:17:00,44,185,3,1,20,0,0,1,0,False,sem_relacionamento_bancario,0,no_offer,blocked,0,0.0,False
116,2024-01-06T21:17:00,59,31,3,2,35,0,0,1,0,False,sem_relacionamento_bancario,0,no_offer,blocked,0,0.0,False
117,2024-01-06T09:53:00,65,83,3,3,41,0,0,1,0,False,sem_relacionamento_bancario,0,no_offer,blocked,0,0.0,False
118,2024-01-06T10:15:00,36,44,2,2,11,0,0,1,0,False,sem_relacionamento_bancario,0,no_offer,blocked,0,0.0,False
119,2024-01-06T20:40:00,37,22,3,2,11,0,0,1,1,False,renda_abaixo_minimo,0,no_offer,blocked,0,0.0,False
120,2024-01-06T11:32:00,44,19,1,3,14,0,0,0,1,False,renda_abaixo_minimo,0,no_offer,blocked,0,0.0,False
121,2024-01-07T11:32:00,63,14,4,2,38,0,0,1,1,False,renda_abaixo_minimo,0,no_offer,blocked,0,0.0,False
122,2024-01-07T21:20:00,36,18,1,3,12,0,0,0,1,False,renda_abaixo_minimo,0,no_offer,blocked,0,0.0,False
123,2024-01-07T11:55:00,32,28,3,1,6,0,0,0,0,False,sem_relacionamento_bancario,0,no_offer,blocked,0,0.0,False
124,2024-01-07T15:06:00,26,155,2,1,0,0,0,0,0,False,sem_relacionamento_bancario,0,no_offer,blocked,0,0.0,False
125,2024-01-07T10:16:00,59,34,2,1,33,0,0,0,0,False,sem_relacionamento_bancario,0,no_offer,blocked,0,0.0,False
126,2024-01-07T08:47:00,40,140,3,1,16,0,0,0,0,False,sem_relacionamento_bancario,0,no_offer,blocked,0,0.0,False
127,2024-01-07T19:58:00,62,18,3,2,37,0,0,1,0,False,renda_abaixo_minimo,0,no_offer,blocked,0,0.0,False
128,2024-01-07T10:21:00,28,93,2,1,2,0,0,0,0,False,sem_relacionamento_bancario,0,no_offer,blocked,0,0.0,False
129,2024-01-07T14:21:00,45,109,3,1,19,0,0,0,0,False,sem_relacionamento_bancario,0,no_offer,blocked,0,0.0,False
130,2024-01-07T21:29:00,57,43,1,1,31,0,0,0,0,False,sem_relacionamento_bancario,0,no_offer,blocked,0,0.0,False
131,2024-01-07T13:37:00,62,95,3,1,37,0,0,0,0,False,sem_relacionamento_bancario,0,no_offer,blocked,0,0.0,False
132,2024-01-07T20:50:00,63,149,2,3,37,0,0,1,0,False,sem_relacionamento_bancario,0,no_offer,blocked,0,0.0,False
133,2024-01-07T13:07:00,62,19,4,2,37,1,0,0,0,False,renda_abaixo_minimo,0,no_offer,blocked,0,0.0,False
134,2024-01-07T21:32:00,35,45,1,1,9,0,0,1,1,True,,1,banner_loan_standard,exploitation,0,-0.01,False
135,2024-01-07T12:59:00,39,30,4,1,15,1,0,0,1,True,,1,banner_loan_standard,exploitation,0,-0.01,False
136,2024-01-07T10:48:00,36,42,4,2,10,0,0,1,1,True,,1,banner_loan_standard,exploitation,0,-0.01,False
137,2024-01-07T08:43:00,61,193,1,3,36,0,0,1,0,False,sem_relacionamento_bancario,0,no_offer,blocked,0,0.0,False
138,2024-01-07T19:29:00,39,79,2,2,15,0,0,0,0,False,sem_relacionamento_bancario,0,no_offer,blocked,0,0.0,False
139,2024-01-07T10:59:00,57,64,3,1,31,0,0,0,1,True,,1,banner_loan_standard,exploitation,0,-0.01,False
140,2024-01-07T16:36:00,48,25,4,2,24,0,0,0,0,False,sem_relacionamento_bancario,0,no_offer,blocked,0,0.0,False
141,2024-01-08T15:28:00,57,134,4,1,33,0,0,1,0,False,sem_relacionamento_bancario,0,no_offer,blocked,0,0.0,False
142,2024-01-08T10:59:00,55,39,3,2,28,0,0,1,1,True,,1,banner_loan_standard,exploitation,0,-0.01,False
143,2024-01-08T12:31:00,51,29,4,1,25,0,0,1,1,True,,1,banner_loan_standard,exploitation,0,-0.01,False
144,2024-01-08T09:24:00,63,160,2,1,39,0,0,0,1,True,,1,banner_loan_standard,exploitation,0,-0.01,False
145,2024-01-08T10:39:00,32,142,4,2,8,0,1,1,1,True,,1,banner_loan_standard,exploitation,0,-0.01,False
146,2024-01-08T13:22:00,29,190,2,1,3,0,0,1,1,True,,1,banner_loan_standard,exploration,0,-0.01,False
147,2024-01-08T17:01:00,38,182,3,3,14,0,1,1,1,True,,0,no_offer,exploration,0,0.0,False
148,2024-01-08T17:16:00,34,84,4,2,9,0,0,1,0,False,sem_relacionamento_bancario,0,no_offer,blocked,0,0.0,False
149,2024-01-08T13:47:00,54,25,4,3,24,0,0,0,1,True,,1,banner_loan_standard,exploitation,0,-0.01,False
150,2024-01-08T14:28:00,47,63,1,3,23,0,0,1,0,False,sem_relacionamento_bancario,0,no_offer,blocked,0,0.0,False
151,2024-01-08T17:54:00,30,181,1,1,6,0,0,1,0,False,sem_relacionamento_bancario,0,no_offer,blocked,0,0.0,False
152,2024-01-08T17:34:00,64,73,3,1,39,0,0,1,0,False,sem_relacionamento_bancario,0,no_offer,blocked,0,0.0,False
153,2024-01-08T09:24:00,55,60,3,3,29,0,0,1,0,False,sem_relacionamento_bancario,0,no_offer,blocked,0,0.0,False
154,2024-01-08T14:56:00,31,71,1,1,7,1,0,0,0,True,,1,banner_loan_standard,exploitation,1,1.0,False
155,2024-01-08T11:44:00,62,19,3,2,37,0,0,1,0,False,renda_abaixo_minimo,0,no_offer,blocked,0,0.0,False
156,2024-01-08T11:00:00,50,62,2,3,24,0,0,1,0,False,sem_relacionamento_bancario,0,no_offer,blocked,0,0.0,False
157,2024-01-08T15:45:00,65,53,1,3,39,0,0,1,0,False,sem_relacionamento_bancario,0,no_offer,blocked,0,0.0,False
158,2024-01-08T21:11:00,58,32,3,1,32,0,0,1,0,False,sem_relacionamento_bancario,0,no_offer,blocked,0,0.0,False
159,2024-01-08T10:22:00,62,92,2,2,36,0,0,1,0,False,sem_relacionamento_bancario,0,no_offer,blocked,0,0.0,False
160,2024-01-08T14:21:00,54,133,1,2,30,0,0,0,1,True,,1,banner_loan_standard,exploration,1,1.0,False
161,2024-01-09T10:24:00,54,12,2,3,29,0,0,1,0,False,renda_abaixo_minimo,0,no_offer,blocked,0,0.0,False
162,2024-01-09T17:21:00,47,65,1,1,23,0,0,0,0,False,sem_relacionamento_bancario,0,no_offer,blocked,0,0.0,False
163,2024-01-09T11:41:00,48,173,3,1,23,0,1,1,1,True,,1,banner_loan_standard,exploitation,1,1.0,False
164,2024-01-09T13:14:00,47,24,4,2,22,0,0,1,0,False,renda_abaixo_minimo,0,no_offer,blocked,0,0.0,False
165,2024-01-09T13:42:00,51,78,1,1,26,0,0,1,0,False,sem_relacionamento_bancario,0,no_offer,blocked,0,0.0,False
166,2024-01-09T19:36:00,27,142,3,1,1,0,0,0,0,False,sem_relacionamento_bancario,0,no_offer,blocked,0,0.0,False
167,2024-01-09T08:07:00,58,98,1,1,33,0,0,0,0,False,sem_relacionamento_bancario,0,no_offer,blocked,0,0.0,False
168,2024-01-09T12:38:00,26,132,3,3,0,0,0,0,1,True,,1,banner_loan_standard,exploitation,0,-0.01,False
169,2024-01-09T11:05:00,29,44,4,2,4,0,0,1,0,False,sem_relacionamento_bancario,0,no_offer,blocked,0,0.0,False
170,2024-01-09T10:54:00,38,30,2,3,12,0,0,0,1,True,,1,banner_loan_standard,exploration,0,-0.01,False
171,2024-01-09T15:51:00,57,55,4,1,32,0,0,1,0,False,sem_relacionamento_bancario,0,no_offer,blocked,0,0.0,False
172,2024-01-09T21:18:00,58,60,2,2,33,1,0,1,0,True,,1,banner_loan_standard,exploration,0,-0.01,False
173,2024-01-09T19:57:00,41,88,1,3,15,1,0,0,0,True,,1,banner_loan_standard,exploitation,0,-0.01,False
174,2024-01-09T14:25:00,39,138,1,2,12,0,0,1,0,False,sem_relacionamento_bancario,0,no_offer,blocked,0,0.0,False
175,2024-01-09T12:25:00,46,9,2,3,21,0,0,1,0,False,renda_abaixo_minimo,0,no_offer,blocked,0,0.0,False
176,2024-01-09T12:22:00,30,154,1,1,6,0,0,0,0,False,sem_relacionamento_bancario,0,no_offer,blocked,0,0.0,False
177,2024-01-09T16:11:00,62,99,4,2,38,0,0,1,0,False,sem_relacionamento_bancario,0,no_offer,blocked,0,0.0,False
178,2024-01-09T12:00:00,32,14,3,3,8,0,0,0,0,False,renda_abaixo_minimo,0,no_offer,blocked,0,0.0,False
179,2024-01-09T17:57:00,34,10,1,2,8,0,0,1,0,False,renda_abaixo_minimo,0,no_offer,blocked,0,0.0,False
180,2024-01-09T08:46:00,30,154,1,1,6,0,0,0,0,False,sem_relacionamento_bancario,0,no_offer,blocked,0,0.0,False
181,2024-01-10T16:39:00,53,62,3,2,27,1,0,0,0,True,,1,banner_loan_standard,exploitation,0,-0.01,False
182,2024-01-10T20:52:00,35,79,4,2,9,0,0,0,0,False,sem_relacionamento_bancario,0,no_offer,blocked,0,0.0,False
183,2024-01-10T08:15:00,56,64,4,1,31,0,0,1,0,False,sem_relacionamento_bancario,0,no_offer,blocked,0,0.0,False
184,2024-01-10T20:38:00,37,70,2,1,13,0,0,0,0,False,sem_relacionamento_bancario,0,no_offer,blocked,0,0.0,False
185,2024-01-10T12:21:00,30,72,1,1,6,0,0,0,0,False,sem_relacionamento_bancario,0,no_offer,blocked,0,0.0,False
186,2024-01-10T17:15:00,48,114,2,3,23,1,0,0,0,True,,1,banner_loan_standard,exploitation,1,1.0,False
187,2024-01-10T10:36:00,59,52,2,3,34,0,0,1,0,False,sem_relacionamento_bancario,0,no_offer,blocked,0,0.0,False
188,2024-01-10T13:56:00,39,175,2,1,15,0,0,1,0,False,sem_relacionamento_bancario,0,no_offer,blocked,0,0.0,False
189,2024-01-10T08:29:00,30,49,3,2,4,0,0,0,1,True,,1,banner_loan_standard,exploitation,1,1.0,False
190,2024-01-10T21:51:00,26,49,3,2,0,0,0,0,0,False,sem_relacionamento_bancario,0,no_offer,blocked,0,0.0,False
191,2024-01-10T12:11:00,32,112,4,2,6,0,0,1,0,False,sem_relacionamento_bancario,0,no_offer,blocked,0,0.0,False
192,2024-01-10T14:35:00,58,28,2,2,33,1,0,1,0,True,,1,banner_loan_standard,exploration,0,-0.01,False
193,2024-01-10T08:29:00,30,184,1,1,6,0,0,1,0,False,sem_relacionamento_bancario,0,no_offer,blocked,0,0.0,False
194,2024-01-10T12:22:00,54,40,2,3,30,0,0,0,0,False,sem_relacionamento_bancario,0,no_offer,blocked,0,0.0,False
195,2024-01-10T17:09:00,49,59,3,1,23,0,0,0,0,False,sem_relacionamento_bancario,0,no_offer,blocked,0,0.0,False
196,2024-01-10T13:04:00,63,129,1,1,38,0,0,1,0,False,sem_relacionamento_bancario,0,no_offer,blocked,0,0.0,False
197,2024-01-10T17:57:00,45,201,2,1,20,0,0,1,1,True,,1,banner_loan_standard,exploitation,0,-0.01,False
198,2024-01-10T10:57:00,43,91,1,1,17,0,0,1,0,False,sem_relacionamento_bancario,0,no_offer,blocked,0,0.0,False
199,2024-01-10T08:55:00,51,44,3,3,25,0,0,0,0,False,sem_relacionamento_bancario,0,no_offer,blocked,0,0.0,False
200,2024-01-10T15:15:00,29,35,2,1,3,0,1,1,1,True,,1,banner_loan_standard,exploitation,0,-0.01,False
201,2024-01-11T14:01:00,58,39,2,3,33,0,0,1,0,False,sem_relacionamento_bancario,0,no_offer,blocked,0,0.0,False
202,2024-01-11T08:27:00,51,180,1,1,25,0,0,1,0,False,sem_relacionamento_bancario,0,no_offer,blocked,0,0.0,False
203,2024-01-11T18:19:00,46,111,1,1,20,0,0,0,0,False,sem_relacionamento_bancario,0,no_offer,blocked,0,0.0,False
204,2024-01-11T19:32:00,36,74,1,1,10,0,0,0,1,True,,1,banner_loan_standard,exploitation,0,-0.01,False
205,2024-01-11T08:50:00,56,22,1,3,32,0,0,1,1,False,renda_abaixo_minimo,0,no_offer,blocked,0,0.0,False
206,2024-01-11T18:36:00,62,92,2,2,36,0,0,1,0,False,sem_relacionamento_bancario,0,no_offer,blocked,0,0.0,False
207,2024-01-11T19:02:00,31,44,4,1,6,0,0,0,0,False,sem_relacionamento_bancario,0,no_offer,blocked,0,0.0,False
208,2024-01-11T08:32:00,33,84,1,3,7,0,0,1,0,False,sem_relacionamento_bancario,0,no_offer,blocked,0,0.0,False
209,2024-01-11T20:12:00,42,91,1,2,17,0,0,1,1,True,,1,banner_loan_standard,exploitation,0,-0.01,False
210,2024-01-11T20:50:00,55,92,1,3,25,0,0,0,1,True,,1,banner_loan_standard,exploitation,0,-0.01,False
211,2024-01-11T09:34:00,35,30,4,1,9,0,0,1,0,False,sem_relacionamento_bancario,0,no_offer,blocked,0,0.0,False
212,2024-01-11T14:16:00,55,94,1,3,29,0,0,0,0,False,sem_relacionamento_bancario,0,no_offer,blocked,0,0.0,False
213,2024-01-11T17:25:00,50,44,4,1,24,0,0,1,1,True,,1,banner_loan_standard,exploitation,0,-0.01,False
214,2024-01-11T21:33:00,35,82,3,2,9,0,0,1,0,False,sem_relacionamento_bancario,0,no_offer,blocked,0,0.0,False
215,2024-01-11T10:40:00,63,40,4,3,33,0,0,1,0,False,sem_relacionamento_bancario,0,no_offer,blocked,0,0.0,False
216,2024-01-11T14:03:00,37,79,4,2,13,0,0,1,0,False,sem_relacionamento_bancario,0,no_offer,blocked,0,0.0,False
217,2024-01-11T18:28:00,37,60,2,1,11,0,0,0,1,True,,1,banner_loan_standard,exploitation,0,-0.01,False
218,2024-01-11T15:35:00,52,101,2,1,28,0,0,0,0,False,sem_relacionamento_bancario,0,no_offer,blocked,0,0.0,False
219,2024-01-11T16:20:00,51,21,2,2,24,0,0,1,0,False,renda_abaixo_minimo,0,no_offer,blocked,0,0.0,False
220,2024-01-11T20:56:00,44,72,3,3,20,0,0,1,0,False,sem_relacionamento_bancario,0,no_offer,blocked,0,0.0,False
221,2024-01-12T15:34:00,56,28,1,2,31,1,1,1,1,True,,1,banner_loan_standard,exploitation,0,-0.01,False
222,2024-01-12T08:34:00,65,134,3,3,41,0,0,1,0,False,sem_relacionamento_bancario,0,no_offer,blocked,0,0.0,False
223,2024-01-12T14:31:00,34,31,1,1,8,0,0,1,1,True,,1,banner_loan_standard,exploitation,0,-0.01,False
224,2024-01-12T15:22:00,33,35,4,1,7,0,0,1,0,False,sem_relacionamento_bancario,0,no_offer,blocked,0,0.0,False
225,2024-01-12T21:31:00,62,148,3,2,36,0,0,1,0,False,sem_relacionamento_bancario,0,no_offer,blocked,0,0.0,False
226,2024-01-12T12:11:00,35,82,3,2,9,0,0,1,0,False,sem_relacionamento_bancario,0,no_offer,blocked,0,0.0,False
227,2024-01-12T08:54:00,34,165,1,3,8,0,0,0,0,False,sem_relacionamento_bancario,0,no_offer,blocked,0,0.0,False
228,2024-01-12T20:22:00,32,84,4,1,8,0,0,1,0,False,sem_relacionamento_bancario,0,no_offer,blocked,0,0.0,False
229,2024-01-12T16:34:00,53,115,2,3,27,0,0,0,0,False,sem_relacionamento_bancario,0,no_offer,blocked,0,0.0,False
230,2024-01-12T08:19:00,44,75,1,3,18,0,0,0,1,True,,0,no_offer,exploration,0,0.0,False
231,2024-01-12T16:21:00,42,115,1,1,18,0,0,0,0,False,sem_relacionamento_bancario,0,no_offer,blocked,0,0.0,False
232,2024-01-12T11:11:00,45,55,4,3,20,1,0,0,0,True,,1,banner_loan_standard,exploitation,1,1.0,False
233,2024-01-12T20:40:00,49,19,1,3,25,0,0,0,0,False,renda_abaixo_minimo,0,no_offer,blocked,0,0.0,False
234,2024-01-12T19:13:00,56,38,3,3,26,1,0,1,0,True,,1,banner_loan_standard,exploitation,0,-0.01,False
235,2024-01-12T17:46:00,51,30,3,2,25,0,0,0,1,True,,1,banner_loan_standard,exploitation,0,-0.01,False
236,2024-01-12T10:11:00,41,40,2,1,17,0,1,1,1,True,,0,no_offer,exploration,0,0.0,False
237,2024-01-12T16:51:00,61,113,2,1,35,0,0,0,0,False,sem_relacionamento_bancario,0,no_offer,blocked,0,0.0,False
238,2024-01-12T14:15:00,39,121,1,1,15,1,0,1,0,True,,1,banner_loan_standard,exploitation,0,-0.01,False
239,2024-01-12T17:57:00,44,180,2,1,20,0,0,0,1,True,,1,banner_loan_standard,exploitation,1,1.0,False
240,2024-01-12T17:04:00,58,52,3,2,33,0,0,0,1,True,,0,no_offer,exploration,0,0.0,False
241,2024-01-13T10:22:00,40,52,3,3,15,0,0,1,0,False,sem_relacionamento_bancario,0,no_offer,blocked,0,0.0,False
242,2024-01-13T20:42:00,48,22,1,1,23,0,0,0,0,False,renda_abaixo_minimo,0,no_offer,blocked,0,0.0,False
243,2024-01-13T18:17:00,46,83,3,1,22,0,0,0,0,False,sem_relacionamento_bancario,0,no_offer,blocked,0,0.0,False
244,2024-01-13T19:08:00,56,51,3,3,26,0,0,1,0,False,sem_relacionamento_bancario,0,no_offer,blocked,0,0.0,False
245,2024-01-13T17:57:00,26,129,3,2,0,0,0,0,0,False,sem_relacionamento_bancario,0,no_offer,blocked,0,0.0,False
246,2024-01-13T19:16:00,63,110,1,3,37,0,0,0,0,False,sem_relacionamento_bancario,0,no_offer,blocked,0,0.0,False
247,2024-01-13T20:37:00,38,48,4,3,12,0,0,1,0,False,sem_relacionamento_bancario,0,no_offer,blocked,0,0.0,False
248,2024-01-13T14:45:00,61,20,2,3,37,0,0,1,0,False,renda_abaixo_minimo,0,no_offer,blocked,0,0.0,False
249,2024-01-13T20:39:00,49,25,1,3,23,0,0,1,0,False,sem_relacionamento_bancario,0,no_offer,blocked,0,0.0,False
250,2024-01-13T17:08:00,27,20,4,3,2,0,0,1,0,False,renda_abaixo_minimo,0,no_offer,blocked,0,0.0,False
251,2024-01-13T12:28:00,31,70,2,3,1,0,1,1,1,True,,1,banner_loan_standard,exploitation,0,-0.01,False
252,2024-01-13T15:47:00,53,89,1,3,27,0,0,1,1,True,,0,no_offer,exploration,0,0.0,False
253,2024-01-13T20:00:00,55,95,2,3,25,0,0,0,0,False,sem_relacionamento_bancario,0,no_offer,blocked,0,0.0,False
254,2024-01-13T13:51:00,43,29,1,3,18,0,0,1,0,False,sem_relacionamento_bancario,0,no_offer,blocked,0,0.0,False
255,2024-01-13T20:03:00,44,43,1,1,20,0,0,0,1,True,,1,banner_loan_standard,exploitation,0,-0.01,False
256,2024-01-13T11:05:00,54,161,1,1,28,0,0,1,0,False,sem_relacionamento_bancario,0,no_offer,blocked,0,0.0,False
257,2024-01-13T19:30:00,45,40,3,2,18,0,0,1,0,False,sem_relacionamento_bancario,0,no_offer,blocked,0,0.0,False
258,2024-01-13T10:43:00,45,60,2,3,19,0,0,1,0,False,sem_relacionamento_bancario,0,no_offer,blocked,0,0.0,False
259,2024-01-13T17:18:00,51,55,1,2,26,0,0,0,1,True,,1,banner_loan_standard,exploitation,0,-0.01,False
260,2024-01-13T20:12:00,29,59,4,1,4,0,0,1,1,True,,0,no_offer,exploration,0,0.0,False
261,2024-01-14T11:27:00,42,28,1,3,17,0,0,0,1,True,,1,banner_loan_standard,exploitation,0,-0.01,False
262,2024-01-14T15:40:00,49,39,1,3,24,0,0,1,0,False,sem_relacionamento_bancario,0,no_offer,blocked,0,0.0,False
263,2024-01-14T19:56:00,54,49,4,2,28,1,0,0,0,True,,1,banner_loan_standard,exploitation,0,-0.01,False
264,2024-01-14T19:48:00,40,12,1,1,16,1,0,0,0,False,renda_abaixo_minimo,0,no_offer,blocked,0,0.0,False
265,2024-01-14T16:55:00,40,104,1,1,16,0,0,0,0,False,sem_relacionamento_bancario,0,no_offer,blocked,0,0.0,False
266,2024-01-14T17:43:00,53,45,2,3,27,0,0,1,1,True,,1,banner_loan_standard,exploitation,0,-0.01,False
267,2024-01-14T12:15:00,27,105,1,2,3,1,0,0,0,True,,1,banner_loan_standard,exploitation,0,-0.01,False
268,2024-01-14T13:20:00,48,94,4,3,22,0,0,1,0,False,sem_relacionamento_bancario,0,no_offer,blocked,0,0.0,False
269,2024-01-14T18:59:00,57,170,2,2,33,0,0,0,0,False,sem_relacionamento_bancario,0,no_offer,blocked,0,0.0,False
270,2024-01-14T12:35:00,40,119,2,2,16,0,0,1,0,False,sem_relacionamento_bancario,0,no_offer,blocked,0,0.0,False
271,2024-01-14T10:18:00,34,54,3,1,10,0,0,0,0,False,sem_relacionamento_bancario,0,no_offer,blocked,0,0.0,False
272,2024-01-14T11:56:00,39,15,2,2,14,0,0,0,0,False,renda_abaixo_minimo,0,no_offer,blocked,0,0.0,False
273,2024-01-14T21:14:00,38,92,2,1,14,0,0,1,1,True,,1,banner_loan_standard,exploitation,0,-0.01,False
274,2024-01-14T13:02:00,37,75,3,2,13,1,0,0,0,True,,1,banner_loan_standard,exploitation,0,-0.01,False
275,2024-01-14T14:56:00,30,29,1,3,6,0,0,1,0,False,sem_relacionamento_bancario,0,no_offer,blocked,0,0.0,False
276,2024-01-14T18:11:00,50,9,2,2,23,0,0,1,0,False,renda_abaixo_minimo,0,no_offer,blocked,0,0.0,False
277,2024-01-14T17:31:00,36,33,3,1,10,0,0,0,0,False,sem_relacionamento_bancario,0,no_offer,blocked,0,0.0,False
278,2024-01-14T19:52:00,57,40,2,1,31,1,1,1,1,True,,1,banner_loan_standard,exploration,0,-0.01,False
279,2024-01-14T15:57:00,61,62,1,2,37,0,0,1,0,False,sem_relacionamento_bancario,0,no_offer,blocked,0,0.0,False
280,2024-01-14T19:35:00,38,19,2,2,13,0,0,0,1,False,renda_abaixo_minimo,0,no_offer,blocked,0,0.0,False
281,2024-01-15T17:07:00,37,52,2,2,12,0,0,1,0,False,sem_relacionamento_bancario,0,no_offer,blocked,0,0.0,False
282,2024-01-15T17:59:00,31,175,2,1,6,0,0,1,0,False,sem_relacionamento_bancario,0,no_offer,blocked,0,0.0,False
283,2024-01-15T09:27:00,51,60,4,1,25,0,0,1,0,False,sem_relacionamento_bancario,0,no_offer,blocked,0,0.0,False
284,2024-01-15T19:36:00,61,122,2,1,37,0,0,1,0,False,sem_relacionamento_bancario,0,no_offer,blocked,0,0.0,False
285,2024-01-15T13:16:00,56,74,3,3,31,0,0,1,1,True,,1,banner_loan_standard,exploitation,0,-0.01,False
286,2024-01-15T16:32:00,54,82,3,2,29,0,0,1,0,False,sem_relacionamento_bancario,0,no_offer,blocked,0,0.0,False
287,2024-01-15T12:19:00,47,65,3,2,22,0,0,1,0,False,sem_relacionamento_bancario,0,no_offer,blocked,0,0.0,False
288,2024-01-15T20:27:00,45,109,1,1,20,0,0,1,0,False,sem_relacionamento_bancario,0,no_offer,blocked,0,0.0,False
289,2024-01-15T10:05:00,32,63,4,2,5,1,0,1,0,True,,1,banner_loan_standard,exploitation,0,-0.01,False
290,2024-01-15T09:50:00,61,55,3,3,36,0,0,0,0,False,sem_relacionamento_bancario,0,no_offer,blocked,0,0.0,False
291,2024-01-15T12:46:00,38,129,4,3,13,0,0,1,0,False,sem_relacionamento_bancario,0,no_offer,blocked,0,0.0,False
292,2024-01-15T16:01:00,40,19,4,2,16,0,0,1,1,False,renda_abaixo_minimo,0,no_offer,blocked,0,0.0,False
293,2024-01-15T17:55:00,33,78,4,2,6,0,0,0,0,False,sem_relacionamento_bancario,0,no_offer,blocked,0,0.0,False
294,2024-01-15T12:54:00,60,49,4,1,36,1,0,1,0,True,,1,banner_loan_standard,exploitation,0,-0.01,False
295,2024-01-15T15:32:00,50,12,1,1,26,0,0,0,0,False,renda_abaixo_minimo,0,no_offer,blocked,0,0.0,False
296,2024-01-15T13:00:00,43,22,2,2,18,0,0,0,0,False,renda_abaixo_minimo,0,no_offer,blocked,0,0.0,False
297,2024-01-15T09:31:00,39,62,4,1,15,0,0,0,0,False,sem_relacionamento_bancario,0,no_offer,blocked,0,0.0,False
298,2024-01-15T08:10:00,59,45,1,3,35,0,0,1,0,False,sem_relacionamento_bancario,0,no_offer,blocked,0,0.0,False
299,2024-01-15T12:25:00,52,15,1,1,28,0,0,1,0,False,renda_abaixo_minimo,0,no_offer,blocked,0,0.0,False
300,2024-01-15T16:21:00,59,64,4,1,34,0,0,0,0,False,sem_relacionamento_bancario,0,no_offer,blocked,0,0.0,False
301,2024-01-16T18:26:00,50,29,4,1,24,0,0,0,0,False,sem_relacionamento_bancario,0,no_offer,blocked,0,0.0,False
302,2024-01-16T08:12:00,42,85,1,3,17,0,0,1,0,False,sem_relacionamento_bancario,0,no_offer,blocked,0,0.0,False
303,2024-01-16T08:33:00,65,160,4,1,39,0,0,1,0,False,sem_relacionamento_bancario,0,no_offer,blocked,0,0.0,False
304,2024-01-16T16:34:00,43,128,1,1,19,0,0,1,0,False,sem_relacionamento_bancario,0,no_offer,blocked,0,0.0,False
305,2024-01-16T08:20:00,33,115,4,2,8,0,0,1,0,False,sem_relacionamento_bancario,0,no_offer,blocked,0,0.0,False
306,2024-01-16T14:05:00,29,72,3,2,5,0,0,0,0,False,sem_relacionamento_bancario,0,no_offer,blocked,0,0.0,False
307,2024-01-16T19:16:00,56,129,1,1,32,0,0,0,0,False,sem_relacionamento_bancario,0,no_offer,blocked,0,0.0,False
308,2024-01-16T10:52:00,46,83,4,2,22,0,0,1,1,True,,1,banner_loan_standard,exploitation,0,-0.01,False
309,2024-01-16T17:09:00,43,60,2,3,18,0,0,0,1,True,,1,banner_loan_standard,exploitation,0,-0.01,False
310,2024-01-16T10:16:00,52,155,3,2,26,0,0,1,0,False,sem_relacionamento_bancario,0,no_offer,blocked,0,0.0,False
311,2024-01-16T08:50:00,28,70,3,3,2,0,0,0,1,True,,1,banner_loan_standard,exploitation,0,-0.01,False
312,2024-01-16T20:12:00,59,99,1,1,34,0,0,0,0,False,sem_relacionamento_bancario,0,no_offer,blocked,0,0.0,False
313,2024-01-16T15:31:00,42,72,4,2,17,0,0,0,1,True,,1,banner_loan_standard,exploitation,0,-0.01,False
314,2024-01-16T15:38:00,61,153,1,2,36,1,1,0,1,True,,0,no_offer,exploration,0,0.0,False
315,2024-01-16T17:57:00,40,75,3,1,16,0,0,0,0,False,sem_relacionamento_bancario,0,no_offer,blocked,0,0.0,False
316,2024-01-16T09:53:00,63,149,2,3,37,0,0,1,0,False,sem_relacionamento_bancario,0,no_offer,blocked,0,0.0,False
317,2024-01-16T13:02:00,36,21,1,3,6,1,0,1,0,False,renda_abaixo_minimo,0,no_offer,blocked,0,0.0,False
318,2024-01-16T18:49:00,28,80,3,1,4,0,0,1,0,False,sem_relacionamento_bancario,0,no_offer,blocked,0,0.0,False
319,2024-01-16T19:00:00,44,50,3,1,20,0,0,0,0,False,sem_relacionamento_bancario,0,no_offer,blocked,0,0.0,False
320,2024-01-16T13:43:00,38,24,2,3,12,0,0,1,1,False,renda_abaixo_minimo,0,no_offer,blocked,0,0.0,False
321,2024-01-17T12:29:00,35,34,1,2,11,0,0,0,0,False,sem_relacionamento_bancario,0,no_offer,blocked,0,0.0,False
322,2024-01-17T21:58:00,45,180,3,2,20,0,0,0,0,False,sem_relacionamento_bancario,0,no_offer,blocked,0,0.0,False
323,2024-01-17T16:16:00,51,59,1,1,26,0,0,1,0,False,sem_relacionamento_bancario,0,no_offer,blocked,0,0.0,False
324,2024-01-17T14:14:00,40,109,2,1,16,0,0,1,0,False,sem_relacionamento_bancario,0,no_offer,blocked,0,0.0,False
325,2024-01-17T12:20:00,48,30,3,2,23,0,0,1,0,False,sem_relacionamento_bancario,0,no_offer,blocked,0,0.0,False
326,2024-01-17T14:37:00,32,29,1,3,8,0,0,1,1,True,,1,banner_loan_standard,exploitation,0,-0.01,False
327,2024-01-17T19:33:00,34,89,1,1,9,0,0,1,0,False,sem_relacionamento_bancario,0,no_offer,blocked,0,0.0,False
328,2024-01-17T13:49:00,30,41,1,2,6,0,0,1,0,False,sem_relacionamento_bancario,0,no_offer,blocked,0,0.0,False
329,2024-01-17T09:17:00,66,70,3,1,41,0,0,0,0,False,sem_relacionamento_bancario,0,no_offer,blocked,0,0.0,False
330,2024-01-17T09:51:00,50,38,1,2,25,0,0,0,1,True,,1,banner_loan_standard,exploitation,0,-0.01,False
331,2024-01-17T16:37:00,52,35,4,2,27,0,0,1,0,False,sem_relacionamento_bancario,0,no_offer,blocked,0,0.0,False
332,2024-01-17T21:54:00,58,38,1,1,32,0,0,1,1,True,,1,banner_loan_standard,exploitation,0,-0.01,False
333,2024-01-17T17:50:00,54,85,4,3,29,0,0,1,0,False,sem_relacionamento_bancario,0,no_offer,blocked,0,0.0,False
334,2024-01-17T08:04:00,60,64,3,3,34,0,0,0,0,False,sem_relacionamento_bancario,0,no_offer,blocked,0,0.0,False
335,2024-01-17T20:03:00,33,29,1,3,7,0,0,0,0,False,sem_relacionamento_bancario,0,no_offer,blocked,0,0.0,False
336,2024-01-17T17:55:00,37,111,1,2,13,0,0,0,0,False,sem_relacionamento_bancario,0,no_offer,blocked,0,0.0,False
337,2024-01-17T11:23:00,28,45,2,3,3,0,0,1,1,True,,1,banner_loan_standard,exploitation,0,-0.01,False
338,2024-01-17T20:42:00,42,72,4,2,17,0,0,0,1,True,,1,banner_loan_standard,exploration,0,-0.01,False
339,2024-01-17T18:47:00,53,60,1,1,27,0,0,1,0,False,sem_relacionamento_bancario,0,no_offer,blocked,0,0.0,False
340,2024-01-17T18:50:00,48,94,4,3,22,0,0,1,0,False,sem_relacionamento_bancario,0,no_offer,blocked,0,0.0,False
341,2024-01-18T18:53:00,41,154,1,1,16,0,0,0,1,True,,1,banner_loan_standard,exploitation,0,-0.01,False
342,2024-01-18T15:03:00,33,50,1,2,9,0,0,0,0,False,sem_relacionamento_bancario,0,no_offer,blocked,0,0.0,False
343,2024-01-18T15:03:00,39,104,3,1,14,0,0,1,0,False,sem_relacionamento_bancario,0,no_offer,blocked,0,0.0,False
344,2024-01-18T15:24:00,50,38,4,2,26,0,0,1,0,False,sem_relacionamento_bancario,0,no_offer,blocked,0,0.0,False
345,2024-01-18T20:31:00,55,73,2,3,29,0,0,1,1,True,,1,banner_loan_standard,exploitation,0,-0.01,False
346,2024-01-18T12:04:00,27,30,4,3,0,0,0,1,1,True,,1,banner_loan_standard,exploration,0,-0.01,False
347,2024-01-18T09:27:00,37,78,4,2,13,0,0,1,0,False,sem_relacionamento_bancario,0,no_offer,blocked,0,0.0,False
348,2024-01-18T13:00:00,34,70,4,1,9,1,0,0,0,True,,1,banner_loan_standard,exploitation,1,1.0,False
349,2024-01-18T21:33:00,41,158,1,2,15,1,1,0,1,True,,1,banner_loan_standard,exploitation,1,1.0,False
350,2024-01-18T08:13:00,59,23,4,2,34,0,0,0,0,False,renda_abaixo_minimo,0,no_offer,blocked,0,0.0,False
351,2024-01-18T17:44:00,29,182,1,3,4,0,0,1,0,False,sem_relacionamento_bancario,0,no_offer,blocked,0,0.0,False
352,2024-01-18T18:08:00,60,135,3,3,35,0,0,1,0,False,sem_relacionamento_bancario,0,no_offer,blocked,0,0.0,False
353,2024-01-18T16:21:00,36,109,3,3,12,1,1,1,0,True,,0,no_offer,exploration,0,0.0,False
354,2024-01-18T20:16:00,57,74,4,1,32,0,0,0,1,True,,1,banner_loan_standard,exploration,0,-0.01,False
355,2024-01-18T08:34:00,56,101,3,2,30,0,0,0,1,True,,1,banner_loan_standard,exploitation,0,-0.01,False
356,2024-01-18T20:51:00,57,174,1,2,32,0,0,1,0,False,sem_relacionamento_bancario,0,no_offer,blocked,0,0.0,False
357,2024-01-18T13:13:00,37,60,2,1,11,0,0,0,1,True,,1,banner_loan_standard,exploitation,0,-0.01,False
358,2024-01-18T17:27:00,42,28,1,3,17,0,0,0,0,False,sem_relacionamento_bancario,0,no_offer,blocked,0,0.0,False
359,2024-01-18T14:13:00,37,169,2,3,12,0,0,1,0,False,sem_relacionamento_bancario,0,no_offer,blocked,0,0.0,False
360,2024-01-18T21:58:00,54,70,3,2,29,0,0,1,1,True,,1,banner_loan_standard,exploitation,0,-0.01,False
361,2024-01-19T15:50:00,40,44,3,3,10,0,0,1,0,False,sem_relacionamento_bancario,0,no_offer,blocked,0,0.0,False
362,2024-01-19T14:02:00,58,60,4,3,33,0,0,1,0,False,sem_relacionamento_bancario,0,no_offer,blocked,0,0.0,False
363,2024-01-19T14:45:00,38,39,2,1,12,0,0,1,0,False,sem_relacionamento_bancario,0,no_offer,blocked,0,0.0,False
364,2024-01-19T18:46:00,46,64,4,1,20,0,0,0,0,False,sem_relacionamento_bancario,0,no_offer,blocked,0,0.0,False
365,2024-01-19T19:44:00,31,128,1,1,7,0,0,0,0,False,sem_relacionamento_bancario,0,no_offer,blocked,0,0.0,False
366,2024-01-19T10:14:00,60,54,4,3,36,1,0,0,0,True,,1,banner_loan_standard,exploitation,0,-0.01,False
367,2024-01-19T16:54:00,43,59,1,3,18,0,0,1,0,False,sem_relacionamento_bancario,0,no_offer,blocked,0,0.0,False
368,2024-01-19T16:16:00,35,182,1,2,10,0,1,1,1,True,,1,banner_loan_standard,exploitation,1,1.0,False
369,2024-01-19T14:21:00,56,65,2,1,31,0,0,1,0,False,sem_relacionamento_bancario,0,no_offer,blocked,0,0.0,False
370,2024-01-19T17:43:00,40,115,1,1,16,0,0,1,0,False,sem_relacionamento_bancario,0,no_offer,blocked,0,0.0,False
371,2024-01-19T16:16:00,61,61,1,1,35,0,0,0,0,False,sem_relacionamento_bancario,0,no_offer,blocked,0,0.0,False
372,2024-01-19T20:19:00,34,62,3,1,9,0,0,0,0,False,sem_relacionamento_bancario,0,no_offer,blocked,0,0.0,False
373,2024-01-19T16:03:00,54,195,2,2,27,0,0,0,0,False,sem_relacionamento_bancario,0,no_offer,blocked,0,0.0,False
374,2024-01-19T17:02:00,64,20,3,3,39,0,0,0,0,False,renda_abaixo_minimo,0,no_offer,blocked,0,0.0,False
375,2024-01-19T11:46:00,38,74,1,2,14,0,0,1,1,True,,1,banner_loan_standard,exploitation,0,-0.01,False
376,2024-01-19T13:33:00,60,64,3,1,34,0,0,1,0,False,sem_relacionamento_bancario,0,no_offer,blocked,0,0.0,False
377,2024-01-19T15:39:00,34,75,2,1,8,0,0,0,0,False,sem_relacionamento_bancario,0,no_offer,blocked,0,0.0,False
378,2024-01-19T08:43:00,46,204,2,1,21,0,0,1,0,False,sem_relacionamento_bancario,0,no_offer,blocked,0,0.0,False
379,2024-01-19T10:41:00,47,132,1,1,21,0,0,1,0,False,sem_relacionamento_bancario,0,no_offer,blocked,0,0.0,False
380,2024-01-19T16:36:00,66,145,1,1,41,0,0,1,0,False,sem_relacionamento_bancario,0,no_offer,blocked,0,0.0,False
381,2024-01-20T13:51:00,44,74,4,3,19,0,0,0,0,False,sem_relacionamento_bancario,0,no_offer,blocked,0,0.0,False
382,2024-01-20T17:33:00,43,19,2,2,18,0,0,1,0,False,renda_abaixo_minimo,0,no_offer,blocked,0,0.0,False
383,2024-01-20T18:55:00,58,41,4,1,34,0,0,1,0,False,sem_relacionamento_bancario,0,no_offer,blocked,0,0.0,False
384,2024-01-20T18:44:00,42,65,3,3,16,0,0,1,0,False,sem_relacionamento_bancario,0,no_offer,blocked,0,0.0,False
385,2024-01-20T13:36:00,50,82,1,3,25,0,0,1,0,False,sem_relacionamento_bancario,0,no_offer,blocked,0,0.0,False
386,2024-01-20T12:05:00,62,115,4,2,37,0,0,1,1,True,,1,banner_loan_standard,exploitation,1,1.0,False
387,2024-01-20T21:10:00,50,44,1,1,25,0,0,1,1,True,,1,banner_loan_standard,exploitation,0,-0.01,False
388,2024-01-20T21:29:00,46,52,2,3,22,0,0,0,0,False,sem_relacionamento_bancario,0,no_offer,blocked,0,0.0,False
389,2024-01-20T15:54:00,44,35,4,2,19,0,0,1,0,False,sem_relacionamento_bancario,0,no_offer,blocked,0,0.0,False
390,2024-01-20T15:36:00,57,74,4,1,32,0,0,0,1,True,,1,banner_loan_standard,exploitation,1,1.0,False
391,2024-01-20T11:23:00,61,81,4,2,35,0,0,0,0,False,sem_relacionamento_bancario,0,no_offer,blocked,0,0.0,False
392,2024-01-20T13:01:00,27,33,4,3,0,0,0,0,0,False,sem_relacionamento_bancario,0,no_offer,blocked,0,0.0,False
393,2024-01-20T13:53:00,62,89,2,1,36,0,0,1,1,True,,1,banner_loan_standard,exploitation,0,-0.01,False
394,2024-01-20T08:29:00,30,178,2,1,5,0,0,0,0,False,sem_relacionamento_bancario,0,no_offer,blocked,0,0.0,False
395,2024-01-20T15:37:00,41,33,4,2,16,0,0,1,0,False,sem_relacionamento_bancario,0,no_offer,blocked,0,0.0,False
396,2024-01-20T10:56:00,50,29,2,1,25,0,0,0,0,False,sem_relacionamento_bancario,0,no_offer,blocked,0,0.0,False
397,2024-01-20T17:50:00,33,58,4,1,8,1,0,0,0,True,,1,banner_loan_standard,exploitation,0,-0.01,False
398,2024-01-20T20:43:00,37,194,2,1,11,0,0,0,0,False,sem_relacionamento_bancario,0,no_offer,blocked,0,0.0,False
399,2024-01-20T11:18:00,46,118,1,1,22,0,0,0,1,True,,1,banner_loan_standard,exploitation,0,-0.01,False
400,2024-01-20T11:32:00,49,82,1,2,22,0,0,1,0,False,sem_relacionamento_bancario,0,no_offer,blocked,0,0.0,False
401,2024-01-21T08:25:00,53,92,2,1,27,1,0,0,0,True,,1,banner_loan_standard,exploitation,0,-0.01,False
402,2024-01-21T21:37:00,37,22,3,2,11,0,0,1,1,False,renda_abaixo_minimo,0,no_offer,blocked,0,0.0,False
403,2024-01-21T11:12:00,43,70,3,1,19,1,0,0,0,True,,1,banner_loan_standard,exploitation,0,-0.01,False
404,2024-01-21T09:55:00,64,143,2,3,38,1,1,1,0,True,,1,banner_loan_standard,exploitation,1,1.0,False
405,2024-01-21T17:43:00,33,122,1,1,8,0,0,1,1,True,,0,no_offer,exploration,0,0.0,False
406,2024-01-21T09:12:00,33,50,1,2,9,0,0,0,0,False,sem_relacionamento_bancario,0,no_offer,blocked,0,0.0,False
407,2024-01-21T12:08:00,28,43,1,2,4,0,0,1,1,True,,1,banner_loan_standard,exploitation,1,1.0,False
408,2024-01-21T15:37:00,25,101,4,3,-1,0,0,0,1,True,,1,banner_loan_standard,exploitation,0,-0.01,False
409,2024-01-21T08:04:00,39,85,3,3,14,0,0,1,1,True,,1,banner_loan_standard,exploitation,0,-0.01,False
410,2024-01-21T21:59:00,58,178,2,2,31,0,0,1,0,False,sem_relacionamento_bancario,0,no_offer,blocked,0,0.0,False
411,2024-01-21T15:10:00,52,78,3,2,26,0,0,0,1,True,,1,banner_loan_standard,exploitation,0,-0.01,False
412,2024-01-21T16:33:00,36,21,1,3,6,1,0,1,0,False,renda_abaixo_minimo,0,no_offer,blocked,0,0.0,False
413,2024-01-21T19:34:00,59,52,2,3,34,0,0,1,0,False,sem_relacionamento_bancario,0,no_offer,blocked,0,0.0,False
414,2024-01-21T10:00:00,32,32,2,1,6,0,0,0,0,False,sem_relacionamento_bancario,0,no_offer,blocked,0,0.0,False
415,2024-01-21T15:21:00,56,98,3,3,32,0,0,0,0,False,sem_relacionamento_bancario,0,no_offer,blocked,0,0.0,False
416,2024-01-21T19:28:00,50,14,2,3,25,1,0,1,0,False,renda_abaixo_minimo,0,no_offer,blocked,0,0.0,False
417,2024-01-21T12:13:00,36,83,1,3,10,0,0,0,1,True,,0,no_offer,exploration,0,0.0,False
418,2024-01-21T19:29:00,51,15,2,1,26,0,0,1,0,False,renda_abaixo_minimo,0,no_offer,blocked,0,0.0,False
419,2024-01-21T10:58:00,42,79,1,3,17,1,0,0,1,True,,1,banner_loan_standard,exploitation,0,-0.01,False
420,2024-01-21T21:25:00,49,13,2,1,24,0,0,1,0,False,renda_abaixo_minimo,0,no_offer,blocked,0,0.0,False
421,2024-01-22T21:03:00,63,185,2,2,37,0,0,1,0,False,sem_relacionamento_bancario,0,no_offer,blocked,0,0.0,False
422,2024-01-22T09:39:00,45,39,2,3,21,0,0,0,1,True,,1,banner_loan_standard,exploitation,0,-0.01,False
423,2024-01-22T15:38:00,52,101,2,2,26,0,0,1,0,False,sem_relacionamento_bancario,0,no_offer,blocked,0,0.0,False
424,2024-01-22T15:13:00,35,44,3,1,9,0,0,0,0,False,sem_relacionamento_bancario,0,no_offer,blocked,0,0.0,False
425,2024-01-22T10:37:00,51,10,2,1,27,0,0,0,0,False,renda_abaixo_minimo,0,no_offer,blocked,0,0.0,False
426,2024-01-22T08:22:00,45,152,2,1,21,0,0,1,0,False,sem_relacionamento_bancario,0,no_offer,blocked,0,0.0,False
427,2024-01-22T08:24:00,50,38,4,2,26,0,0,1,0,False,sem_relacionamento_bancario,0,no_offer,blocked,0,0.0,False
428,2024-01-22T08:32:00,59,110,3,1,33,0,0,1,0,False,sem_relacionamento_bancario,0,no_offer,blocked,0,0.0,False
429,2024-01-22T14:01:00,54,24,4,1,30,1,0,0,0,False,renda_abaixo_minimo,0,no_offer,blocked,0,0.0,False
430,2024-01-22T21:52:00,44,30,1,3,19,0,0,1,0,False,sem_relacionamento_bancario,0,no_offer,blocked,0,0.0,False
431,2024-01-22T15:39:00,33,155,1,3,8,0,0,0,0,False,sem_relacionamento_bancario,0,no_offer,blocked,0,0.0,False
432,2024-01-22T10:38:00,54,48,1,1,28,0,0,1,0,False,sem_relacionamento_bancario,0,no_offer,blocked,0,0.0,False
433,2024-01-22T10:05:00,63,153,1,1,38,0,0,0,0,False,sem_relacionamento_bancario,0,no_offer,blocked,0,0.0,False
434,2024-01-22T13:02:00,46,71,4,3,21,0,0,0,0,False,sem_relacionamento_bancario,0,no_offer,blocked,0,0.0,False
435,2024-01-22T11:14:00,28,70,4,1,3,0,0,0,1,True,,1,banner_loan_standard,exploitation,0,-0.01,False
436,2024-01-22T21:38:00,59,30,1,1,34,0,0,1,1,True,,1,banner_loan_standard,exploitation,0,-0.01,False
437,2024-01-22T16:32:00,44,48,3,3,19,0,0,0,1,True,,1,banner_loan_standard,exploitation,0,-0.01,False
438,2024-01-22T08:03:00,63,79,4,2,39,0,0,1,1,True,,1,banner_loan_standard,exploitation,0,-0.01,False
439,2024-01-22T18:09:00,60,65,2,1,35,0,0,0,1,True,,1,banner_loan_standard,exploitation,0,-0.01,False
440,2024-01-22T11:44:00,40,34,1,1,16,0,0,1,1,True,,1,banner_loan_standard,exploitation,0,-0.01,False
441,2024-01-23T15:04:00,50,48,1,2,26,0,0,0,1,True,,1,banner_loan_standard,exploration,0,-0.01,False
442,2024-01-23T20:46:00,49,18,1,3,24,0,0,1,0,False,renda_abaixo_minimo,0,no_offer,blocked,0,0.0,False
443,2024-01-23T18:30:00,33,80,4,1,9,0,0,1,1,True,,1,banner_loan_standard,exploitation,0,-0.01,False
444,2024-01-23T17:42:00,64,92,2,3,40,1,0,1,0,True,,1,banner_loan_standard,exploitation,0,-0.01,False
445,2024-01-23T18:04:00,38,21,1,3,8,0,0,1,0,False,renda_abaixo_minimo,0,no_offer,blocked,0,0.0,False
446,2024-01-23T15:37:00,60,130,3,3,35,0,1,1,1,True,,1,banner_loan_standard,exploitation,0,-0.01,False
447,2024-01-23T17:45:00,43,84,4,3,17,1,1,1,1,True,,1,banner_loan_standard,exploitation,0,-0.01,False
448,2024-01-23T15:17:00,59,80,3,1,34,0,0,1,1,True,,1,banner_loan_standard,exploitation,0,-0.01,False
449,2024-01-23T16:32:00,30,30,4,1,5,0,0,1,0,False,sem_relacionamento_bancario,0,no_offer,blocked,0,0.0,False
450,2024-01-23T15:59:00,61,30,3,2,36,0,0,0,0,False,sem_relacionamento_bancario,0,no_offer,blocked,0,0.0,False
451,2024-01-23T18:11:00,56,78,3,2,30,0,0,0,0,False,sem_relacionamento_bancario,0,no_offer,blocked,0,0.0,False
452,2024-01-23T19:35:00,53,141,2,3,29,0,0,0,0,False,sem_relacionamento_bancario,0,no_offer,blocked,0,0.0,False
453,2024-01-23T11:04:00,49,115,3,3,23,0,0,0,0,False,sem_relacionamento_bancario,0,no_offer,blocked,0,0.0,False
454,2024-01-23T17:48:00,50,192,2,1,25,0,0,0,1,True,,1,banner_loan_standard,exploitation,0,-0.01,False
455,2024-01-23T13:50:00,39,59,4,3,13,1,0,0,1,True,,1,banner_loan_standard,exploitation,0,-0.01,False
456,2024-01-23T13:10:00,46,44,1,1,21,1,0,1,0,True,,1,banner_loan_standard,exploitation,0,-0.01,False
457,2024-01-23T14:00:00,40,61,3,3,16,0,0,0,0,False,sem_relacionamento_bancario,0,no_offer,blocked,0,0.0,False
458,2024-01-23T21:36:00,29,172,4,1,3,0,0,0,0,False,sem_relacionamento_bancario,0,no_offer,blocked,0,0.0,False
459,2024-01-23T12:25:00,44,72,3,3,20,0,0,1,0,False,sem_relacionamento_bancario,0,no_offer,blocked,0,0.0,False
460,2024-01-23T21:35:00,43,32,3,2,19,0,0,0,0,False,sem_relacionamento_bancario,0,no_offer,blocked,0,0.0,False
461,2024-01-24T08:53:00,36,45,4,1,10,0,0,0,1,True,,0,no_offer,exploration,0,0.0,False
462,2024-01-24T14:50:00,29,134,2,1,4,0,0,0,0,False,sem_relacionamento_bancario,0,no_offer,blocked,0,0.0,False
463,2024-01-24T16:52:00,54,93,1,1,28,0,1,1,1,True,,1,banner_loan_standard,exploitation,0,-0.01,False
464,2024-01-24T12:25:00,39,143,1,1,15,0,0,1,1,True,,1,banner_loan_standard,exploitation,0,-0.01,False
465,2024-01-24T16:25:00,39,74,1,2,14,1,0,1,0,True,,1,banner_loan_standard,exploitation,0,-0.01,False
466,2024-01-24T18:37:00,33,44,1,1,7,0,0,0,0,False,sem_relacionamento_bancario,0,no_offer,blocked,0,0.0,False
467,2024-01-24T09:06:00,39,22,2,2,14,0,0,1,0,False,renda_abaixo_minimo,0,no_offer,blocked,0,0.0,False
468,2024-01-24T08:42:00,57,52,4,1,31,0,0,0,1,True,,1,banner_loan_standard,exploitation,0,-0.01,False
469,2024-01-24T10:53:00,38,84,3,3,13,0,0,1,1,True,,0,no_offer,exploration,0,0.0,False
470,2024-01-24T15:24:00,39,100,1,2,15,0,0,1,0,False,sem_relacionamento_bancario,0,no_offer,blocked,0,0.0,False
471,2024-01-24T14:51:00,59,61,1,3,29,0,0,0,0,False,sem_relacionamento_bancario,0,no_offer,blocked,0,0.0,False
472,2024-01-24T13:52:00,30,30,3,1,4,0,0,1,0,False,sem_relacionamento_bancario,0,no_offer,blocked,0,0.0,False
473,2024-01-24T15:32:00,57,182,2,3,33,0,0,0,0,False,sem_relacionamento_bancario,0,no_offer,blocked,0,0.0,False
474,2024-01-24T13:25:00,60,155,1,3,35,0,0,0,1,True,,1,banner_loan_standard,exploitation,0,-0.01,False
475,2024-01-24T08:06:00,44,160,2,1,20,1,0,0,0,True,,0,no_offer,exploration,0,0.0,False
476,2024-01-24T08:19:00,40,22,2,2,15,0,0,1,1,False,renda_abaixo_minimo,0,no_offer,blocked,0,0.0,False
477,2024-01-24T16:48:00,46,105,4,1,20,0,0,0,0,False,sem_relacionamento_bancario,0,no_offer,blocked,0,0.0,False
478,2024-01-24T20:39:00,49,130,4,1,24,0,1,1,0,True,,1,banner_loan_standard,exploitation,0,-0.01,False
479,2024-01-24T20:29:00,30,44,1,3,6,0,0,0,1,True,,1,banner_loan_standard,exploitation,0,-0.01,False
480,2024-01-24T14:50:00,47,71,4,1,21,0,0,1,0,False,sem_relacionamento_bancario,0,no_offer,blocked,0,0.0,False
481,2024-01-25T18:55:00,40,61,3,3,14,0,0,1,0,False,sem_relacionamento_bancario,0,no_offer,blocked,0,0.0,False
482,2024-01-25T10:31:00,43,60,2,3,18,0,0,0,0,False,sem_relacionamento_bancario,0,no_offer,blocked,0,0.0,False
483,2024-01-25T20:29:00,50,48,4,3,26,0,0,0,1,True,,1,banner_loan_standard,exploitation,0,-0.01,False
484,2024-01-25T15:18:00,30,204,2,1,4,0,0,1,0,False,sem_relacionamento_bancario,0,no_offer,blocked,0,0.0,False
485,2024-01-25T09:00:00,25,112,2,1,-1,0,0,1,0,False,sem_relacionamento_bancario,0,no_offer,blocked,0,0.0,False
486,2024-01-25T21:50:00,46,34,1,1,21,0,0,1,0,False,sem_relacionamento_bancario,0,no_offer,blocked,0,0.0,False
487,2024-01-25T19:48:00,25,48,3,3,-1,0,0,0,1,True,,1,banner_loan_standard,exploitation,0,-0.01,False
488,2024-01-25T09:29:00,62,125,1,3,37,0,0,1,0,False,sem_relacionamento_bancario,0,no_offer,blocked,0,0.0,False
489,2024-01-25T08:07:00,48,35,1,1,23,1,0,1,0,True,,1,banner_loan_standard,exploitation,0,-0.01,False
490,2024-01-25T20:54:00,61,21,4,2,36,0,0,0,0,False,renda_abaixo_minimo,0,no_offer,blocked,0,0.0,False
491,2024-01-25T14:02:00,38,89,4,2,12,0,0,0,0,False,sem_relacionamento_bancario,0,no_offer,blocked,0,0.0,False
492,2024-01-25T21:33:00,29,44,3,2,5,0,0,1,1,True,,1,banner_loan_standard,exploitation,0,-0.01,False
493,2024-01-25T19:32:00,30,154,2,1,4,0,0,1,0,False,sem_relacionamento_bancario,0,no_offer,blocked,0,0.0,False
494,2024-01-25T14:28:00,59,60,1,2,35,0,0,1,1,True,,1,banner_loan_standard,exploration,0,-0.01,False
495,2024-01-25T10:23:00,44,81,4,1,20,0,0,0,1,True,,1,banner_loan_standard,exploitation,0,-0.01,False
496,2024-01-25T20:07:00,52,110,2,3,26,1,1,1,0,True,,0,no_offer,exploration,0,0.0,False
497,2024-01-25T13:56:00,48,23,4,2,23,0,0,0,0,False,renda_abaixo_minimo,0,no_offer,blocked,0,0.0,False
498,2024-01-25T12:02:00,64,131,1,1,40,0,0,0,0,False,sem_relacionamento_bancario,0,no_offer,blocked,0,0.0,False
499,2024-01-25T10:32:00,29,14,4,3,4,0,0,0,1,False,renda_abaixo_minimo,0,no_offer,blocked,0,0.0,False
500,2024-01-25T19:46:00,56,195,1,1,30,0,0,0,0,False,sem_relacionamento_bancario,0,no_offer,blocked,0,0.0,False
501,2024-01-26T15:33:00,54,40,2,3,30,0,0,0,0,False,sem_relacionamento_bancario,0,no_offer,blocked,0,0.0,False
502,2024-01-26T15:45:00,28,48,4,3,2,0,0,1,1,True,,1,banner_loan_standard,exploitation,0,-0.01,False
503,2024-01-26T18:15:00,35,41,1,2,11,0,0,0,0,False,sem_relacionamento_bancario,0,no_offer,blocked,0,0.0,False
504,2024-01-26T11:51:00,61,10,4,2,36,0,0,1,0,False,renda_abaixo_minimo,0,no_offer,blocked,0,0.0,False
505,2024-01-26T14:47:00,47,61,3,2,22,0,0,1,1,True,,1,banner_loan_standard,exploitation,0,-0.01,False
506,2024-01-26T14:20:00,61,41,1,1,37,0,0,1,1,True,,1,banner_loan_standard,exploration,1,1.0,False
507,2024-01-26T10:47:00,44,154,2,1,19,0,0,1,0,False,sem_relacionamento_bancario,0,no_offer,blocked,0,0.0,False
508,2024-01-26T20:18:00,44,85,2,1,20,0,0,1,0,False,sem_relacionamento_bancario,0,no_offer,blocked,0,0.0,False
509,2024-01-26T09:00:00,62,41,2,3,36,1,0,1,0,True,,1,banner_loan_standard,exploitation,0,-0.01,False
510,2024-01-26T17:01:00,63,84,4,3,37,0,0,1,1,True,,1,banner_loan_standard,exploitation,0,-0.01,False
511,2024-01-26T10:22:00,34,52,4,2,8,0,0,0,0,False,sem_relacionamento_bancario,0,no_offer,blocked,0,0.0,False
512,2024-01-26T14:11:00,33,78,3,2,8,0,0,1,0,False,sem_relacionamento_bancario,0,no_offer,blocked,0,0.0,False
513,2024-01-26T11:04:00,64,21,1,2,38,0,0,0,1,False,renda_abaixo_minimo,0,no_offer,blocked,0,0.0,False
514,2024-01-26T12:37:00,55,62,4,1,31,0,0,1,0,False,sem_relacionamento_bancario,0,no_offer,blocked,0,0.0,False
515,2024-01-26T21:08:00,40,143,1,1,15,0,0,1,0,False,sem_relacionamento_bancario,0,no_offer,blocked,0,0.0,False
516,2024-01-26T11:57:00,54,49,2,3,29,0,0,1,1,True,,1,banner_loan_standard,exploitation,0,-0.01,False
517,2024-01-26T17:29:00,54,155,1,1,28,0,0,1,1,True,,1,banner_loan_standard,exploitation,0,-0.01,False
518,2024-01-26T15:58:00,50,110,3,2,26,0,0,1,0,False,sem_relacionamento_bancario,0,no_offer,blocked,0,0.0,False
519,2024-01-26T21:22:00,35,29,3,1,9,0,0,1,0,False,sem_relacionamento_bancario,0,no_offer,blocked,0,0.0,False
520,2024-01-26T08:49:00,42,95,3,3,17,0,0,0,0,False,sem_relacionamento_bancario,0,no_offer,blocked,0,0.0,False
521,2024-01-27T10:16:00,52,72,1,3,28,0,0,1,0,False,sem_relacionamento_bancario,0,no_offer,blocked,0,0.0,False
522,2024-01-27T21:08:00,46,53,2,1,22,0,0,0,0,False,sem_relacionamento_bancario,0,no_offer,blocked,0,0.0,False
523,2024-01-27T15:01:00,59,88,4,2,33,0,0,0,0,False,sem_relacionamento_bancario,0,no_offer,blocked,0,0.0,False
524,2024-01-27T20:24:00,34,171,2,2,8,0,0,1,0,False,sem_relacionamento_bancario,0,no_offer,blocked,0,0.0,False
525,2024-01-27T14:08:00,59,53,4,3,35,0,0,1,0,False,sem_relacionamento_bancario,0,no_offer,blocked,0,0.0,False
526,2024-01-27T21:03:00,44,124,1,1,20,0,0,1,1,True,,0,no_offer,exploration,0,0.0,False
527,2024-01-27T17:57:00,48,78,3,1,22,0,0,1,0,False,sem_relacionamento_bancario,0,no_offer,blocked,0,0.0,False
528,2024-01-27T12:10:00,43,78,3,2,16,0,0,1,1,True,,1,banner_loan_standard,exploitation,0,-0.01,False
529,2024-01-27T17:35:00,46,74,3,2,20,0,0,1,1,True,,1,banner_loan_standard,exploitation,0,-0.01,False
530,2024-01-27T12:24:00,42,49,2,1,18,0,0,0,1,True,,1,banner_loan_standard,exploitation,1,1.0,False
531,2024-01-27T13:57:00,61,62,1,2,37,0,0,1,0,False,sem_relacionamento_bancario,0,no_offer,blocked,0,0.0,False
532,2024-01-27T19:22:00,55,145,2,3,30,0,0,1,0,False,sem_relacionamento_bancario,0,no_offer,blocked,0,0.0,False
533,2024-01-27T16:30:00,45,81,3,2,18,0,0,1,1,True,,1,banner_loan_standard,exploration,0,-0.01,False
534,2024-01-27T19:44:00,42,45,1,1,18,1,0,1,0,True,,1,banner_loan_standard,exploitation,0,-0.01,False
535,2024-01-27T16:52:00,40,78,1,1,14,0,0,1,0,False,sem_relacionamento_bancario,0,no_offer,blocked,0,0.0,False
536,2024-01-27T08:25:00,25,44,4,2,0,0,0,0,1,True,,0,no_offer,exploration,0,0.0,False
537,2024-01-27T12:27:00,62,42,3,1,37,0,0,1,0,False,sem_relacionamento_bancario,0,no_offer,blocked,0,0.0,False
538,2024-01-27T21:57:00,26,129,3,2,0,0,0,0,0,False,sem_relacionamento_bancario,0,no_offer,blocked,0,0.0,False
539,2024-01-27T21:01:00,60,60,3,1,34,0,0,1,0,False,sem_relacionamento_bancario,0,no_offer,blocked,0,0.0,False
540,2024-01-27T08:50:00,47,81,4,3,22,0,0,1,1,True,,0,no_offer,exploration,0,0.0,False
541,2024-01-28T17:28:00,41,83,4,1,17,0,0,1,1,True,,0,no_offer,exploration,0,0.0,False
542,2024-01-28T11:48:00,57,80,3,3,32,0,0,1,1,True,,1,banner_loan_standard,exploitation,0,-0.01,False
543,2024-01-28T13:33:00,62,174,1,1,38,0,0,1,1,True,,1,banner_loan_standard,exploitation,0,-0.01,False
544,2024-01-28T14:46:00,36,72,1,1,11,0,0,0,0,False,sem_relacionamento_bancario,0,no_offer,blocked,0,0.0,False
545,2024-01-28T15:32:00,35,41,2,2,8,0,0,1,1,True,,1,banner_loan_standard,exploitation,0,-0.01,False
546,2024-01-28T17:35:00,41,34,1,1,17,0,0,0,0,False,sem_relacionamento_bancario,0,no_offer,blocked,0,0.0,False
547,2024-01-28T11:18:00,58,31,4,1,34,0,0,0,0,False,sem_relacionamento_bancario,0,no_offer,blocked,0,0.0,False
548,2024-01-28T10:51:00,49,71,1,3,23,0,0,0,0,False,sem_relacionamento_bancario,0,no_offer,blocked,0,0.0,False
549,2024-01-28T18:16:00,25,40,3,2,-1,0,0,1,0,False,sem_relacionamento_bancario,0,no_offer,blocked,0,0.0,False
550,2024-01-28T21:58:00,39,24,1,1,15,0,0,1,1,False,renda_abaixo_minimo,0,no_offer,blocked,0,0.0,False
551,2024-01-28T17:01:00,52,28,2,2,26,0,0,1,1,True,,1,banner_loan_standard,exploitation,0,-0.01,False
552,2024-01-28T15:16:00,47,122,1,3,22,1,0,0,0,True,,0,no_offer,exploration,0,0.0,False
553,2024-01-28T08:24:00,45,93,4,3,19,0,0,0,0,False,sem_relacionamento_bancario,0,no_offer,blocked,0,0.0,False
554,2024-01-28T16:38:00,31,25,2,2,7,1,1,1,1,True,,1,banner_loan_standard,exploitation,0,-0.01,False
555,2024-01-28T19:50:00,39,41,2,1,13,0,0,1,1,True,,1,banner_loan_standard,exploration,0,-0.01,False
556,2024-01-28T21:37:00,35,51,4,2,9,0,0,1,0,False,sem_relacionamento_bancario,0,no_offer,blocked,0,0.0,False
557,2024-01-28T09:11:00,34,22,1,3,10,0,0,0,0,False,renda_abaixo_minimo,0,no_offer,blocked,0,0.0,False
558,2024-01-28T18:48:00,48,139,1,1,22,0,1,1,1,True,,1,banner_loan_standard,exploitation,1,1.0,False
559,2024-01-28T20:16:00,58,42,2,3,33,0,0,1,0,False,sem_relacionamento_bancario,0,no_offer,blocked,0,0.0,False
560,2024-01-28T17:56:00,36,89,2,1,12,0,0,0,0,False,sem_relacionamento_bancario,0,no_offer,blocked,0,0.0,False
561,2024-01-29T14:48:00,64,75,3,3,40,0,0,1,0,False,sem_relacionamento_bancario,0,no_offer,blocked,0,0.0,False
562,2024-01-29T19:15:00,64,21,1,2,38,0,0,0,1,False,renda_abaixo_minimo,0,no_offer,blocked,0,0.0,False
563,2024-01-29T15:18:00,56,13,4,2,31,0,1,1,1,False,renda_abaixo_minimo,0,no_offer,blocked,0,0.0,False
564,2024-01-29T14:36:00,43,83,4,3,19,0,0,0,1,True,,1,banner_loan_standard,exploitation,0,-0.01,False
565,2024-01-29T13:15:00,31,128,1,1,7,0,0,0,0,False,sem_relacionamento_bancario,0,no_offer,blocked,0,0.0,False
566,2024-01-29T13:07:00,41,49,4,2,17,0,0,0,0,False,sem_relacionamento_bancario,0,no_offer,blocked,0,0.0,False
567,2024-01-29T16:17:00,60,52,3,2,35,0,0,0,0,False,sem_relacionamento_bancario,0,no_offer,blocked,0,0.0,False
568,2024-01-29T17:40:00,45,40,1,3,20,1,0,1,0,True,,1,banner_loan_standard,exploitation,0,-0.01,False
569,2024-01-29T20:25:00,47,141,1,1,21,0,0,0,0,False,sem_relacionamento_bancario,0,no_offer,blocked,0,0.0,False
570,2024-01-29T17:15:00,34,83,2,2,10,0,0,0,0,False,sem_relacionamento_bancario,0,no_offer,blocked,0,0.0,False
571,2024-01-29T12:21:00,51,71,1,2,27,0,0,0,1,True,,1,banner_loan_standard,exploitation,0,-0.01,False
572,2024-01-29T12:06:00,47,58,4,3,22,0,0,1,1,True,,1,banner_loan_standard,exploitation,1,1.0,False
573,2024-01-29T16:50:00,64,29,3,2,38,0,0,1,0,False,sem_relacionamento_bancario,0,no_offer,blocked,0,0.0,False
574,2024-01-29T15:49:00,28,173,2,1,3,0,0,1,0,False,sem_relacionamento_bancario,0,no_offer,blocked,0,0.0,False
575,2024-01-29T18:22:00,47,38,4,3,22,0,0,1,0,False,sem_relacionamento_bancario,0,no_offer,blocked,0,0.0,False
576,2024-01-29T20:17:00,43,55,1,1,17,0,0,1,0,False,sem_relacionamento_bancario,0,no_offer,blocked,0,0.0,False
577,2024-01-29T21:51:00,44,71,2,3,18,0,0,1,0,False,sem_relacionamento_bancario,0,no_offer,blocked,0,0.0,False
578,2024-01-29T17:38:00,53,62,3,2,27,1,0,0,0,True,,1,banner_loan_standard,exploitation,0,-0.01,False
579,2024-01-29T15:34:00,48,41,1,3,23,0,0,0,1,True,,0,no_offer,exploration,0,0.0,False
580,2024-01-29T19:59:00,42,65,3,3,16,0,0,1,0,False,sem_relacionamento_bancario,0,no_offer,blocked,0,0.0,False
581,2024-01-30T18:39:00,32,35,3,1,7,0,0,0,1,True,,1,banner_loan_standard,exploitation,0,-0.01,False
582,2024-01-30T14:14:00,62,174,1,1,38,0,0,1,1,True,,1,banner_loan_standard,exploitation,0,-0.01,False
583,2024-01-30T13:24:00,45,33,3,1,21,0,1,1,1,True,,1,banner_loan_standard,exploitation,0,-0.01,False
584,2024-01-30T20:17:00,32,70,3,1,8,0,0,1,0,False,sem_relacionamento_bancario,0,no_offer,blocked,0,0.0,False
585,2024-01-30T08:15:00,61,155,1,1,37,0,0,1,0,False,sem_relacionamento_bancario,0,no_offer,blocked,0,0.0,False
586,2024-01-30T20:41:00,61,81,4,2,35,0,0,0,0,False,sem_relacionamento_bancario,0,no_offer,blocked,0,0.0,False
587,2024-01-30T10:41:00,41,48,3,3,17,0,0,1,1,True,,1,banner_loan_standard,exploitation,0,-0.01,False
588,2024-01-30T09:29:00,27,109,4,3,2,0,0,0,0,False,sem_relacionamento_bancario,0,no_offer,blocked,0,0.0,False
589,2024-01-30T18:54:00,32,42,1,3,8,0,0,1,0,False,sem_relacionamento_bancario,0,no_offer,blocked,0,0.0,False
590,2024-01-30T20:12:00,26,20,4,1,2,0,0,0,0,False,renda_abaixo_minimo,0,no_offer,blocked,0,0.0,False
591,2024-01-30T18:38:00,31,135,4,2,7,0,1,1,1,True,,1,banner_loan_standard,exploitation,0,-0.01,False
592,2024-01-30T21:51:00,61,50,3,3,35,0,0,1,0,False,sem_relacionamento_bancario,0,no_offer,blocked,0,0.0,False
593,2024-01-30T20:48:00,35,141,2,2,9,0,0,0,0,False,sem_relacionamento_bancario,0,no_offer,blocked,0,0.0,False
594,2024-01-30T20:52:00,35,42,1,3,11,0,0,1,0,False,sem_relacionamento_bancario,0,no_offer,blocked,0,0.0,False
595,2024-01-30T19:46:00,41,120,2,1,16,0,0,1,1,True,,1,banner_loan_standard,exploitation,0,-0.01,False
596,2024-01-30T16:09:00,36,64,4,3,11,0,0,0,0,False,sem_relacionamento_bancario,0,no_offer,blocked,0,0.0,False
597,2024-01-30T21:24:00,49,80,1,1,24,0,0,1,0,False,sem_relacionamento_bancario,0,no_offer,blocked,0,0.0,False
598,2024-01-30T14:19:00,28,101,4,3,2,0,0,1,0,False,sem_relacionamento_bancario,0,no_offer,blocked,0,0.0,False
599,2024-01-30T10:44:00,41,113,1,3,16,0,0,0,1,True,,1,banner_loan_standard,exploitation,0,-0.01,False
600,2024-01-30T11:17:00,45,201,2,1,20,0,0,1,1,True,,1,banner_loan_standard,exploitation,0,-0.01,False
601,2024-01-31T08:52:00,57,80,2,1,33,0,0,1,1,True,,1,banner_loan_standard,exploitation,1,1.0,False
602,2024-01-31T21:14:00,33,20,3,1,8,0,0,0,1,False,renda_abaixo_minimo,0,no_offer,blocked,0,0.0,False
603,2024-01-31T16:14:00,52,34,1,3,26,0,0,1,0,False,sem_relacionamento_bancario,0,no_offer,blocked,0,0.0,False
604,2024-01-31T19:58:00,52,30,2,2,27,0,0,1,1,True,,1,banner_loan_standard,exploitation,0,-0.01,False
605,2024-01-31T17:36:00,62,29,2,3,36,0,0,0,0,False,sem_relacionamento_bancario,0,no_offer,blocked,0,0.0,False
606,2024-01-31T20:36:00,57,61,1,3,31,0,0,0,0,False,sem_relacionamento_bancario,0,no_offer,blocked,0,0.0,False
607,2024-01-31T18:59:00,59,21,3,2,34,0,0,1,1,False,renda_abaixo_minimo,0,no_offer,blocked,0,0.0,False
608,2024-01-31T13:38:00,43,83,4,3,19,0,0,1,0,False,sem_relacionamento_bancario,0,no_offer,blocked,0,0.0,False
609,2024-01-31T15:45:00,30,33,4,2,3,0,0,0,0,False,sem_relacionamento_bancario,0,no_offer,blocked,0,0.0,False
610,2024-01-31T15:10:00,53,59,2,3,27,0,0,1,0,False,sem_relacionamento_bancario,0,no_offer,blocked,0,0.0,False
611,2024-01-31T21:12:00,64,38,1,3,39,0,0,0,0,False,sem_relacionamento_bancario,0,no_offer,blocked,0,0.0,False
612,2024-01-31T11:58:00,38,119,1,2,13,0,1,1,1,True,,1,banner_loan_standard,exploitation,0,-0.01,False
613,2024-01-31T13:52:00,62,63,1,3,36,0,0,1,1,True,,1,banner_loan_standard,exploitation,0,-0.01,False
614,2024-01-31T10:44:00,41,44,1,3,16,0,0,0,0,False,sem_relacionamento_bancario,0,no_offer,blocked,0,0.0,False
615,2024-01-31T21:09:00,62,38,3,2,37,0,0,0,0,False,sem_relacionamento_bancario,0,no_offer,blocked,0,0.0,False
616,2024-01-31T18:33:00,55,44,2,2,30,0,0,1,0,False,sem_relacionamento_bancario,0,no_offer,blocked,0,0.0,False
617,2024-01-31T16:25:00,52,178,1,1,26,0,0,0,0,False,sem_relacionamento_bancario,0,no_offer,blocked,0,0.0,False
618,2024-01-31T16:48:00,31,18,2,1,5,0,0,1,1,False,renda_abaixo_minimo,0,no_offer,blocked,0,0.0,False
619,2024-01-31T12:04:00,59,91,2,2,33,0,0,1,1,True,,1,banner_loan_standard,exploitation,0,-0.01,False
620,2024-01-31T16:34:00,28,34,4,2,1,0,0,0,1,True,,1,banner_loan_standard,exploitation,0,-0.01,False
621,2024-02-01T11:57:00,61,122,2,1,37,0,0,1,0,False,sem_relacionamento_bancario,0,no_offer,blocked,0,0.0,False
622,2024-02-01T10:49:00,57,31,3,2,32,0,0,1,1,True,,1,banner_loan_standard,exploitation,0,-0.01,False
623,2024-02-01T09:16:00,39,22,2,2,14,0,0,1,0,False,renda_abaixo_minimo,0,no_offer,blocked,0,0.0,False
624,2024-02-01T15:02:00,26,54,3,3,0,0,0,1,0,False,sem_relacionamento_bancario,0,no_offer,blocked,0,0.0,False
625,2024-02-01T10:37:00,46,41,1,3,21,0,0,0,0,False,sem_relacionamento_bancario,0,no_offer,blocked,0,0.0,False
626,2024-02-01T20:55:00,59,59,3,3,33,0,0,0,0,False,sem_relacionamento_bancario,0,no_offer,blocked,0,0.0,False
627,2024-02-01T11:13:00,42,39,3,3,12,1,1,1,1,True,,1,banner_loan_standard,exploitation,1,1.0,False
628,2024-02-01T12:33:00,35,113,3,3,9,0,0,1,0,False,sem_relacionamento_bancario,0,no_offer,blocked,0,0.0,False
629,2024-02-01T18:40:00,56,31,4,1,32,0,0,0,0,False,sem_relacionamento_bancario,0,no_offer,blocked,0,0.0,False
630,2024-02-01T20:08:00,37,158,2,2,13,0,1,1,1,True,,1,banner_loan_standard,exploitation,1,1.0,False
631,2024-02-01T16:14:00,58,54,3,2,32,0,0,1,1,True,,1,banner_loan_standard,exploration,0,-0.01,False
632,2024-02-01T18:33:00,59,68,2,3,33,1,0,1,0,True,,1,banner_loan_standard,exploitation,0,-0.01,False
633,2024-02-01T15:59:00,50,21,1,1,26,0,0,1,0,False,renda_abaixo_minimo,0,no_offer,blocked,0,0.0,False
634,2024-02-01T13:07:00,64,89,1,1,40,0,0,0,0,False,sem_relacionamento_bancario,0,no_offer,blocked,0,0.0,False
635,2024-02-01T09:05:00,54,53,1,3,28,0,0,1,1,True,,1,banner_loan_standard,exploitation,1,1.0,False
636,2024-02-01T12:59:00,42,11,1,1,16,0,0,0,1,False,renda_abaixo_minimo,0,no_offer,blocked,0,0.0,False
637,2024-02-01T20:27:00,56,158,3,3,32,0,0,1,0,False,sem_relacionamento_bancario,0,no_offer,blocked,0,0.0,False
638,2024-02-01T12:12:00,45,11,4,1,21,0,0,1,1,False,renda_abaixo_minimo,0,no_offer,blocked,0,0.0,False
639,2024-02-01T08:49:00,43,25,3,2,16,0,0,1,0,False,sem_relacionamento_bancario,0,no_offer,blocked,0,0.0,False
640,2024-02-01T20:50:00,43,113,2,2,19,0,0,0,1,True,,1,banner_loan_standard,exploitation,0,-0.01,False
641,2024-02-02T09:39:00,37,40,2,2,12,1,0,0,1,True,,1,banner_loan_standard,exploitation,0,-0.01,False
642,2024-02-02T18:12:00,33,62,1,1,8,0,0,1,0,False,sem_relacionamento_bancario,0,no_offer,blocked,0,0.0,False
643,2024-02-02T20:32:00,40,28,2,3,14,0,0,0,0,False,sem_relacionamento_bancario,0,no_offer,blocked,0,0.0,False
644,2024-02-02T15:27:00,41,63,1,3,15,0,0,0,1,True,,1,banner_loan_standard,exploitation,0,-0.01,False
645,2024-02-02T16:12:00,47,32,1,1,23,0,0,0,1,True,,1,banner_loan_standard,exploitation,0,-0.01,False
646,2024-02-02T18:44:00,63,22,3,3,38,0,0,1,0,False,renda_abaixo_minimo,0,no_offer,blocked,0,0.0,False
647,2024-02-02T18:37:00,59,38,1,1,33,0,0,1,1,True,,1,banner_loan_standard,exploitation,0,-0.01,False
648,2024-02-02T19:06:00,32,42,3,1,7,0,0,1,0,False,sem_relacionamento_bancario,0,no_offer,blocked,0,0.0,False
649,2024-02-02T12:42:00,39,32,2,3,13,0,0,1,0,False,sem_relacionamento_bancario,0,no_offer,blocked,0,0.0,False
650,2024-02-02T20:57:00,62,124,1,1,38,0,0,1,0,False,sem_relacionamento_bancario,0,no_offer,blocked,0,0.0,False
651,2024-02-02T16:50:00,43,31,4,1,19,0,0,1,0,False,sem_relacionamento_bancario,0,no_offer,blocked,0,0.0,False
652,2024-02-02T14:41:00,48,83,2,2,22,0,0,1,0,False,sem_relacionamento_bancario,0,no_offer,blocked,0,0.0,False
653,2024-02-02T12:29:00,58,142,2,1,33,0,0,1,1,True,,0,no_offer,exploration,0,0.0,False
654,2024-02-02T14:30:00,30,193,3,3,6,0,0,1,0,False,sem_relacionamento_bancario,0,no_offer,blocked,0,0.0,False
655,2024-02-02T09:35:00,27,110,4,3,2,0,0,1,0,False,sem_relacionamento_bancario,0,no_offer,blocked,0,0.0,False
656,2024-02-02T09:13:00,61,131,1,1,36,0,0,1,0,False,sem_relacionamento_bancario,0,no_offer,blocked,0,0.0,False
657,2024-02-02T20:28:00,46,142,2,1,22,0,0,0,0,False,sem_relacionamento_bancario,0,no_offer,blocked,0,0.0,False
658,2024-02-02T19:38:00,35,179,1,1,10,0,0,0,0,False,sem_relacionamento_bancario,0,no_offer,blocked,0,0.0,False
659,2024-02-02T09:31:00,32,54,4,3,6,0,0,0,0,False,sem_relacionamento_bancario,0,no_offer,blocked,0,0.0,False
660,2024-02-02T20:45:00,38,59,2,2,12,0,0,0,0,False,sem_relacionamento_bancario,0,no_offer,blocked,0,0.0,False
661,2024-02-03T15:30:00,31,85,3,1,5,0,0,1,1,True,,1,banner_loan_standard,exploitation,0,-0.01,False
662,2024-02-03T09:59:00,35,190,3,2,11,0,0,0,0,False,sem_relacionamento_bancario,0,no_offer,blocked,0,0.0,False
663,2024-02-03T10:47:00,64,181,2,2,40,0,1,1,1,True,,0,no_offer,exploration,0,0.0,False
664,2024-02-03T13:18:00,56,11,2,1,32,0,0,0,0,False,renda_abaixo_minimo,0,no_offer,blocked,0,0.0,False
665,2024-02-03T21:06:00,61,20,3,2,37,0,0,0,0,False,renda_abaixo_minimo,0,no_offer,blocked,0,0.0,False
666,2024-02-03T17:40:00,44,88,1,1,20,0,0,0,0,False,sem_relacionamento_bancario,0,no_offer,blocked,0,0.0,False
667,2024-02-03T09:27:00,27,32,3,2,3,0,0,0,0,False,sem_relacionamento_bancario,0,no_offer,blocked,0,0.0,False
668,2024-02-03T19:14:00,56,44,3,1,32,0,0,1,0,False,sem_relacionamento_bancario,0,no_offer,blocked,0,0.0,False
669,2024-02-03T21:36:00,54,21,4,3,29,0,0,0,0,False,renda_abaixo_minimo,0,no_offer,blocked,0,0.0,False
670,2024-02-03T20:21:00,49,42,2,2,24,0,0,1,0,False,sem_relacionamento_bancario,0,no_offer,blocked,0,0.0,False
671,2024-02-03T09:03:00,64,53,4,3,34,0,0,0,1,True,,1,banner_loan_standard,exploitation,0,-0.01,False
672,2024-02-03T13:16:00,56,74,3,3,31,0,0,1,1,True,,1,banner_loan_standard,exploitation,0,-0.01,False
673,2024-02-03T17:55:00,58,142,2,1,33,0,0,0,1,True,,1,banner_loan_standard,exploitation,0,-0.01,False
674,2024-02-03T18:17:00,59,99,1,1,34,0,0,0,0,False,sem_relacionamento_bancario,0,no_offer,blocked,0,0.0,False
675,2024-02-03T09:13:00,46,9,2,3,21,0,0,1,0,False,renda_abaixo_minimo,0,no_offer,blocked,0,0.0,False
676,2024-02-03T11:58:00,53,45,4,3,23,1,0,0,0,True,,1,banner_loan_standard,exploitation,0,-0.01,False
677,2024-02-03T10:51:00,51,32,2,3,25,0,0,1,0,False,sem_relacionamento_bancario,0,no_offer,blocked,0,0.0,False
678,2024-02-03T18:32:00,27,110,2,1,3,1,0,0,1,True,,1,banner_loan_standard,exploitation,1,1.0,False
679,2024-02-03T13:46:00,32,134,2,1,7,0,0,0,0,False,sem_relacionamento_bancario,0,no_offer,blocked,0,0.0,False
680,2024-02-03T10:10:00,46,38,3,2,19,0,0,0,0,False,sem_relacionamento_bancario,0,no_offer,blocked,0,0.0,False
681,2024-02-04T17:22:00,64,98,3,2,39,0,0,1,0,False,sem_relacionamento_bancario,0,no_offer,blocked,0,0.0,False
682,2024-02-04T17:33:00,60,42,4,2,33,0,0,1,0,False,sem_relacionamento_bancario,0,no_offer,blocked,0,0.0,False
683,2024-02-04T21:33:00,59,61,1,3,29,0,0,0,0,False,sem_relacionamento_bancario,0,no_offer,blocked,0,0.0,False
684,2024-02-04T20:40:00,54,89,1,2,28,0,0,1,1,True,,1,banner_loan_standard,exploitation,0,-0.01,False
685,2024-02-04T20:28:00,53,183,3,3,28,0,1,1,1,True,,0,no_offer,exploration,0,0.0,False
686,2024-02-04T18:51:00,35,40,3,1,9,0,0,1,0,False,sem_relacionamento_bancario,0,no_offer,blocked,0,0.0,False
687,2024-02-04T09:46:00,60,55,4,2,33,0,0,1,0,False,sem_relacionamento_bancario,0,no_offer,blocked,0,0.0,False
688,2024-02-04T18:02:00,61,60,1,2,35,0,0,1,1,True,,1,banner_loan_standard,exploitation,0,-0.01,False
689,2024-02-04T08:43:00,58,58,3,3,28,0,0,1,0,False,sem_relacionamento_bancario,0,no_offer,blocked,0,0.0,False
690,2024-02-04T12:46:00,26,72,4,1,2,1,1,1,0,True,,0,no_offer,exploration,0,0.0,False
691,2024-02-04T12:58:00,32,73,4,2,6,0,0,0,0,False,sem_relacionamento_bancario,0,no_offer,blocked,0,0.0,False
692,2024-02-04T12:02:00,44,62,3,3,20,0,0,0,1,True,,1,banner_loan_standard,exploitation,0,-0.01,False
693,2024-02-04T18:00:00,39,80,2,1,13,0,0,1,0,False,sem_relacionamento_bancario,0,no_offer,blocked,0,0.0,False
694,2024-02-04T17:59:00,30,44,1,1,4,0,0,0,0,False,sem_relacionamento_bancario,0,no_offer,blocked,0,0.0,False
695,2024-02-04T13:14:00,49,24,4,1,25,0,0,1,0,False,renda_abaixo_minimo,0,no_offer,blocked,0,0.0,False
696,2024-02-04T09:34:00,34,164,1,3,9,0,0,1,0,False,sem_relacionamento_bancario,0,no_offer,blocked,0,0.0,False
697,2024-02-04T08:24:00,25,99,1,1,0,0,0,0,0,False,sem_relacionamento_bancario,0,no_offer,blocked,0,0.0,False
698,2024-02-04T15:11:00,35,139,2,1,10,0,0,0,0,False,sem_relacionamento_bancario,0,no_offer,blocked,0,0.0,False
699,2024-02-04T09:14:00,40,54,3,3,15,0,0,1,0,False,sem_relacionamento_bancario,0,no_offer,blocked,0,0.0,False
700,2024-02-04T19:15:00,59,24,2,3,34,0,0,1,0,False,renda_abaixo_minimo,0,no_offer,blocked,0,0.0,False
701,2024-02-05T16:16:00,48,114,2,3,23,1,0,0,0,True,,1,banner_loan_standard,exploitation,0,-0.01,False
702,2024-02-05T20:52:00,31,30,4,2,5,0,0,1,0,False,sem_relacionamento_bancario,0,no_offer,blocked,0,0.0,False
703,2024-02-05T15:14:00,37,172,2,1,13,0,0,0,0,False,sem_relacionamento_bancario,0,no_offer,blocked,0,0.0,False
704,2024-02-05T18:45:00,25,52,3,3,0,0,0,0,0,False,sem_relacionamento_bancario,0,no_offer,blocked,0,0.0,False
705,2024-02-05T09:51:00,64,15,2,3,40,0,0,1,1,False,renda_abaixo_minimo,0,no_offer,blocked,0,0.0,False
706,2024-02-05T14:02:00,58,58,4,3,34,0,0,1,0,False,sem_relacionamento_bancario,0,no_offer,blocked,0,0.0,False
707,2024-02-05T20:43:00,53,20,1,1,29,1,1,1,1,False,renda_abaixo_minimo,0,no_offer,blocked,0,0.0,False
708,2024-02-05T12:23:00,54,34,4,3,29,0,0,1,0,False,sem_relacionamento_bancario,0,no_offer,blocked,0,0.0,False
709,2024-02-05T19:57:00,65,83,3,3,41,0,0,1,0,False,sem_relacionamento_bancario,0,no_offer,blocked,0,0.0,False
710,2024-02-05T10:19:00,39,21,3,2,13,0,0,0,0,False,renda_abaixo_minimo,0,no_offer,blocked,0,0.0,False
711,2024-02-05T21:14:00,56,21,2,2,30,0,0,1,0,False,renda_abaixo_minimo,0,no_offer,blocked,0,0.0,False
712,2024-02-05T16:29:00,39,25,1,3,15,0,0,0,0,False,sem_relacionamento_bancario,0,no_offer,blocked,0,0.0,False
713,2024-02-05T21:43:00,59,38,4,1,34,0,0,0,1,True,,0,no_offer,exploration,0,0.0,False
714,2024-02-05T11:35:00,40,180,1,1,15,0,0,0,0,False,sem_relacionamento_bancario,0,no_offer,blocked,0,0.0,False
715,2024-02-05T19:21:00,60,64,2,3,34,1,0,1,0,True,,1,banner_loan_standard,exploitation,0,-0.01,False
716,2024-02-05T13:52:00,28,32,3,2,4,0,0,0,0,False,sem_relacionamento_bancario,0,no_offer,blocked,0,0.0,False
717,2024-02-05T12:01:00,38,62,1,3,14,0,0,1,0,False,sem_relacionamento_bancario,0,no_offer,blocked,0,0.0,False
718,2024-02-05T20:16:00,46,114,1,1,20,0,0,1,1,True,,1,banner_loan_standard,exploitation,0,-0.01,False
719,2024-02-05T09:45:00,58,142,2,1,33,0,0,0,1,True,,1,banner_loan_standard,exploration,0,-0.01,False
720,2024-02-05T13:31:00,33,188,2,2,7,0,0,0,0,False,sem_relacionamento_bancario,0,no_offer,blocked,0,0.0,False
721,2024-02-06T18:44:00,28,41,3,2,2,0,0,1,0,False,sem_relacionamento_bancario,0,no_offer,blocked,0,0.0,False
722,2024-02-06T16:32:00,40,50,2,1,16,0,0,0,0,False,sem_relacionamento_bancario,0,no_offer,blocked,0,0.0,False
723,2024-02-06T19:37:00,26,85,2,3,0,0,0,0,0,False,sem_relacionamento_bancario,0,no_offer,blocked,0,0.0,False
724,2024-02-06T16:07:00,64,8,2,3,40,0,0,1,0,False,renda_abaixo_minimo,0,no_offer,blocked,0,0.0,False
725,2024-02-06T16:16:00,55,78,4,3,29,0,0,0,1,True,,1,banner_loan_standard,exploitation,0,-0.01,False
726,2024-02-06T13:21:00,27,83,4,3,1,0,0,1,1,True,,1,banner_loan_standard,exploration,0,-0.01,False
727,2024-02-06T19:19:00,42,33,1,3,18,0,0,1,0,False,sem_relacionamento_bancario,0,no_offer,blocked,0,0.0,False
728,2024-02-06T09:59:00,54,65,1,1,28,0,0,0,1,True,,1,banner_loan_standard,exploitation,0,-0.01,False
729,2024-02-06T08:01:00,58,12,1,2,34,0,0,0,1,False,renda_abaixo_minimo,0,no_offer,blocked,0,0.0,False
730,2024-02-06T08:32:00,31,40,4,3,5,0,0,0,0,False,sem_relacionamento_bancario,0,no_offer,blocked,0,0.0,False
731,2024-02-06T20:51:00,62,64,4,1,38,1,1,1,1,True,,1,banner_loan_standard,exploitation,1,1.0,False
732,2024-02-06T17:21:00,51,44,3,3,25,0,0,0,0,False,sem_relacionamento_bancario,0,no_offer,blocked,0,0.0,False
733,2024-02-06T14:01:00,61,54,3,3,36,0,0,1,0,False,sem_relacionamento_bancario,0,no_offer,blocked,0,0.0,False
734,2024-02-06T17:49:00,60,79,1,3,36,0,0,0,1,True,,1,banner_loan_standard,exploitation,0,-0.01,False
735,2024-02-06T09:41:00,26,102,4,3,0,0,0,0,0,False,sem_relacionamento_bancario,0,no_offer,blocked,0,0.0,False
736,2024-02-06T15:10:00,49,61,1,3,23,0,0,1,1,True,,0,no_offer,exploration,0,0.0,False
737,2024-02-06T20:02:00,25,21,3,2,1,0,0,0,0,False,renda_abaixo_minimo,0,no_offer,blocked,0,0.0,False
738,2024-02-06T18:05:00,45,22,1,1,20,0,0,0,0,False,renda_abaixo_minimo,0,no_offer,blocked,0,0.0,False
739,2024-02-06T16:05:00,47,123,1,1,21,0,0,0,0,False,sem_relacionamento_bancario,0,no_offer,blocked,0,0.0,False
740,2024-02-06T16:49:00,39,108,3,3,14,0,0,1,1,True,,1,banner_loan_standard,exploitation,0,-0.01,False
741,2024-02-07T19:07:00,52,62,4,2,26,0,0,1,0,False,sem_relacionamento_bancario,0,no_offer,blocked,0,0.0,False
742,2024-02-07T11:46:00,37,194,4,3,12,1,1,1,1,True,,1,banner_loan_standard,exploitation,1,1.0,False
743,2024-02-07T18:06:00,59,31,3,2,35,0,0,1,0,False,sem_relacionamento_bancario,0,no_offer,blocked,0,0.0,False
744,2024-02-07T13:57:00,65,105,4,2,41,1,0,1,0,True,,1,banner_loan_standard,exploitation,0,-0.01,False
745,2024-02-07T13:25:00,26,102,1,1,1,0,0,0,0,False,sem_relacionamento_bancario,0,no_offer,blocked,0,0.0,False
746,2024-02-07T10:40:00,43,111,4,3,17,0,0,1,0,False,sem_relacionamento_bancario,0,no_offer,blocked,0,0.0,False
747,2024-02-07T19:41:00,42,52,4,1,18,0,0,1,0,False,sem_relacionamento_bancario,0,no_offer,blocked,0,0.0,False
748,2024-02-07T21:10:00,56,82,4,3,31,0,0,1,0,False,sem_relacionamento_bancario,0,no_offer,blocked,0,0.0,False
749,2024-02-07T09:53:00,35,24,4,1,9,0,0,1,0,False,renda_abaixo_minimo,0,no_offer,blocked,0,0.0,False
750,2024-02-07T16:44:00,46,74,3,2,20,0,0,1,1,True,,1,banner_loan_standard,exploitation,0,-0.01,False
751,2024-02-07T21:35:00,60,141,2,1,36,0,0,1,1,True,,1,banner_loan_standard,exploitation,0,-0.01,False
752,2024-02-07T20:07:00,40,50,2,1,16,0,0,0,0,False,sem_relacionamento_bancario,0,no_offer,blocked,0,0.0,False
753,2024-02-07T20:54:00,40,83,1,3,15,0,0,0,0,False,sem_relacionamento_bancario,0,no_offer,blocked,0,0.0,False
754,2024-02-07T12:54:00,56,82,4,3,31,0,0,1,0,False,sem_relacionamento_bancario,0,no_offer,blocked,0,0.0,False
755,2024-02-07T10:43:00,41,14,1,1,17,0,0,0,0,False,renda_abaixo_minimo,0,no_offer,blocked,0,0.0,False
756,2024-02-07T09:05:00,42,95,3,3,17,0,0,0,0,False,sem_relacionamento_bancario,0,no_offer,blocked,0,0.0,False
757,2024-02-07T09:18:00,49,44,4,2,25,0,0,1,0,False,sem_relacionamento_bancario,0,no_offer,blocked,0,0.0,False
758,2024-02-07T13:36:00,62,42,3,1,37,0,0,1,0,False,sem_relacionamento_bancario,0,no_offer,blocked,0,0.0,False
759,2024-02-07T15:40:00,30,42,1,1,5,0,0,0,0,False,sem_relacionamento_bancario,0,no_offer,blocked,0,0.0,False
760,2024-02-07T18:02:00,57,44,2,3,32,0,0,0,0,False,sem_relacionamento_bancario,0,no_offer,blocked,0,0.0,False
761,2024-02-08T19:09:00,43,44,1,1,18,0,0,0,0,False,sem_relacionamento_bancario,0,no_offer,blocked,0,0.0,False
762,2024-02-08T10:34:00,43,44,1,1,18,0,0,0,0,False,sem_relacionamento_bancario,0,no_offer,blocked,0,0.0,False
763,2024-02-08T20:28:00,32,42,1,2,8,0,0,0,0,False,sem_relacionamento_bancario,0,no_offer,blocked,0,0.0,False
764,2024-02-08T13:14:00,58,128,2,1,32,0,0,0,0,False,sem_relacionamento_bancario,0,no_offer,blocked,0,0.0,False
765,2024-02-08T21:20:00,49,135,2,1,25,0,0,1,1,True,,1,banner_loan_standard,exploitation,0,-0.01,False
766,2024-02-08T11:36:00,50,44,4,1,24,0,0,1,1,True,,1,banner_loan_standard,exploitation,0,-0.01,False
767,2024-02-08T11:59:00,60,101,3,1,34,0,0,1,1,True,,1,banner_loan_standard,exploitation,0,-0.01,False
768,2024-02-08T15:49:00,29,123,3,3,3,0,0,1,0,False,sem_relacionamento_bancario,0,no_offer,blocked,0,0.0,False
769,2024-02-08T08:50:00,28,134,2,1,3,0,0,1,0,False,sem_relacionamento_bancario,0,no_offer,blocked,0,0.0,False
770,2024-02-08T12:33:00,28,84,1,3,2,1,1,0,1,True,,1,banner_loan_standard,exploitation,0,-0.01,False
771,2024-02-08T11:01:00,35,50,4,2,9,0,0,0,0,False,sem_relacionamento_bancario,0,no_offer,blocked,0,0.0,False
772,2024-02-08T09:35:00,28,123,1,1,3,0,0,0,0,False,sem_relacionamento_bancario,0,no_offer,blocked,0,0.0,False
773,2024-02-08T13:38:00,58,18,3,2,33,0,0,1,1,False,renda_abaixo_minimo,0,no_offer,blocked,0,0.0,False
774,2024-02-08T17:50:00,54,45,4,2,30,0,0,1,0,False,sem_relacionamento_bancario,0,no_offer,blocked,0,0.0,False
775,2024-02-08T19:02:00,44,113,2,1,20,0,0,1,1,True,,1,banner_loan_standard,exploitation,0,-0.01,False
776,2024-02-08T20:17:00,44,90,4,3,18,0,0,1,0,False,sem_relacionamento_bancario,0,no_offer,blocked,0,0.0,False
777,2024-02-08T10:25:00,60,54,4,3,36,1,0,0,0,True,,1,banner_loan_standard,exploitation,0,-0.01,False
778,2024-02-08T14:41:00,57,39,4,2,31,1,0,1,0,True,,1,banner_loan_standard,exploitation,0,-0.01,False
779,2024-02-08T19:13:00,40,120,2,1,16,0,0,1,0,False,sem_relacionamento_bancario,0,no_offer,blocked,0,0.0,False
780,2024-02-08T21:01:00,62,21,4,2,37,0,0,1,1,False,renda_abaixo_minimo,0,no_offer,blocked,0,0.0,False
781,2024-02-09T14:36:00,29,149,1,1,5,0,0,1,0,False,sem_relacionamento_bancario,0,no_offer,blocked,0,0.0,False
782,2024-02-09T21:53:00,57,41,1,1,31,0,0,1,1,True,,1,banner_loan_standard,exploitation,0,-0.01,False
783,2024-02-09T15:38:00,33,88,3,1,7,0,0,1,1,True,,1,banner_loan_standard,exploitation,0,-0.01,False
784,2024-02-09T16:19:00,40,32,1,3,16,0,0,1,0,False,sem_relacionamento_bancario,0,no_offer,blocked,0,0.0,False
785,2024-02-09T09:38:00,37,59,4,3,11,0,0,0,0,False,sem_relacionamento_bancario,0,no_offer,blocked,0,0.0,False
786,2024-02-09T16:56:00,59,124,1,1,35,0,0,0,1,True,,0,no_offer,exploration,0,0.0,False
787,2024-02-09T19:01:00,47,120,1,1,21,0,0,0,0,False,sem_relacionamento_bancario,0,no_offer,blocked,0,0.0,False
788,2024-02-09T08:39:00,32,125,1,1,7,0,0,1,1,True,,1,banner_loan_standard,exploitation,1,1.0,False
789,2024-02-09T19:55:00,46,82,3,2,19,0,0,0,0,False,sem_relacionamento_bancario,0,no_offer,blocked,0,0.0,False
790,2024-02-09T11:44:00,46,19,3,2,20,1,0,1,0,False,renda_abaixo_minimo,0,no_offer,blocked,0,0.0,False
791,2024-02-09T17:02:00,29,44,3,2,5,0,0,1,1,True,,1,banner_loan_standard,exploitation,0,-0.01,False
792,2024-02-09T13:13:00,28,115,1,1,3,0,0,1,0,False,sem_relacionamento_bancario,0,no_offer,blocked,0,0.0,False
793,2024-02-09T17:28:00,57,21,1,3,32,0,0,0,0,False,renda_abaixo_minimo,0,no_offer,blocked,0,0.0,False
794,2024-02-09T08:04:00,39,108,4,2,12,0,0,0,1,True,,1,banner_loan_standard,exploitation,0,-0.01,False
795,2024-02-09T11:07:00,62,11,1,1,37,0,0,1,0,False,renda_abaixo_minimo,0,no_offer,blocked,0,0.0,False
796,2024-02-09T18:11:00,44,12,3,2,17,0,0,1,0,False,renda_abaixo_minimo,0,no_offer,blocked,0,0.0,False
797,2024-02-09T08:56:00,58,24,2,2,33,0,0,1,0,False,renda_abaixo_minimo,0,no_offer,blocked,0,0.0,False
798,2024-02-09T13:19:00,44,91,2,3,18,0,0,1,0,False,sem_relacionamento_bancario,0,no_offer,blocked,0,0.0,False
799,2024-02-09T19:56:00,47,190,4,3,23,0,0,0,0,False,sem_relacionamento_bancario,0,no_offer,blocked,0,0.0,False
800,2024-02-09T18:36:00,55,53,3,1,30,0,0,1,0,False,sem_relacionamento_bancario,0,no_offer,blocked,0,0.0,False
801,2024-02-10T12:11:00,52,155,3,2,26,0,0,1,0,False,sem_relacionamento_bancario,0,no_offer,blocked,0,0.0,False
802,2024-02-10T12:48:00,47,68,4,3,21,0,0,0,0,False,sem_relacionamento_bancario,0,no_offer,blocked,0,0.0,False
803,2024-02-10T08:55:00,54,43,3,2,27,0,0,0,0,False,sem_relacionamento_bancario,0,no_offer,blocked,0,0.0,False
804,2024-02-10T13:43:00,65,64,2,1,40,0,0,0,1,True,,1,banner_loan_standard,exploitation,0,-0.01,False
805,2024-02-10T18:19:00,48,23,3,2,21,0,0,0,0,False,renda_abaixo_minimo,0,no_offer,blocked,0,0.0,False
806,2024-02-10T12:19:00,31,29,4,2,4,0,0,1,1,True,,1,banner_loan_standard,exploitation,1,1.0,False
807,2024-02-10T14:34:00,32,125,1,1,7,0,0,1,1,True,,0,no_offer,exploration,0,0.0,False
808,2024-02-10T13:36:00,45,60,1,3,19,0,0,1,0,False,sem_relacionamento_bancario,0,no_offer,blocked,0,0.0,False
809,2024-02-10T08:50:00,54,68,3,3,29,0,0,1,1,True,,1,banner_loan_standard,exploitation,0,-0.01,False
810,2024-02-10T09:23:00,54,53,4,2,28,1,0,0,0,True,,1,banner_loan_standard,exploration,0,-0.01,False
811,2024-02-10T18:42:00,53,14,4,1,28,0,0,1,1,False,renda_abaixo_minimo,0,no_offer,blocked,0,0.0,False
812,2024-02-10T09:28:00,45,59,1,1,20,1,1,1,0,True,,0,no_offer,exploration,0,0.0,False
813,2024-02-10T16:38:00,41,24,2,3,15,1,0,1,0,False,renda_abaixo_minimo,0,no_offer,blocked,0,0.0,False
814,2024-02-10T15:46:00,43,34,3,2,19,0,0,0,0,False,sem_relacionamento_bancario,0,no_offer,blocked,0,0.0,False
815,2024-02-10T13:19:00,42,60,4,3,18,0,0,0,1,True,,1,banner_loan_standard,exploitation,0,-0.01,False
816,2024-02-10T09:41:00,60,78,3,1,34,1,0,0,0,True,,1,banner_loan_standard,exploration,0,-0.01,False
817,2024-02-10T19:54:00,36,181,3,1,11,0,0,0,0,False,sem_relacionamento_bancario,0,no_offer,blocked,0,0.0,False
818,2024-02-10T08:54:00,29,30,4,2,2,0,0,0,1,True,,0,no_offer,exploration,0,0.0,False
819,2024-02-10T15:28:00,30,122,2,1,5,0,0,0,0,False,sem_relacionamento_bancario,0,no_offer,blocked,0,0.0,False
820,2024-02-10T13:04:00,61,38,2,1,35,0,0,0,0,False,sem_relacionamento_bancario,0,no_offer,blocked,0,0.0,False
821,2024-02-11T08:54:00,41,68,3,1,16,0,0,1,1,True,,1,banner_loan_standard,exploitation,0,-0.01,False
822,2024-02-11T14:25:00,35,79,4,3,10,0,0,1,0,False,sem_relacionamento_bancario,0,no_offer,blocked,0,0.0,False
823,2024-02-11T18:09:00,43,59,1,1,18,0,0,1,0,False,sem_relacionamento_bancario,0,no_offer,blocked,0,0.0,False
824,2024-02-11T15:46:00,46,72,2,3,20,0,0,1,1,True,,1,banner_loan_standard,exploration,0,-0.01,False
825,2024-02-11T15:48:00,48,70,1,2,23,0,0,0,0,False,sem_relacionamento_bancario,0,no_offer,blocked,0,0.0,False
826,2024-02-11T19:26:00,58,41,4,1,34,0,0,1,0,False,sem_relacionamento_bancario,0,no_offer,blocked,0,0.0,False
827,2024-02-11T08:00:00,32,60,1,1,8,0,0,1,1,True,,1,banner_loan_standard,exploitation,0,-0.01,False
828,2024-02-11T12:47:00,59,94,1,1,35,1,1,1,0,True,,1,banner_loan_standard,exploitation,0,-0.01,False
829,2024-02-11T12:40:00,48,24,1,3,24,0,0,0,0,False,renda_abaixo_minimo,0,no_offer,blocked,0,0.0,False
830,2024-02-11T17:27:00,46,159,3,3,21,0,0,1,0,False,sem_relacionamento_bancario,0,no_offer,blocked,0,0.0,False
831,2024-02-11T09:49:00,57,182,2,3,33,0,0,0,0,False,sem_relacionamento_bancario,0,no_offer,blocked,0,0.0,False
832,2024-02-11T13:08:00,26,18,2,3,1,0,0,0,0,False,renda_abaixo_minimo,0,no_offer,blocked,0,0.0,False
833,2024-02-11T08:40:00,31,22,1,3,5,0,0,0,0,False,renda_abaixo_minimo,0,no_offer,blocked,0,0.0,False
834,2024-02-11T12:12:00,59,91,2,2,33,0,0,1,1,True,,1,banner_loan_standard,exploitation,0,-0.01,False
835,2024-02-11T16:10:00,65,23,1,3,35,0,0,1,0,False,renda_abaixo_minimo,0,no_offer,blocked,0,0.0,False
836,2024-02-11T11:33:00,54,45,4,2,30,0,0,1,0,False,sem_relacionamento_bancario,0,no_offer,blocked,0,0.0,False
837,2024-02-11T20:37:00,53,132,2,1,29,0,0,0,0,False,sem_relacionamento_bancario,0,no_offer,blocked,0,0.0,False
838,2024-02-11T21:03:00,34,22,3,3,10,0,0,1,0,False,renda_abaixo_minimo,0,no_offer,blocked,0,0.0,False
839,2024-02-11T13:18:00,52,34,1,3,26,0,0,1,0,False,sem_relacionamento_bancario,0,no_offer,blocked,0,0.0,False
840,2024-02-11T13:33:00,41,79,1,3,16,0,0,1,0,False,sem_relacionamento_bancario,0,no_offer,blocked,0,0.0,False
841,2024-02-12T09:12:00,28,120,2,1,4,0,0,1,0,False,sem_relacionamento_bancario,0,no_offer,blocked,0,0.0,False
842,2024-02-12T16:22:00,62,48,3,1,37,0,0,0,0,False,sem_relacionamento_bancario,0,no_offer,blocked,0,0.0,False
843,2024-02-12T15:53:00,38,38,2,1,12,0,0,1,1,True,,1,banner_loan_standard,exploitation,0,-0.01,False
844,2024-02-12T14:24:00,55,112,2,1,29,0,0,1,0,False,sem_relacionamento_bancario,0,no_offer,blocked,0,0.0,False
845,2024-02-12T12:14:00,25,21,4,1,-1,0,0,1,0,False,renda_abaixo_minimo,0,no_offer,blocked,0,0.0,False
846,2024-02-12T08:11:00,40,63,1,3,16,0,0,0,0,False,sem_relacionamento_bancario,0,no_offer,blocked,0,0.0,False
847,2024-02-12T17:06:00,39,79,2,2,15,0,0,0,0,False,sem_relacionamento_bancario,0,no_offer,blocked,0,0.0,False
848,2024-02-12T12:18:00,61,25,1,2,35,0,0,1,0,False,sem_relacionamento_bancario,0,no_offer,blocked,0,0.0,False
849,2024-02-12T08:31:00,38,81,1,3,13,1,0,1,0,True,,1,banner_loan_standard,exploitation,0,-0.01,False
850,2024-02-12T17:10:00,30,194,2,1,4,0,0,0,1,True,,1,banner_loan_standard,exploitation,0,-0.01,False
851,2024-02-12T10:07:00,63,101,2,1,37,0,0,0,0,False,sem_relacionamento_bancario,0,no_offer,blocked,0,0.0,False
852,2024-02-12T21:08:00,33,53,1,1,9,0,0,0,1,True,,1,banner_loan_standard,exploitation,0,-0.01,False
853,2024-02-12T10:20:00,39,21,3,2,13,0,0,0,0,False,renda_abaixo_minimo,0,no_offer,blocked,0,0.0,False
854,2024-02-12T13:27:00,44,79,4,3,20,1,1,1,1,True,,1,banner_loan_standard,exploitation,0,-0.01,False
855,2024-02-12T12:33:00,50,84,1,3,25,1,0,1,0,True,,1,banner_loan_standard,exploration,1,1.0,False
856,2024-02-12T11:14:00,66,55,4,3,36,0,0,0,1,True,,1,banner_loan_standard,exploitation,0,-0.01,False
857,2024-02-12T18:47:00,40,69,4,1,16,0,0,1,0,False,sem_relacionamento_bancario,0,no_offer,blocked,0,0.0,False
858,2024-02-12T14:05:00,27,20,4,1,1,0,0,1,0,False,renda_abaixo_minimo,0,no_offer,blocked,0,0.0,False
859,2024-02-12T21:49:00,65,45,3,3,41,0,0,1,0,False,sem_relacionamento_bancario,0,no_offer,blocked,0,0.0,False
860,2024-02-12T19:58:00,29,22,2,3,4,0,0,0,0,False,renda_abaixo_minimo,0,no_offer,blocked,0,0.0,False
861,2024-02-13T18:54:00,49,194,4,2,23,0,0,0,1,True,,1,banner_loan_standard,exploitation,0,-0.01,False
862,2024-02-13T12:59:00,65,158,2,1,41,0,0,0,0,False,sem_relacionamento_bancario,0,no_offer,blocked,0,0.0,False
863,2024-02-13T10:14:00,56,48,1,3,30,0,0,1,1,True,,1,banner_loan_standard,exploitation,0,-0.01,False
864,2024-02-13T11:20:00,44,33,3,2,18,0,0,0,0,False,sem_relacionamento_bancario,0,no_offer,blocked,0,0.0,False
865,2024-02-13T20:21:00,26,102,4,3,0,0,0,0,0,False,sem_relacionamento_bancario,0,no_offer,blocked,0,0.0,False
866,2024-02-13T10:33:00,29,44,1,3,5,0,0,1,0,False,sem_relacionamento_bancario,0,no_offer,blocked,0,0.0,False
867,2024-02-13T21:03:00,50,29,2,1,25,0,0,0,0,False,sem_relacionamento_bancario,0,no_offer,blocked,0,0.0,False
868,2024-02-13T12:51:00,28,52,4,2,3,0,0,0,0,False,sem_relacionamento_bancario,0,no_offer,blocked,0,0.0,False
869,2024-02-13T21:26:00,30,41,1,2,6,0,0,1,0,False,sem_relacionamento_bancario,0,no_offer,blocked,0,0.0,False
870,2024-02-13T20:46:00,39,61,2,3,15,0,0,0,0,False,sem_relacionamento_bancario,0,no_offer,blocked,0,0.0,False
871,2024-02-13T19:34:00,62,158,2,3,36,0,0,1,0,False,sem_relacionamento_bancario,0,no_offer,blocked,0,0.0,False
872,2024-02-13T15:15:00,38,80,4,3,13,0,0,1,0,False,sem_relacionamento_bancario,0,no_offer,blocked,0,0.0,False
873,2024-02-13T08:12:00,47,42,3,2,22,0,0,1,1,True,,1,banner_loan_standard,exploration,0,-0.01,False
874,2024-02-13T18:06:00,49,135,2,1,25,0,0,1,1,True,,1,banner_loan_standard,exploitation,0,-0.01,False
875,2024-02-13T19:09:00,40,65,2,1,16,0,0,1,0,False,sem_relacionamento_bancario,0,no_offer,blocked,0,0.0,False
876,2024-02-13T15:48:00,49,30,4,1,25,0,1,1,1,True,,1,banner_loan_standard,exploitation,0,-0.01,False
877,2024-02-13T17:41:00,31,149,1,1,7,0,0,0,0,False,sem_relacionamento_bancario,0,no_offer,blocked,0,0.0,False
878,2024-02-13T15:35:00,34,133,1,1,9,0,0,1,0,False,sem_relacionamento_bancario,0,no_offer,blocked,0,0.0,False
879,2024-02-13T13:00:00,30,83,4,1,6,1,0,1,0,True,,1,banner_loan_standard,exploitation,1,1.0,False
880,2024-02-13T18:12:00,44,81,4,1,20,0,0,0,1,True,,1,banner_loan_standard,exploitation,0,-0.01,False
881,2024-02-14T14:21:00,65,128,1,1,40,0,0,1,0,False,sem_relacionamento_bancario,0,no_offer,blocked,0,0.0,False
882,2024-02-14T16:25:00,57,80,3,3,32,0,0,1,1,True,,1,banner_loan_standard,exploitation,0,-0.01,False
883,2024-02-14T16:14:00,43,60,2,3,18,0,0,0,0,False,sem_relacionamento_bancario,0,no_offer,blocked,0,0.0,False
884,2024-02-14T20:41:00,37,153,2,1,13,0,0,1,1,True,,1,banner_loan_standard,exploitation,0,-0.01,False
885,2024-02-14T15:23:00,54,102,3,2,28,0,0,1,0,False,sem_relacionamento_bancario,0,no_offer,blocked,0,0.0,False
886,2024-02-14T12:03:00,50,150,1,1,24,0,0,1,1,True,,1,banner_loan_standard,exploitation,0,-0.01,False
887,2024-02-14T09:23:00,51,93,1,1,27,0,0,1,0,False,sem_relacionamento_bancario,0,no_offer,blocked,0,0.0,False
888,2024-02-14T10:35:00,38,129,4,1,13,0,0,0,0,False,sem_relacionamento_bancario,0,no_offer,blocked,0,0.0,False
889,2024-02-14T19:38:00,56,158,1,1,32,0,0,0,0,False,sem_relacionamento_bancario,0,no_offer,blocked,0,0.0,False
890,2024-02-14T11:09:00,59,68,2,3,33,1,0,1,0,True,,1,banner_loan_standard,exploitation,1,1.0,False
891,2024-02-14T08:34:00,45,39,1,1,20,0,0,0,1,True,,1,banner_loan_standard,exploitation,0,-0.01,False
892,2024-02-14T19:33:00,55,62,1,1,29,0,0,1,0,False,sem_relacionamento_bancario,0,no_offer,blocked,0,0.0,False
893,2024-02-14T08:54:00,24,44,4,1,0,0,0,1,0,False,sem_relacionamento_bancario,0,no_offer,blocked,0,0.0,False
894,2024-02-14T12:14:00,34,40,4,2,9,0,0,1,1,True,,1,banner_loan_standard,exploitation,0,-0.01,False
895,2024-02-14T10:27:00,53,95,1,2,29,0,0,1,0,False,sem_relacionamento_bancario,0,no_offer,blocked,0,0.0,False
896,2024-02-14T14:31:00,50,130,1,2,25,0,0,1,0,False,sem_relacionamento_bancario,0,no_offer,blocked,0,0.0,False
897,2024-02-14T18:09:00,36,18,4,1,12,0,0,1,1,False,renda_abaixo_minimo,0,no_offer,blocked,0,0.0,False
898,2024-02-14T16:24:00,42,135,2,1,18,1,1,1,1,True,,1,banner_loan_standard,exploitation,0,-0.01,False
899,2024-02-14T12:17:00,67,51,3,1,42,0,0,1,1,True,,1,banner_loan_standard,exploitation,0,-0.01,False
900,2024-02-14T10:41:00,46,134,2,1,22,0,0,0,0,False,sem_relacionamento_bancario,0,no_offer,blocked,0,0.0,False
901,2024-02-15T13:38:00,64,35,1,3,38,0,0,1,0,False,sem_relacionamento_bancario,0,no_offer,blocked,0,0.0,False
902,2024-02-15T16:48:00,29,184,4,3,4,0,0,1,0,False,sem_relacionamento_bancario,0,no_offer,blocked,0,0.0,False
903,2024-02-15T10:03:00,39,59,4,3,13,1,0,0,1,True,,1,banner_loan_standard,exploration,0,-0.01,False
904,2024-02-15T17:37:00,28,155,4,2,4,0,0,1,0,False,sem_relacionamento_bancario,0,no_offer,blocked,0,0.0,False
905,2024-02-15T17:31:00,46,125,2,3,22,0,0,1,0,False,sem_relacionamento_bancario,0,no_offer,blocked,0,0.0,False
906,2024-02-15T15:36:00,38,182,3,3,14,0,1,1,1,True,,1,banner_loan_standard,exploitation,1,1.0,False
907,2024-02-15T15:32:00,54,33,2,2,28,0,0,0,1,True,,1,banner_loan_standard,exploitation,0,-0.01,False
908,2024-02-15T18:05:00,29,121,2,1,4,0,0,1,0,False,sem_relacionamento_bancario,0,no_offer,blocked,0,0.0,False
909,2024-02-15T16:38:00,67,75,4,2,42,0,0,1,0,False,sem_relacionamento_bancario,0,no_offer,blocked,0,0.0,False
910,2024-02-15T19:01:00,58,81,3,2,32,0,0,1,1,True,,0,no_offer,exploration,0,0.0,False
911,2024-02-15T19:04:00,53,30,4,2,28,0,0,1,0,False,sem_relacionamento_bancario,0,no_offer,blocked,0,0.0,False
912,2024-02-15T19:26:00,60,24,1,2,35,0,0,0,0,False,renda_abaixo_minimo,0,no_offer,blocked,0,0.0,False
913,2024-02-15T15:49:00,47,38,3,2,21,1,0,0,0,True,,1,banner_loan_standard,exploitation,0,-0.01,False
914,2024-02-15T10:53:00,41,38,2,1,15,0,0,1,0,False,sem_relacionamento_bancario,0,no_offer,blocked,0,0.0,False
915,2024-02-15T19:57:00,35,139,1,1,10,0,0,0,0,False,sem_relacionamento_bancario,0,no_offer,blocked,0,0.0,False
916,2024-02-15T10:21:00,26,54,4,2,1,0,0,0,0,False,sem_relacionamento_bancario,0,no_offer,blocked,0,0.0,False
917,2024-02-15T13:01:00,34,52,2,2,7,0,0,1,0,False,sem_relacionamento_bancario,0,no_offer,blocked,0,0.0,False
918,2024-02-15T14:43:00,33,133,1,1,8,0,0,1,0,False,sem_relacionamento_bancario,0,no_offer,blocked,0,0.0,False
919,2024-02-15T09:37:00,48,78,3,1,22,0,0,1,0,False,sem_relacionamento_bancario,0,no_offer,blocked,0,0.0,False
920,2024-02-15T08:34:00,45,83,4,3,21,0,0,1,0,False,sem_relacionamento_bancario,0,no_offer,blocked,0,0.0,False
921,2024-02-16T09:22:00,52,45,3,2,26,0,0,0,0,False,sem_relacionamento_bancario,0,no_offer,blocked,0,0.0,False
922,2024-02-16T19:57:00,62,174,1,1,38,0,0,1,1,True,,1,banner_loan_standard,exploitation,1,1.0,False
923,2024-02-16T11:04:00,36,58,1,2,12,0,0,0,0,False,sem_relacionamento_bancario,0,no_offer,blocked,0,0.0,False
924,2024-02-16T16:54:00,49,84,3,1,23,1,0,1,0,True,,0,no_offer,exploration,0,0.0,False
925,2024-02-16T16:54:00,41,30,2,2,16,0,0,0,1,True,,1,banner_loan_standard,exploitation,1,1.0,False
926,2024-02-16T19:07:00,63,113,4,3,37,0,0,1,1,True,,1,banner_loan_standard,exploitation,0,-0.01,False
927,2024-02-16T11:02:00,51,21,4,3,25,0,0,1,1,False,renda_abaixo_minimo,0,no_offer,blocked,0,0.0,False
928,2024-02-16T21:44:00,60,44,2,3,35,0,0,1,0,False,sem_relacionamento_bancario,0,no_offer,blocked,0,0.0,False
929,2024-02-16T14:27:00,46,34,1,1,21,0,0,1,0,False,sem_relacionamento_bancario,0,no_offer,blocked,0,0.0,False
930,2024-02-16T11:39:00,39,101,2,1,14,0,0,1,1,True,,1,banner_loan_standard,exploitation,1,1.0,False
931,2024-02-16T15:43:00,32,78,4,2,8,0,0,1,0,False,sem_relacionamento_bancario,0,no_offer,blocked,0,0.0,False
932,2024-02-16T08:56:00,38,184,3,1,12,0,0,1,0,False,sem_relacionamento_bancario,0,no_offer,blocked,0,0.0,False
933,2024-02-16T13:17:00,43,122,1,1,18,0,0,1,1,True,,1,banner_loan_standard,exploitation,1,1.0,False
934,2024-02-16T15:38:00,39,42,1,3,14,0,0,1,0,False,sem_relacionamento_bancario,0,no_offer,blocked,0,0.0,False
935,2024-02-16T19:37:00,30,83,4,3,5,0,0,0,1,True,,1,banner_loan_standard,exploitation,0,-0.01,False
936,2024-02-16T11:33:00,39,12,2,3,14,0,0,0,0,False,renda_abaixo_minimo,0,no_offer,blocked,0,0.0,False
937,2024-02-16T20:13:00,59,110,3,1,33,0,0,1,0,False,sem_relacionamento_bancario,0,no_offer,blocked,0,0.0,False
938,2024-02-16T11:32:00,61,23,1,1,36,0,0,0,0,False,renda_abaixo_minimo,0,no_offer,blocked,0,0.0,False
939,2024-02-16T14:49:00,29,184,4,3,4,0,0,1,0,False,sem_relacionamento_bancario,0,no_offer,blocked,0,0.0,False
940,2024-02-16T20:01:00,58,22,1,2,34,0,0,1,0,False,renda_abaixo_minimo,0,no_offer,blocked,0,0.0,False
941,2024-02-17T16:20:00,54,195,2,2,27,0,0,0,0,False,sem_relacionamento_bancario,0,no_offer,blocked,0,0.0,False
942,2024-02-17T09:26:00,59,45,3,3,29,0,0,1,0,False,sem_relacionamento_bancario,0,no_offer,blocked,0,0.0,False
943,2024-02-17T10:51:00,23,45,4,2,-2,0,0,1,1,True,,1,banner_loan_standard,exploitation,0,-0.01,False
944,2024-02-17T09:54:00,29,112,2,1,5,0,0,1,1,True,,1,banner_loan_standard,exploitation,0,-0.01,False
945,2024-02-17T13:59:00,51,55,1,2,26,0,0,0,1,True,,1,banner_loan_standard,exploration,0,-0.01,False
946,2024-02-17T12:51:00,41,165,2,1,17,0,0,0,0,False,sem_relacionamento_bancario,0,no_offer,blocked,0,0.0,False
947,2024-02-17T17:11:00,62,43,1,2,38,0,0,1,0,False,sem_relacionamento_bancario,0,no_offer,blocked,0,0.0,False
948,2024-02-17T08:41:00,53,72,2,2,27,0,0,1,0,False,sem_relacionamento_bancario,0,no_offer,blocked,0,0.0,False
949,2024-02-17T13:17:00,38,25,4,1,14,0,0,0,0,False,sem_relacionamento_bancario,0,no_offer,blocked,0,0.0,False
950,2024-02-17T20:34:00,34,41,1,1,9,0,0,1,0,False,sem_relacionamento_bancario,0,no_offer,blocked,0,0.0,False
951,2024-02-17T21:23:00,55,62,1,3,31,0,0,1,0,False,sem_relacionamento_bancario,0,no_offer,blocked,0,0.0,False
952,2024-02-17T17:29:00,58,31,4,1,34,0,0,0,0,False,sem_relacionamento_bancario,0,no_offer,blocked,0,0.0,False
953,2024-02-17T21:05:00,44,78,2,3,19,0,0,0,0,False,sem_relacionamento_bancario,0,no_offer,blocked,0,0.0,False
954,2024-02-17T10:15:00,58,58,4,3,34,0,0,1,0,False,sem_relacionamento_bancario,0,no_offer,blocked,0,0.0,False
955,2024-02-17T14:51:00,63,42,2,3,37,0,0,1,0,False,sem_relacionamento_bancario,0,no_offer,blocked,0,0.0,False
956,2024-02-17T21:08:00,54,82,4,3,28,0,0,0,0,False,sem_relacionamento_bancario,0,no_offer,blocked,0,0.0,False
957,2024-02-17T12:34:00,39,129,2,1,15,0,0,0,0,False,sem_relacionamento_bancario,0,no_offer,blocked,0,0.0,False
958,2024-02-17T09:26:00,54,70,1,3,30,0,0,0,0,False,sem_relacionamento_bancario,0,no_offer,blocked,0,0.0,False
959,2024-02-17T09:34:00,62,78,1,3,38,0,0,0,0,False,sem_relacionamento_bancario,0,no_offer,blocked,0,0.0,False
960,2024-02-17T17:24:00,36,195,2,1,11,0,0,1,1,True,,1,banner_loan_standard,exploitation,0,-0.01,False
961,2024-02-18T09:24:00,55,84,2,3,30,0,0,0,0,False,sem_relacionamento_bancario,0,no_offer,blocked,0,0.0,False
962,2024-02-18T21:00:00,65,78,3,3,41,0,1,1,1,True,,1,banner_loan_standard,exploitation,0,-0.01,False
963,2024-02-18T21:15:00,35,78,1,2,10,0,0,1,0,False,sem_relacionamento_bancario,0,no_offer,blocked,0,0.0,False
964,2024-02-18T13:45:00,55,145,2,3,30,0,0,1,0,False,sem_relacionamento_bancario,0,no_offer,blocked,0,0.0,False
965,2024-02-18T20:51:00,38,20,4,2,14,0,0,1,1,False,renda_abaixo_minimo,0,no_offer,blocked,0,0.0,False
966,2024-02-18T10:34:00,53,115,2,3,27,0,0,0,0,False,sem_relacionamento_bancario,0,no_offer,blocked,0,0.0,False
967,2024-02-18T16:05:00,63,41,4,3,33,0,0,1,0,False,sem_relacionamento_bancario,0,no_offer,blocked,0,0.0,False
968,2024-02-18T09:07:00,31,84,4,2,5,1,0,1,0,True,,0,no_offer,exploration,0,0.0,False
969,2024-02-18T11:44:00,34,31,1,1,8,0,0,1,1,True,,1,banner_loan_standard,exploitation,0,-0.01,False
970,2024-02-18T19:12:00,66,42,2,3,40,0,0,0,1,True,,1,banner_loan_standard,exploitation,0,-0.01,False
971,2024-02-18T20:59:00,47,39,3,2,21,0,0,1,1,True,,1,banner_loan_standard,exploitation,0,-0.01,False
972,2024-02-18T18:01:00,43,118,2,1,19,0,0,0,1,True,,1,banner_loan_standard,exploitation,1,1.0,False
973,2024-02-18T19:22:00,33,188,2,2,7,0,0,0,0,False,sem_relacionamento_bancario,0,no_offer,blocked,0,0.0,False
974,2024-02-18T10:30:00,31,113,2,2,7,0,0,0,0,False,sem_relacionamento_bancario,0,no_offer,blocked,0,0.0,False
975,2024-02-18T10:04:00,56,13,4,2,31,0,1,1,1,False,renda_abaixo_minimo,0,no_offer,blocked,0,0.0,False
976,2024-02-18T10:33:00,60,25,4,3,34,0,0,1,0,False,sem_relacionamento_bancario,0,no_offer,blocked,0,0.0,False
977,2024-02-18T18:49:00,66,105,1,3,41,1,1,1,1,True,,1,banner_loan_standard,exploitation,1,1.0,False
978,2024-02-18T20:30:00,61,38,2,1,35,0,0,0,0,False,sem_relacionamento_bancario,0,no_offer,blocked,0,0.0,False
979,2024-02-18T15:14:00,37,190,2,1,12,0,0,1,0,False,sem_relacionamento_bancario,0,no_offer,blocked,0,0.0,False
980,2024-02-18T16:22:00,29,123,2,1,5,0,0,1,0,False,sem_relacionamento_bancario,0,no_offer,blocked,0,0.0,False
981,2024-02-19T10:08:00,61,38,2,3,35,0,0,0,0,False,sem_relacionamento_bancario,0,no_offer,blocked,0,0.0,False
982,2024-02-19T10:20:00,63,159,4,2,38,0,0,0,0,False,sem_relacionamento_bancario,0,no_offer,blocked,0,0.0,False
983,2024-02-19T14:15:00,46,164,2,1,22,0,1,1,1,True,,1,banner_loan_standard,exploration,1,1.0,False
984,2024-02-19T19:32:00,51,44,3,3,25,0,0,0,0,False,sem_relacionamento_bancario,0,no_offer,blocked,0,0.0,False
985,2024-02-19T11:03:00,36,25,4,1,12,0,0,1,0,False,sem_relacionamento_bancario,0,no_offer,blocked,0,0.0,False
986,2024-02-19T14:39:00,45,121,1,1,21,0,0,0,0,False,sem_relacionamento_bancario,0,no_offer,blocked,0,0.0,False
987,2024-02-19T08:36:00,28,155,1,1,4,0,0,0,0,False,sem_relacionamento_bancario,0,no_offer,blocked,0,0.0,False
988,2024-02-19T11:35:00,55,90,2,3,25,0,0,0,1,True,,1,banner_loan_standard,exploitation,0,-0.01,False
989,2024-02-19T12:51:00,53,41,2,3,28,1,0,0,0,True,,1,banner_loan_standard,exploitation,0,-0.01,False
990,2024-02-19T10:06:00,56,122,2,1,32,0,1,1,1,True,,1,banner_loan_standard,exploitation,0,-0.01,False
991,2024-02-19T18:27:00,55,95,2,3,25,0,0,0,0,False,sem_relacionamento_bancario,0,no_offer,blocked,0,0.0,False
992,2024-02-19T13:13:00,43,65,2,3,18,0,0,1,0,False,sem_relacionamento_bancario,0,no_offer,blocked,0,0.0,False
993,2024-02-19T14:36:00,29,110,4,3,4,0,0,0,0,False,sem_relacionamento_bancario,0,no_offer,blocked,0,0.0,False
994,2024-02-19T20:21:00,48,145,1,1,22,0,0,1,0,False,sem_relacionamento_bancario,0,no_offer,blocked,0,0.0,False
995,2024-02-19T12:54:00,52,34,1,3,26,0,0,1,0,False,sem_relacionamento_bancario,0,no_offer,blocked,0,0.0,False
996,2024-02-19T09:26:00,50,23,2,2,23,1,0,0,0,False,renda_abaixo_minimo,0,no_offer,blocked,0,0.0,False
997,2024-02-19T12:53:00,31,8,4,2,7,0,0,0,0,False,renda_abaixo_minimo,0,no_offer,blocked,0,0.0,False
998,2024-02-19T14:57:00,41,153,1,1,17,0,0,0,1,True,,1,banner_loan_standard,exploitation,0,-0.01,False
999,2024-02-19T15:38:00,59,81,2,1,33,0,0,1,0,False,sem_relacionamento_bancario,0,no_offer,blocked,0,0.0,False
1000,2024-02-19T17:49:00,28,33,3,2,4,0,0,0,1,True,,1,banner_loan_standard,exploitation,0,-0.01,False
1001,2024-02-20T20:20:00,40,61,3,3,14,0,0,1,0,False,sem_relacionamento_bancario,0,no_offer,blocked,0,0.0,False
1002,2024-02-20T12:17:00,53,39,3,3,23,0,0,1,0,False,sem_relacionamento_bancario,0,no_offer,blocked,0,0.0,False
1003,2024-02-20T12:44:00,33,71,4,3,3,0,0,0,0,False,sem_relacionamento_bancario,0,no_offer,blocked,0,0.0,False
1004,2024-02-20T11:16:00,34,21,4,1,8,0,0,0,0,False,renda_abaixo_minimo,0,no_offer,blocked,0,0.0,False
1005,2024-02-20T10:48:00,53,24,4,1,29,0,0,1,1,False,renda_abaixo_minimo,0,no_offer,blocked,0,0.0,False
1006,2024-02-20T19:10:00,26,83,3,2,0,0,0,1,0,False,sem_relacionamento_bancario,0,no_offer,blocked,0,0.0,False
1007,2024-02-20T12:51:00,29,34,4,2,5,0,0,1,0,False,sem_relacionamento_bancario,0,no_offer,blocked,0,0.0,False
1008,2024-02-20T21:03:00,49,61,1,3,23,0,0,1,1,True,,1,banner_loan_standard,exploitation,0,-0.01,False
1009,2024-02-20T09:51:00,35,41,4,2,9,0,0,1,0,False,sem_relacionamento_bancario,0,no_offer,blocked,0,0.0,False
1010,2024-02-20T10:40:00,62,63,1,3,36,0,0,1,1,True,,1,banner_loan_standard,exploitation,0,-0.01,False
1011,2024-02-20T17:20:00,34,175,4,3,8,1,1,1,1,True,,1,banner_loan_standard,exploitation,0,-0.01,False
1012,2024-02-20T17:12:00,39,63,4,3,13,0,0,0,0,False,sem_relacionamento_bancario,0,no_offer,blocked,0,0.0,False
1013,2024-02-20T08:40:00,55,9,4,1,31,0,0,1,0,False,renda_abaixo_minimo,0,no_offer,blocked,0,0.0,False
1014,2024-02-20T08:55:00,43,81,1,1,19,0,0,1,0,False,sem_relacionamento_bancario,0,no_offer,blocked,0,0.0,False
1015,2024-02-20T16:40:00,28,173,2,1,3,0,0,1,0,False,sem_relacionamento_bancario,0,no_offer,blocked,0,0.0,False
1016,2024-02-20T08:01:00,50,18,1,2,23,0,0,1,1,False,renda_abaixo_minimo,0,no_offer,blocked,0,0.0,False
1017,2024-02-20T17:49:00,55,84,2,1,30,1,0,1,0,True,,1,banner_loan_standard,exploitation,0,-0.01,False
1018,2024-02-20T17:59:00,29,108,4,2,3,0,0,0,0,False,sem_relacionamento_bancario,0,no_offer,blocked,0,0.0,False
1019,2024-02-20T15:20:00,39,62,3,2,12,0,0,0,0,False,sem_relacionamento_bancario,0,no_offer,blocked,0,0.0,False
1020,2024-02-20T19:10:00,43,81,2,1,19,0,0,1,0,False,sem_relacionamento_bancario,0,no_offer,blocked,0,0.0,False
1021,2024-02-21T13:07:00,41,154,1,1,17,0,0,0,1,True,,1,banner_loan_standard,exploitation,0,-0.01,False
1022,2024-02-21T08:14:00,33,101,1,2,7,0,0,0,0,False,sem_relacionamento_bancario,0,no_offer,blocked,0,0.0,False
1023,2024-02-21T08:59:00,26,12,1,2,0,0,0,1,0,False,renda_abaixo_minimo,0,no_offer,blocked,0,0.0,False
1024,2024-02-21T14:23:00,60,110,2,1,34,0,0,1,0,False,sem_relacionamento_bancario,0,no_offer,blocked,0,0.0,False
1025,2024-02-21T19:00:00,59,91,1,1,34,0,0,1,1,True,,1,banner_loan_standard,exploitation,1,1.0,False
1026,2024-02-21T14:36:00,60,83,2,1,34,0,0,0,0,False,sem_relacionamento_bancario,0,no_offer,blocked,0,0.0,False
1027,2024-02-21T18:00:00,62,32,3,1,37,1,0,0,1,True,,1,banner_loan_standard,exploration,1,1.0,False
1028,2024-02-21T08:04:00,27,148,1,1,3,0,0,1,1,True,,1,banner_loan_standard,exploration,1,1.0,False
1029,2024-02-21T11:20:00,32,32,1,3,6,0,0,1,0,False,sem_relacionamento_bancario,0,no_offer,blocked,0,0.0,False
1030,2024-02-21T11:10:00,56,192,1,3,31,0,1,1,0,True,,1,banner_loan_standard,exploitation,0,-0.01,False
1031,2024-02-21T11:14:00,57,93,2,1,33,0,0,0,0,False,sem_relacionamento_bancario,0,no_offer,blocked,0,0.0,False
1032,2024-02-21T10:06:00,39,65,1,3,15,0,0,0,0,False,sem_relacionamento_bancario,0,no_offer,blocked,0,0.0,False
1033,2024-02-21T17:04:00,60,40,3,3,34,1,0,1,0,True,,1,banner_loan_standard,exploitation,0,-0.01,False
1034,2024-02-21T12:29:00,50,13,4,1,26,0,0,1,0,False,renda_abaixo_minimo,0,no_offer,blocked,0,0.0,False
1035,2024-02-21T17:37:00,41,70,3,3,16,0,0,0,1,True,,1,banner_loan_standard,exploitation,1,1.0,False
1036,2024-02-21T15:39:00,56,51,3,1,31,0,0,1,1,True,,1,banner_loan_standard,exploration,0,-0.01,False
1037,2024-02-21T09:02:00,30,95,2,1,6,1,0,1,0,True,,1,banner_loan_standard,exploitation,0,-0.01,False
1038,2024-02-21T16:40:00,63,134,3,2,38,0,0,0,1,True,,1,banner_loan_standard,exploration,0,-0.01,False
1039,2024-02-21T09:09:00,54,29,2,1,30,0,0,0,1,True,,1,banner_loan_standard,exploitation,0,-0.01,False
1040,2024-02-21T12:35:00,52,55,3,3,22,0,0,1,0,False,sem_relacionamento_bancario,0,no_offer,blocked,0,0.0,False
1041,2024-02-22T19:26:00,42,23,2,3,17,0,0,0,0,False,renda_abaixo_minimo,0,no_offer,blocked,0,0.0,False
1042,2024-02-22T15:01:00,47,19,1,1,23,0,0,0,1,False,renda_abaixo_minimo,0,no_offer,blocked,0,0.0,False
1043,2024-02-22T13:12:00,60,44,2,1,34,0,0,1,0,False,sem_relacionamento_bancario,0,no_offer,blocked,0,0.0,False
1044,2024-02-22T19:33:00,41,49,3,3,15,0,1,1,1,True,,1,banner_loan_standard,exploitation,0,-0.01,False
1045,2024-02-22T18:09:00,52,80,3,1,26,0,0,0,0,False,sem_relacionamento_bancario,0,no_offer,blocked,0,0.0,False
1046,2024-02-22T08:39:00,37,61,3,2,11,0,0,0,0,False,sem_relacionamento_bancario,0,no_offer,blocked,0,0.0,False
1047,2024-02-22T09:54:00,54,80,4,3,28,0,0,0,0,False,sem_relacionamento_bancario,0,no_offer,blocked,0,0.0,False
1048,2024-02-22T16:24:00,39,24,2,2,14,0,0,1,0,False,renda_abaixo_minimo,0,no_offer,blocked,0,0.0,False
1049,2024-02-22T15:58:00,60,14,2,1,36,0,0,1,1,False,renda_abaixo_minimo,0,no_offer,blocked,0,0.0,False
1050,2024-02-22T09:21:00,47,58,4,3,22,0,0,1,1,True,,1,banner_loan_standard,exploitation,0,-0.01,False
1051,2024-02-22T19:31:00,39,75,3,1,14,0,0,0,1,True,,1,banner_loan_standard,exploitation,0,-0.01,False
1052,2024-02-22T10:45:00,52,145,2,1,28,0,0,1,0,False,sem_relacionamento_bancario,0,no_offer,blocked,0,0.0,False
1053,2024-02-22T10:57:00,37,84,4,2,11,0,0,1,1,True,,0,no_offer,exploration,0,0.0,False
1054,2024-02-22T21:54:00,32,28,4,3,7,0,0,0,0,False,sem_relacionamento_bancario,0,no_offer,blocked,0,0.0,False
1055,2024-02-22T14:48:00,37,34,3,2,11,0,0,0,0,False,sem_relacionamento_bancario,0,no_offer,blocked,0,0.0,False
1056,2024-02-22T19:40:00,31,83,4,2,6,0,0,1,0,False,sem_relacionamento_bancario,0,no_offer,blocked,0,0.0,False
1057,2024-02-22T21:20:00,39,28,2,2,14,0,0,0,1,True,,1,banner_loan_standard,exploitation,0,-0.01,False
1058,2024-02-22T21:07:00,63,109,1,1,37,0,0,1,0,False,sem_relacionamento_bancario,0,no_offer,blocked,0,0.0,False
1059,2024-02-22T21:39:00,30,193,3,3,6,0,0,1,0,False,sem_relacionamento_bancario,0,no_offer,blocked,0,0.0,False
1060,2024-02-22T21:06:00,50,9,2,2,23,0,0,1,0,False,renda_abaixo_minimo,0,no_offer,blocked,0,0.0,False
1061,2024-02-23T14:43:00,58,63,4,1,34,0,0,1,0,False,sem_relacionamento_bancario,0,no_offer,blocked,0,0.0,False
1062,2024-02-23T18:21:00,43,74,4,1,18,0,0,0,0,False,sem_relacionamento_bancario,0,no_offer,blocked,0,0.0,False
1063,2024-02-23T13:42:00,62,85,4,2,37,0,0,1,0,False,sem_relacionamento_bancario,0,no_offer,blocked,0,0.0,False
1064,2024-02-23T16:21:00,53,10,2,1,29,0,0,0,0,False,renda_abaixo_minimo,0,no_offer,blocked,0,0.0,False
1065,2024-02-23T19:28:00,63,41,4,3,33,0,0,1,0,False,sem_relacionamento_bancario,0,no_offer,blocked,0,0.0,False
1066,2024-02-23T20:17:00,39,138,1,2,12,0,0,1,0,False,sem_relacionamento_bancario,0,no_offer,blocked,0,0.0,False
1067,2024-02-23T09:28:00,38,44,2,1,14,0,0,0,0,False,sem_relacionamento_bancario,0,no_offer,blocked,0,0.0,False
1068,2024-02-23T12:14:00,35,58,4,3,10,0,0,0,0,False,sem_relacionamento_bancario,0,no_offer,blocked,0,0.0,False
1069,2024-02-23T11:26:00,50,152,1,1,24,0,0,1,0,False,sem_relacionamento_bancario,0,no_offer,blocked,0,0.0,False
1070,2024-02-23T14:23:00,42,60,4,3,18,0,0,0,1,True,,1,banner_loan_standard,exploitation,0,-0.01,False
1071,2024-02-23T19:12:00,59,23,4,2,34,0,0,0,0,False,renda_abaixo_minimo,0,no_offer,blocked,0,0.0,False
1072,2024-02-23T13:42:00,60,29,3,2,35,0,0,0,0,False,sem_relacionamento_bancario,0,no_offer,blocked,0,0.0,False
1073,2024-02-23T10:53:00,33,145,2,1,9,0,0,0,1,True,,1,banner_loan_standard,exploitation,0,-0.01,False
1074,2024-02-23T14:43:00,44,171,4,1,20,0,1,1,1,True,,1,banner_loan_standard,exploitation,1,1.0,False
1075,2024-02-23T16:36:00,62,135,2,2,36,0,0,1,0,False,sem_relacionamento_bancario,0,no_offer,blocked,0,0.0,False
1076,2024-02-23T15:41:00,39,91,2,2,15,0,0,0,0,False,sem_relacionamento_bancario,0,no_offer,blocked,0,0.0,False
1077,2024-02-23T17:15:00,27,74,3,3,1,0,0,1,0,False,sem_relacionamento_bancario,0,no_offer,blocked,0,0.0,False
1078,2024-02-23T15:00:00,63,50,2,1,38,0,0,0,0,False,sem_relacionamento_bancario,0,no_offer,blocked,0,0.0,False
1079,2024-02-23T19:04:00,41,140,1,1,17,0,0,0,0,False,sem_relacionamento_bancario,0,no_offer,blocked,0,0.0,False
1080,2024-02-23T10:00:00,52,45,1,2,27,0,0,0,0,False,sem_relacionamento_bancario,0,no_offer,blocked,0,0.0,False
1081,2024-02-24T11:39:00,66,65,3,1,41,0,0,0,0,False,sem_relacionamento_bancario,0,no_offer,blocked,0,0.0,False
1082,2024-02-24T18:24:00,47,58,4,3,22,0,0,1,1,True,,1,banner_loan_standard,exploration,0,-0.01,False
1083,2024-02-24T17:20:00,51,21,4,1,26,0,0,1,0,False,renda_abaixo_minimo,0,no_offer,blocked,0,0.0,False
1084,2024-02-24T21:38:00,30,48,1,3,6,0,0,0,0,False,sem_relacionamento_bancario,0,no_offer,blocked,0,0.0,False
1085,2024-02-24T18:26:00,60,51,3,3,34,0,0,0,0,False,sem_relacionamento_bancario,0,no_offer,blocked,0,0.0,False
1086,2024-02-24T09:40:00,31,132,1,1,6,0,0,1,0,False,sem_relacionamento_bancario,0,no_offer,blocked,0,0.0,False
1087,2024-02-24T20:08:00,57,38,2,3,32,0,0,0,0,False,sem_relacionamento_bancario,0,no_offer,blocked,0,0.0,False
1088,2024-02-24T11:35:00,47,71,4,1,21,0,0,1,0,False,sem_relacionamento_bancario,0,no_offer,blocked,0,0.0,False
1089,2024-02-24T19:16:00,32,44,1,1,6,0,0,1,1,True,,1,banner_loan_standard,exploration,0,-0.01,False
1090,2024-02-24T21:13:00,33,14,4,2,9,0,0,1,0,False,renda_abaixo_minimo,0,no_offer,blocked,0,0.0,False
1091,2024-02-24T16:33:00,43,51,1,3,17,0,0,0,0,False,sem_relacionamento_bancario,0,no_offer,blocked,0,0.0,False
1092,2024-02-24T10:30:00,46,185,4,2,20,0,0,0,1,True,,1,banner_loan_standard,exploitation,1,1.0,False
1093,2024-02-24T14:05:00,51,180,1,1,25,0,0,1,0,False,sem_relacionamento_bancario,0,no_offer,blocked,0,0.0,False
1094,2024-02-24T11:46:00,27,158,3,2,2,0,1,1,0,True,,1,banner_loan_standard,exploitation,0,-0.01,False
1095,2024-02-24T15:53:00,50,115,1,3,26,0,0,0,1,True,,1,banner_loan_standard,exploitation,0,-0.01,False
1096,2024-02-24T12:53:00,43,80,3,1,17,0,1,1,1,True,,1,banner_loan_standard,exploitation,0,-0.01,False
1097,2024-02-24T15:38:00,51,41,4,1,25,0,0,0,0,False,sem_relacionamento_bancario,0,no_offer,blocked,0,0.0,False
1098,2024-02-24T19:56:00,55,73,2,3,29,0,0,1,1,True,,1,banner_loan_standard,exploration,0,-0.01,False
1099,2024-02-24T14:03:00,28,55,4,1,3,0,0,1,1,True,,1,banner_loan_standard,exploitation,0,-0.01,False
1100,2024-02-24T20:13:00,35,85,4,3,5,0,0,1,0,False,sem_relacionamento_bancario,0,no_offer,blocked,0,0.0,False
1101,2024-02-25T10:23:00,59,99,1,1,34,0,0,0,0,False,sem_relacionamento_bancario,0,no_offer,blocked,0,0.0,False
1102,2024-02-25T11:55:00,26,72,4,1,2,1,1,1,0,True,,1,banner_loan_standard,exploration,0,-0.01,False
1103,2024-02-25T09:18:00,58,84,2,1,34,0,0,1,1,True,,1,banner_loan_standard,exploitation,0,-0.01,False
1104,2024-02-25T08:45:00,34,55,3,1,9,1,1,1,1,True,,1,banner_loan_standard,exploitation,0,-0.01,False
1105,2024-02-25T10:21:00,37,22,3,2,11,0,0,0,0,False,renda_abaixo_minimo,0,no_offer,blocked,0,0.0,False
1106,2024-02-25T17:37:00,35,34,4,1,10,0,0,1,1,True,,1,banner_loan_standard,exploitation,0,-0.01,False
1107,2024-02-25T10:47:00,58,80,2,3,28,0,0,0,1,True,,1,banner_loan_standard,exploitation,0,-0.01,False
1108,2024-02-25T08:54:00,25,113,3,1,1,0,0,0,1,True,,1,banner_loan_standard,exploitation,0,-0.01,False
1109,2024-02-25T08:58:00,59,38,3,3,33,1,1,1,1,True,,1,banner_loan_standard,exploitation,0,-0.01,False
1110,2024-02-25T16:59:00,51,29,1,3,25,0,0,0,1,True,,1,banner_loan_standard,exploitation,0,-0.01,False
1111,2024-02-25T13:03:00,62,195,4,3,38,0,1,1,1,True,,1,banner_loan_standard,exploitation,1,1.0,False
1112,2024-02-25T13:46:00,35,69,4,2,9,0,0,0,1,True,,1,banner_loan_standard,exploitation,0,-0.01,False
1113,2024-02-25T21:59:00,40,70,3,1,14,0,0,0,0,False,sem_relacionamento_bancario,0,no_offer,blocked,0,0.0,False
1114,2024-02-25T18:38:00,57,19,4,2,32,0,0,1,0,False,renda_abaixo_minimo,0,no_offer,blocked,0,0.0,False
1115,2024-02-25T16:51:00,44,138,2,1,20,0,0,0,1,True,,1,banner_loan_standard,exploitation,0,-0.01,False
1116,2024-02-25T20:42:00,57,60,3,1,32,1,1,1,1,True,,1,banner_loan_standard,exploitation,0,-0.01,False
1117,2024-02-25T08:29:00,64,13,4,2,39,0,0,1,0,False,renda_abaixo_minimo,0,no_offer,blocked,0,0.0,False
1118,2024-02-25T21:53:00,61,13,3,1,36,0,0,1,0,False,renda_abaixo_minimo,0,no_offer,blocked,0,0.0,False
1119,2024-02-25T20:05:00,56,120,1,1,32,0,0,1,0,False,sem_relacionamento_bancario,0,no_offer,blocked,0,0.0,False
1120,2024-02-25T12:18:00,34,70,4,1,9,1,0,0,0,True,,1,banner_loan_standard,exploitation,0,-0.01,False
1121,2024-02-26T10:04:00,42,39,3,3,12,1,1,1,1,True,,1,banner_loan_standard,exploitation,0,-0.01,False
1122,2024-02-26T20:36:00,64,182,1,2,39,0,0,1,0,False,sem_relacionamento_bancario,0,no_offer,blocked,0,0.0,False
1123,2024-02-26T11:48:00,45,29,4,3,20,0,0,0,0,False,sem_relacionamento_bancario,0,no_offer,blocked,0,0.0,False
1124,2024-02-26T12:09:00,42,43,1,3,18,0,0,0,0,False,sem_relacionamento_bancario,0,no_offer,blocked,0,0.0,False
1125,2024-02-26T12:35:00,58,65,3,3,32,0,0,0,0,False,sem_relacionamento_bancario,0,no_offer,blocked,0,0.0,False
1126,2024-02-26T14:49:00,26,42,4,3,0,1,0,0,0,True,,1,banner_loan_standard,exploration,1,1.0,False
1127,2024-02-26T10:00:00,34,71,4,1,9,0,0,1,0,False,sem_relacionamento_bancario,0,no_offer,blocked,0,0.0,False
1128,2024-02-26T16:53:00,29,113,2,2,5,0,0,1,1,True,,1,banner_loan_standard,exploitation,1,1.0,False
1129,2024-02-26T21:59:00,62,53,2,1,37,0,0,1,0,False,sem_relacionamento_bancario,0,no_offer,blocked,0,0.0,False
1130,2024-02-26T19:59:00,62,84,2,1,36,0,0,1,0,False,sem_relacionamento_bancario,0,no_offer,blocked,0,0.0,False
1131,2024-02-26T16:35:00,29,112,2,2,5,1,0,0,0,True,,1,banner_loan_standard,exploitation,0,-0.01,False
1132,2024-02-26T12:29:00,24,51,3,3,-2,0,0,1,0,False,sem_relacionamento_bancario,0,no_offer,blocked,0,0.0,False
1133,2024-02-26T15:43:00,46,12,4,3,20,0,0,0,1,False,renda_abaixo_minimo,0,no_offer,blocked,0,0.0,False
1134,2024-02-26T17:29:00,49,114,1,1,23,0,0,1,0,False,sem_relacionamento_bancario,0,no_offer,blocked,0,0.0,False
1135,2024-02-26T13:27:00,41,82,3,1,15,0,0,1,0,False,sem_relacionamento_bancario,0,no_offer,blocked,0,0.0,False
1136,2024-02-26T14:34:00,43,72,1,1,17,0,0,1,0,False,sem_relacionamento_bancario,0,no_offer,blocked,0,0.0,False
1137,2024-02-26T14:27:00,56,34,2,2,30,0,0,1,0,False,sem_relacionamento_bancario,0,no_offer,blocked,0,0.0,False
1138,2024-02-26T13:30:00,53,44,3,3,23,0,0,1,1,True,,1,banner_loan_standard,exploitation,0,-0.01,False
1139,2024-02-26T17:24:00,58,84,4,2,34,0,0,1,0,False,sem_relacionamento_bancario,0,no_offer,blocked,0,0.0,False
1140,2024-02-26T20:35:00,51,92,4,1,27,0,1,1,1,True,,1,banner_loan_standard,exploitation,1,1.0,False
1141,2024-02-27T15:42:00,26,79,2,1,2,0,0,1,0,False,sem_relacionamento_bancario,0,no_offer,blocked,0,0.0,False
1142,2024-02-27T11:17:00,35,78,1,2,10,0,0,0,0,False,sem_relacionamento_bancario,0,no_offer,blocked,0,0.0,False
1143,2024-02-27T11:49:00,64,172,4,1,39,0,1,1,1,True,,1,banner_loan_standard,exploitation,1,1.0,False
1144,2024-02-27T08:26:00,44,14,2,3,18,0,0,0,1,False,renda_abaixo_minimo,0,no_offer,blocked,0,0.0,False
1145,2024-02-27T09:31:00,43,118,2,1,19,0,0,0,1,True,,1,banner_loan_standard,exploitation,0,-0.01,False
1146,2024-02-27T15:10:00,26,74,4,1,1,0,0,1,0,False,sem_relacionamento_bancario,0,no_offer,blocked,0,0.0,False
1147,2024-02-27T11:23:00,56,63,3,3,26,0,0,1,0,False,sem_relacionamento_bancario,0,no_offer,blocked,0,0.0,False
1148,2024-02-27T14:20:00,49,55,4,3,25,0,0,1,0,False,sem_relacionamento_bancario,0,no_offer,blocked,0,0.0,False
1149,2024-02-27T17:25:00,30,30,3,1,4,0,0,1,0,False,sem_relacionamento_bancario,0,no_offer,blocked,0,0.0,False
1150,2024-02-27T16:36:00,60,145,4,1,36,0,0,0,1,True,,1,banner_loan_standard,exploitation,0,-0.01,False
1151,2024-02-27T17:20:00,29,123,2,1,5,0,0,1,0,False,sem_relacionamento_bancario,0,no_offer,blocked,0,0.0,False
1152,2024-02-27T17:36:00,61,39,4,1,37,0,0,1,1,True,,1,banner_loan_standard,exploitation,0,-0.01,False
1153,2024-02-27T16:20:00,37,60,2,1,11,0,0,0,1,True,,1,banner_loan_standard,exploitation,0,-0.01,False
1154,2024-02-27T16:32:00,28,90,2,1,3,0,0,1,1,True,,1,banner_loan_standard,exploitation,0,-0.01,False
1155,2024-02-27T09:52:00,48,145,1,1,22,0,0,1,0,False,sem_relacionamento_bancario,0,no_offer,blocked,0,0.0,False
1156,2024-02-27T11:41:00,55,50,2,3,30,0,0,1,0,False,sem_relacionamento_bancario,0,no_offer,blocked,0,0.0,False
1157,2024-02-27T08:23:00,42,45,1,1,18,1,0,1,0,True,,1,banner_loan_standard,exploration,0,-0.01,False
1158,2024-02-27T18:40:00,58,60,2,2,33,1,0,1,0,True,,1,banner_loan_standard,exploration,0,-0.01,False
1159,2024-02-27T14:21:00,63,50,1,2,39,0,0,0,0,False,sem_relacionamento_bancario,0,no_offer,blocked,0,0.0,False
1160,2024-02-27T08:16:00,32,71,2,3,2,0,0,0,0,False,sem_relacionamento_bancario,0,no_offer,blocked,0,0.0,False
1161,2024-02-28T09:05:00,30,141,2,1,6,0,0,1,0,False,sem_relacionamento_bancario,0,no_offer,blocked,0,0.0,False
1162,2024-02-28T21:05:00,56,29,4,3,30,0,0,0,0,False,sem_relacionamento_bancario,0,no_offer,blocked,0,0.0,False
1163,2024-02-28T12:01:00,51,29,1,3,25,0,0,0,1,True,,1,banner_loan_standard,exploitation,0,-0.01,False
1164,2024-02-28T13:47:00,55,21,4,3,29,0,0,0,0,False,renda_abaixo_minimo,0,no_offer,blocked,0,0.0,False
1165,2024-02-28T16:01:00,45,25,2,3,19,0,0,1,0,False,sem_relacionamento_bancario,0,no_offer,blocked,0,0.0,False
1166,2024-02-28T17:33:00,56,195,1,1,30,0,0,0,0,False,sem_relacionamento_bancario,0,no_offer,blocked,0,0.0,False
1167,2024-02-28T10:38:00,45,45,3,2,18,0,0,1,0,False,sem_relacionamento_bancario,0,no_offer,blocked,0,0.0,False
1168,2024-02-28T13:11:00,51,113,1,3,26,0,0,1,0,False,sem_relacionamento_bancario,0,no_offer,blocked,0,0.0,False
1169,2024-02-28T18:09:00,64,91,2,3,40,0,0,1,1,True,,1,banner_loan_standard,exploration,1,1.0,False
1170,2024-02-28T10:50:00,37,94,4,3,7,0,0,1,0,False,sem_relacionamento_bancario,0,no_offer,blocked,0,0.0,False
1171,2024-02-28T08:31:00,61,18,1,1,36,0,0,0,0,False,renda_abaixo_minimo,0,no_offer,blocked,0,0.0,False
1172,2024-02-28T14:20:00,51,85,3,2,24,0,0,0,0,False,sem_relacionamento_bancario,0,no_offer,blocked,0,0.0,False
1173,2024-02-28T11:25:00,60,22,3,3,34,0,0,1,1,False,renda_abaixo_minimo,0,no_offer,blocked,0,0.0,False
1174,2024-02-28T11:45:00,59,19,2,2,34,0,0,1,0,False,renda_abaixo_minimo,0,no_offer,blocked,0,0.0,False
1175,2024-02-28T11:21:00,63,78,4,3,37,0,0,1,0,False,sem_relacionamento_bancario,0,no_offer,blocked,0,0.0,False
1176,2024-02-28T15:39:00,31,53,4,1,6,0,0,1,0,False,sem_relacionamento_bancario,0,no_offer,blocked,0,0.0,False
1177,2024-02-28T12:14:00,56,35,3,2,31,0,0,0,0,False,sem_relacionamento_bancario,0,no_offer,blocked,0,0.0,False
1178,2024-02-28T13:51:00,58,32,3,1,32,0,0,1,0,False,sem_relacionamento_bancario,0,no_offer,blocked,0,0.0,False
1179,2024-02-28T16:39:00,38,59,3,3,12,1,1,1,1,True,,1,banner_loan_standard,exploitation,0,-0.01,False
1180,2024-02-28T17:27:00,59,52,2,3,34,0,0,1,0,False,sem_relacionamento_bancario,0,no_offer,blocked,0,0.0,False
1181,2024-02-29T17:48:00,56,79,3,1,30,0,0,0,0,False,sem_relacionamento_bancario,0,no_offer,blocked,0,0.0,False
1182,2024-02-29T09:24:00,41,24,2,3,15,1,0,1,0,False,renda_abaixo_minimo,0,no_offer,blocked,0,0.0,False
1183,2024-02-29T15:43:00,56,48,1,3,30,0,0,1,1,True,,0,no_offer,exploration,0,0.0,False
1184,2024-02-29T13:38:00,55,30,4,2,29,0,0,0,1,True,,1,banner_loan_standard,exploitation,0,-0.01,False
1185,2024-02-29T11:22:00,30,191,2,2,6,0,0,1,0,False,sem_relacionamento_bancario,0,no_offer,blocked,0,0.0,False
1186,2024-02-29T10:04:00,45,70,4,3,20,0,0,1,1,True,,1,banner_loan_standard,exploitation,0,-0.01,False
1187,2024-02-29T17:07:00,67,51,3,1,42,0,0,1,1,True,,1,banner_loan_standard,exploitation,0,-0.01,False
1188,2024-02-29T15:59:00,26,135,1,1,2,0,0,0,0,False,sem_relacionamento_bancario,0,no_offer,blocked,0,0.0,False
1189,2024-02-29T19:40:00,49,59,3,1,23,0,0,0,0,False,sem_relacionamento_bancario,0,no_offer,blocked,0,0.0,False
1190,2024-02-29T11:36:00,64,84,1,1,38,0,0,0,0,False,sem_relacionamento_bancario,0,no_offer,blocked,0,0.0,False
1191,2024-02-29T12:07:00,36,72,1,1,11,0,0,0,0,False,sem_relacionamento_bancario,0,no_offer,blocked,0,0.0,False
1192,2024-02-29T14:08:00,60,173,3,3,35,0,0,1,0,False,sem_relacionamento_bancario,0,no_offer,blocked,0,0.0,False
1193,2024-02-29T15:17:00,56,74,3,3,31,0,0,1,1,True,,1,banner_loan_standard,exploitation,0,-0.01,False
1194,2024-02-29T09:06:00,43,91,1,1,17,1,0,0,0,True,,1,banner_loan_standard,exploration,0,-0.01,False
1195,2024-02-29T18:49:00,52,81,3,2,28,1,0,0,0,True,,1,banner_loan_standard,exploitation,0,-0.01,False
1196,2024-02-29T18:39:00,56,88,2,1,32,0,0,1,0,False,sem_relacionamento_bancario,0,no_offer,blocked,0,0.0,False
1197,2024-02-29T13:32:00,30,110,1,3,4,0,0,1,0,False,sem_relacionamento_bancario,0,no_offer,blocked,0,0.0,False
1198,2024-02-29T15:36:00,46,73,2,3,20,0,1,1,1,True,,1,banner_loan_standard,exploitation,1,1.0,False
1199,2024-02-29T19:47:00,44,49,4,3,19,0,0,1,0,False,sem_relacionamento_bancario,0,no_offer,blocked,0,0.0,False
1200,2024-02-29T18:36:00,63,25,2,3,37,0,0,1,0,False,sem_relacionamento_bancario,0,no_offer,blocked,0,0.0,False
1201,2024-03-01T13:18:00,47,148,2,1,23,0,1,1,1,True,,1,banner_loan_standard,exploitation,0,-0.01,False
1202,2024-03-01T16:11:00,48,22,1,1,23,0,0,0,0,False,renda_abaixo_minimo,0,no_offer,blocked,0,0.0,False
1203,2024-03-01T08:44:00,48,108,2,3,23,0,0,0,1,True,,1,banner_loan_standard,exploitation,0,-0.01,False
1204,2024-03-01T14:52:00,38,91,2,1,14,0,0,1,0,False,sem_relacionamento_bancario,0,no_offer,blocked,0,0.0,False
1205,2024-03-01T12:29:00,59,38,1,1,35,0,0,1,0,False,sem_relacionamento_bancario,0,no_offer,blocked,0,0.0,False
1206,2024-03-01T20:33:00,44,69,3,2,17,0,0,0,0,False,sem_relacionamento_bancario,0,no_offer,blocked,0,0.0,False
1207,2024-03-01T11:27:00,35,113,3,3,9,0,0,1,0,False,sem_relacionamento_bancario,0,no_offer,blocked,0,0.0,False
1208,2024-03-01T14:26:00,37,71,2,2,13,0,0,1,1,True,,1,banner_loan_standard,exploitation,0,-0.01,False
1209,2024-03-01T11:24:00,45,39,2,3,21,0,0,0,1,True,,1,banner_loan_standard,exploitation,1,1.0,False
1210,2024-03-01T11:33:00,49,82,2,2,23,0,0,0,0,False,sem_relacionamento_bancario,0,no_offer,blocked,0,0.0,False
1211,2024-03-01T17:04:00,41,80,1,1,17,0,0,0,0,False,sem_relacionamento_bancario,0,no_offer,blocked,0,0.0,False
1212,2024-03-01T16:51:00,38,64,1,3,14,0,0,0,1,True,,1,banner_loan_standard,exploitation,0,-0.01,False
1213,2024-03-01T13:49:00,39,24,2,2,14,0,0,1,0,False,renda_abaixo_minimo,0,no_offer,blocked,0,0.0,False
1214,2024-03-01T13:18:00,49,114,1,3,25,0,0,1,0,False,sem_relacionamento_bancario,0,no_offer,blocked,0,0.0,False
1215,2024-03-01T19:43:00,53,51,2,3,29,0,0,1,0,False,sem_relacionamento_bancario,0,no_offer,blocked,0,0.0,False
1216,2024-03-01T16:10:00,53,85,3,2,29,0,0,1,0,False,sem_relacionamento_bancario,0,no_offer,blocked,0,0.0,False
1217,2024-03-01T09:46:00,46,73,1,2,20,0,0,1,0,False,sem_relacionamento_bancario,0,no_offer,blocked,0,0.0,False
1218,2024-03-01T15:33:00,54,42,4,1,28,0,0,1,1,True,,1,banner_loan_standard,exploitation,0,-0.01,False
1219,2024-03-01T13:02:00,54,21,1,2,30,0,0,1,0,False,renda_abaixo_minimo,0,no_offer,blocked,0,0.0,False
1220,2024-03-01T12:27:00,60,65,4,2,34,1,0,1,0,True,,1,banner_loan_standard,exploitation,0,-0.01,False
1221,2024-03-02T12:34:00,62,115,4,2,37,0,0,1,1,True,,1,banner_loan_standard,exploitation,1,1.0,False
1222,2024-03-02T10:46:00,60,101,3,1,34,0,0,1,1,True,,0,no_offer,exploration,0,0.0,False
1223,2024-03-02T16:22:00,36,33,4,2,10,1,0,1,0,True,,0,no_offer,exploration,0,0.0,False
1224,2024-03-02T13:16:00,64,43,1,2,40,0,0,1,0,False,sem_relacionamento_bancario,0,no_offer,blocked,0,0.0,False
1225,2024-03-02T12:43:00,41,141,2,1,17,0,0,0,0,False,sem_relacionamento_bancario,0,no_offer,blocked,0,0.0,False
1226,2024-03-02T18:29:00,62,19,4,2,37,1,0,0,0,False,renda_abaixo_minimo,0,no_offer,blocked,0,0.0,False
1227,2024-03-02T11:15:00,64,40,1,3,38,0,0,1,1,True,,1,banner_loan_standard,exploitation,0,-0.01,False
1228,2024-03-02T15:55:00,57,79,3,1,31,0,0,0,1,True,,0,no_offer,exploration,0,0.0,False
1229,2024-03-02T19:46:00,36,78,4,3,6,0,0,0,0,False,sem_relacionamento_bancario,0,no_offer,blocked,0,0.0,False
1230,2024-03-02T14:05:00,40,119,2,2,16,0,0,1,0,False,sem_relacionamento_bancario,0,no_offer,blocked,0,0.0,False
1231,2024-03-02T16:19:00,57,69,4,1,32,0,0,0,0,False,sem_relacionamento_bancario,0,no_offer,blocked,0,0.0,False
1232,2024-03-02T19:00:00,55,35,3,1,29,0,0,0,0,False,sem_relacionamento_bancario,0,no_offer,blocked,0,0.0,False
1233,2024-03-02T15:54:00,52,163,2,1,28,0,0,1,0,False,sem_relacionamento_bancario,0,no_offer,blocked,0,0.0,False
1234,2024-03-02T14:02:00,56,70,3,2,30,0,0,0,0,False,sem_relacionamento_bancario,0,no_offer,blocked,0,0.0,False
1235,2024-03-02T11:57:00,43,158,1,1,17,0,0,1,0,False,sem_relacionamento_bancario,0,no_offer,blocked,0,0.0,False
1236,2024-03-02T16:46:00,30,73,3,3,5,0,0,1,0,False,sem_relacionamento_bancario,0,no_offer,blocked,0,0.0,False
1237,2024-03-02T13:14:00,54,121,2,1,30,0,0,1,0,False,sem_relacionamento_bancario,0,no_offer,blocked,0,0.0,False
1238,2024-03-02T12:34:00,29,69,3,3,3,0,0,0,0,False,sem_relacionamento_bancario,0,no_offer,blocked,0,0.0,False
1239,2024-03-02T11:13:00,38,90,2,1,14,0,0,1,1,True,,1,banner_loan_standard,exploitation,0,-0.01,False
1240,2024-03-02T11:11:00,41,99,1,3,16,0,0,1,0,False,sem_relacionamento_bancario,0,no_offer,blocked,0,0.0,False
1241,2024-03-03T08:38:00,55,82,4,2,30,0,0,1,0,False,sem_relacionamento_bancario,0,no_offer,blocked,0,0.0,False
1242,2024-03-03T16:34:00,40,29,1,3,10,0,0,1,0,False,sem_relacionamento_bancario,0,no_offer,blocked,0,0.0,False
1243,2024-03-03T19:12:00,37,49,4,3,13,0,0,0,0,False,sem_relacionamento_bancario,0,no_offer,blocked,0,0.0,False
1244,2024-03-03T09:50:00,60,83,2,1,34,0,0,0,0,False,sem_relacionamento_bancario,0,no_offer,blocked,0,0.0,False
1245,2024-03-03T08:05:00,51,23,1,1,27,0,0,1,0,False,renda_abaixo_minimo,0,no_offer,blocked,0,0.0,False
1246,2024-03-03T18:26:00,28,54,4,2,3,0,0,1,0,False,sem_relacionamento_bancario,0,no_offer,blocked,0,0.0,False
1247,2024-03-03T15:45:00,47,65,1,2,21,1,0,1,0,True,,1,banner_loan_standard,exploitation,1,1.0,False
1248,2024-03-03T13:13:00,64,52,2,1,40,0,0,0,0,False,sem_relacionamento_bancario,0,no_offer,blocked,0,0.0,False
1249,2024-03-03T11:52:00,51,24,3,1,27,0,0,1,1,False,renda_abaixo_minimo,0,no_offer,blocked,0,0.0,False
1250,2024-03-03T15:34:00,31,13,1,3,7,0,0,1,0,False,renda_abaixo_minimo,0,no_offer,blocked,0,0.0,False
1251,2024-03-03T10:29:00,65,158,2,1,41,0,0,0,0,False,sem_relacionamento_bancario,0,no_offer,blocked,0,0.0,False
1252,2024-03-03T21:58:00,35,83,2,3,9,0,0,1,0,False,sem_relacionamento_bancario,0,no_offer,blocked,0,0.0,False
1253,2024-03-03T11:48:00,45,59,2,1,21,0,0,1,0,False,sem_relacionamento_bancario,0,no_offer,blocked,0,0.0,False
1254,2024-03-03T13:22:00,32,112,1,2,6,1,1,1,1,True,,1,banner_loan_standard,exploration,1,1.0,False
1255,2024-03-03T13:47:00,60,92,2,1,34,0,0,0,0,False,sem_relacionamento_bancario,0,no_offer,blocked,0,0.0,False
1256,2024-03-03T16:18:00,56,22,1,3,32,0,0,1,1,False,renda_abaixo_minimo,0,no_offer,blocked,0,0.0,False
1257,2024-03-03T21:50:00,37,64,3,2,11,0,0,1,0,False,sem_relacionamento_bancario,0,no_offer,blocked,0,0.0,False
1258,2024-03-03T10:41:00,48,133,2,2,22,0,0,1,0,False,sem_relacionamento_bancario,0,no_offer,blocked,0,0.0,False
1259,2024-03-03T20:06:00,33,152,1,1,9,0,0,1,1,True,,1,banner_loan_standard,exploitation,0,-0.01,False
1260,2024-03-03T21:08:00,37,63,3,1,12,0,0,1,0,False,sem_relacionamento_bancario,0,no_offer,blocked,0,0.0,False
1261,2024-03-04T18:59:00,39,79,2,2,15,0,0,0,0,False,sem_relacionamento_bancario,0,no_offer,blocked,0,0.0,False
1262,2024-03-04T14:56:00,51,59,1,1,26,0,0,1,0,False,sem_relacionamento_bancario,0,no_offer,blocked,0,0.0,False
1263,2024-03-04T19:18:00,60,64,3,3,34,0,0,0,0,False,sem_relacionamento_bancario,0,no_offer,blocked,0,0.0,False
1264,2024-03-04T11:13:00,28,29,4,1,3,0,0,1,0,False,sem_relacionamento_bancario,0,no_offer,blocked,0,0.0,False
1265,2024-03-04T15:37:00,27,72,4,1,3,0,0,1,0,False,sem_relacionamento_bancario,0,no_offer,blocked,0,0.0,False
1266,2024-03-04T12:35:00,36,29,1,1,12,0,0,1,0,False,sem_relacionamento_bancario,0,no_offer,blocked,0,0.0,False
1267,2024-03-04T15:16:00,30,38,1,3,4,0,0,1,0,False,sem_relacionamento_bancario,0,no_offer,blocked,0,0.0,False
1268,2024-03-04T15:51:00,39,143,1,1,15,0,0,1,1,True,,1,banner_loan_standard,exploitation,1,1.0,False
1269,2024-03-04T16:13:00,57,45,1,3,33,0,0,0,0,False,sem_relacionamento_bancario,0,no_offer,blocked,0,0.0,False
1270,2024-03-04T18:52:00,63,110,3,2,38,0,0,1,0,False,sem_relacionamento_bancario,0,no_offer,blocked,0,0.0,False
1271,2024-03-04T10:40:00,35,63,2,1,9,0,0,1,0,False,sem_relacionamento_bancario,0,no_offer,blocked,0,0.0,False
1272,2024-03-04T18:13:00,28,74,3,3,3,0,0,0,0,False,sem_relacionamento_bancario,0,no_offer,blocked,0,0.0,False
1273,2024-03-04T11:27:00,50,48,4,3,26,0,0,0,1,True,,1,banner_loan_standard,exploitation,1,1.0,False
1274,2024-03-04T15:01:00,30,118,4,3,5,0,0,1,0,False,sem_relacionamento_bancario,0,no_offer,blocked,0,0.0,False
1275,2024-03-04T16:45:00,52,64,2,3,28,0,0,1,0,False,sem_relacionamento_bancario,0,no_offer,blocked,0,0.0,False
1276,2024-03-04T13:40:00,57,155,1,1,33,0,0,1,0,False,sem_relacionamento_bancario,0,no_offer,blocked,0,0.0,False
1277,2024-03-04T20:48:00,52,154,1,3,22,1,1,1,0,True,,1,banner_loan_standard,exploitation,0,-0.01,False
1278,2024-03-04T21:11:00,25,21,4,1,-1,0,0,1,0,False,renda_abaixo_minimo,0,no_offer,blocked,0,0.0,False
1279,2024-03-04T10:10:00,45,62,3,3,20,0,0,1,0,False,sem_relacionamento_bancario,0,no_offer,blocked,0,0.0,False
1280,2024-03-04T21:49:00,32,83,4,2,6,0,0,0,0,False,sem_relacionamento_bancario,0,no_offer,blocked,0,0.0,False
1281,2024-03-05T11:36:00,33,53,1,1,9,0,0,0,1,True,,1,banner_loan_standard,exploitation,0,-0.01,False
1282,2024-03-05T20:08:00,60,154,1,2,33,1,1,1,0,True,,1,banner_loan_standard,exploitation,1,1.0,False
1283,2024-03-05T08:33:00,44,130,1,1,20,0,0,0,1,True,,1,banner_loan_standard,exploitation,0,-0.01,False
1284,2024-03-05T15:31:00,61,10,1,1,36,0,0,0,0,False,renda_abaixo_minimo,0,no_offer,blocked,0,0.0,False
1285,2024-03-05T08:07:00,54,45,4,2,30,0,0,1,0,False,sem_relacionamento_bancario,0,no_offer,blocked,0,0.0,False
1286,2024-03-05T20:22:00,60,51,3,3,34,0,0,0,0,False,sem_relacionamento_bancario,0,no_offer,blocked,0,0.0,False
1287,2024-03-05T15:11:00,50,42,4,2,26,0,0,1,0,False,sem_relacionamento_bancario,0,no_offer,blocked,0,0.0,False
1288,2024-03-05T16:18:00,52,51,1,3,28,1,0,0,1,True,,1,banner_loan_standard,exploitation,0,-0.01,False
1289,2024-03-05T17:51:00,62,63,1,1,36,0,0,1,0,False,sem_relacionamento_bancario,0,no_offer,blocked,0,0.0,False
1290,2024-03-05T20:21:00,43,124,1,1,17,0,0,0,0,False,sem_relacionamento_bancario,0,no_offer,blocked,0,0.0,False
1291,2024-03-05T11:56:00,27,112,4,3,1,0,0,1,1,True,,1,banner_loan_standard,exploitation,0,-0.01,False
1292,2024-03-05T14:27:00,45,134,2,1,21,0,0,1,1,True,,1,banner_loan_standard,exploitation,0,-0.01,False
1293,2024-03-05T19:03:00,24,60,4,1,0,0,0,1,0,False,sem_relacionamento_bancario,0,no_offer,blocked,0,0.0,False
1294,2024-03-05T13:11:00,58,23,3,1,33,0,0,0,0,False,renda_abaixo_minimo,0,no_offer,blocked,0,0.0,False
1295,2024-03-05T09:23:00,62,161,1,1,38,1,1,1,1,True,,1,banner_loan_standard,exploitation,0,-0.01,False
1296,2024-03-05T08:07:00,57,40,3,3,31,0,0,1,1,True,,1,banner_loan_standard,exploitation,0,-0.01,False
1297,2024-03-05T14:37:00,57,52,1,1,31,0,0,1,0,False,sem_relacionamento_bancario,0,no_offer,blocked,0,0.0,False
1298,2024-03-05T09:16:00,40,73,4,1,16,0,0,1,1,True,,0,no_offer,exploration,0,0.0,False
1299,2024-03-05T20:11:00,64,8,3,3,39,0,0,0,1,False,renda_abaixo_minimo,0,no_offer,blocked,0,0.0,False
1300,2024-03-05T10:59:00,59,33,3,1,34,1,0,0,0,True,,1,banner_loan_standard,exploitation,0,-0.01,False
1301,2024-03-06T20:48:00,50,40,1,2,25,0,0,1,1,True,,1,banner_loan_standard,exploitation,0,-0.01,False
1302,2024-03-06T10:39:00,31,113,2,2,7,0,0,0,0,False,sem_relacionamento_bancario,0,no_offer,blocked,0,0.0,False
1303,2024-03-06T21:34:00,58,32,3,1,32,0,0,1,0,False,sem_relacionamento_bancario,0,no_offer,blocked,0,0.0,False
1304,2024-03-06T20:19:00,29,30,4,2,3,0,0,0,0,False,sem_relacionamento_bancario,0,no_offer,blocked,0,0.0,False
1305,2024-03-06T15:48:00,38,60,2,1,12,0,0,1,0,False,sem_relacionamento_bancario,0,no_offer,blocked,0,0.0,False
1306,2024-03-06T20:37:00,59,165,2,1,35,0,0,1,0,False,sem_relacionamento_bancario,0,no_offer,blocked,0,0.0,False
1307,2024-03-06T08:45:00,35,72,3,1,10,0,0,0,0,False,sem_relacionamento_bancario,0,no_offer,blocked,0,0.0,False
1308,2024-03-06T08:07:00,44,69,4,1,19,0,0,0,0,False,sem_relacionamento_bancario,0,no_offer,blocked,0,0.0,False
1309,2024-03-06T14:20:00,35,30,4,2,8,1,0,0,0,True,,1,banner_loan_standard,exploration,0,-0.01,False
1310,2024-03-06T17:42:00,32,39,1,1,8,0,0,1,1,True,,1,banner_loan_standard,exploitation,0,-0.01,False
1311,2024-03-06T13:40:00,54,21,4,3,29,0,0,0,0,False,renda_abaixo_minimo,0,no_offer,blocked,0,0.0,False
1312,2024-03-06T16:16:00,32,45,3,1,7,1,0,1,0,True,,1,banner_loan_standard,exploitation,1,1.0,False
1313,2024-03-06T18:38:00,51,29,1,3,25,0,0,0,1,True,,0,no_offer,exploration,0,0.0,False
1314,2024-03-06T14:40:00,52,71,1,3,26,0,0,0,0,False,sem_relacionamento_bancario,0,no_offer,blocked,0,0.0,False
1315,2024-03-06T14:12:00,36,123,2,3,12,0,0,0,0,False,sem_relacionamento_bancario,0,no_offer,blocked,0,0.0,False
1316,2024-03-06T18:45:00,39,104,3,1,14,0,0,1,0,False,sem_relacionamento_bancario,0,no_offer,blocked,0,0.0,False
1317,2024-03-06T10:10:00,41,74,3,2,14,0,0,1,0,False,sem_relacionamento_bancario,0,no_offer,blocked,0,0.0,False
1318,2024-03-06T20:45:00,51,21,3,1,27,0,0,1,0,False,renda_abaixo_minimo,0,no_offer,blocked,0,0.0,False
1319,2024-03-06T20:00:00,28,11,1,2,2,0,0,1,1,False,renda_abaixo_minimo,0,no_offer,blocked,0,0.0,False
1320,2024-03-06T15:43:00,59,60,2,1,34,0,0,1,0,False,sem_relacionamento_bancario,0,no_offer,blocked,0,0.0,False
1321,2024-03-07T20:52:00,50,180,1,1,24,0,0,1,1,True,,1,banner_loan_standard,exploitation,0,-0.01,False
1322,2024-03-07T08:44:00,48,74,3,1,24,1,0,1,0,True,,1,banner_loan_standard,exploitation,0,-0.01,False
1323,2024-03-07T12:07:00,30,42,1,3,6,0,0,0,1,True,,1,banner_loan_standard,exploitation,0,-0.01,False
1324,2024-03-07T21:44:00,32,48,2,2,5,1,1,1,1,True,,1,banner_loan_standard,exploitation,1,1.0,False
1325,2024-03-07T14:48:00,59,111,3,1,33,0,0,1,0,False,sem_relacionamento_bancario,0,no_offer,blocked,0,0.0,False
1326,2024-03-07T09:03:00,48,79,3,1,24,0,0,1,1,True,,1,banner_loan_standard,exploitation,0,-0.01,False
1327,2024-03-07T21:32:00,34,42,1,2,10,0,0,0,0,False,sem_relacionamento_bancario,0,no_offer,blocked,0,0.0,False
1328,2024-03-07T11:17:00,62,22,1,2,37,0,0,1,0,False,renda_abaixo_minimo,0,no_offer,blocked,0,0.0,False
1329,2024-03-07T12:18:00,57,163,1,1,33,0,0,1,0,False,sem_relacionamento_bancario,0,no_offer,blocked,0,0.0,False
1330,2024-03-07T08:32:00,64,95,2,3,40,0,0,1,1,True,,1,banner_loan_standard,exploitation,0,-0.01,False
1331,2024-03-07T19:57:00,60,22,2,1,36,1,1,1,1,False,renda_abaixo_minimo,0,no_offer,blocked,0,0.0,False
1332,2024-03-07T10:14:00,31,13,1,3,7,0,0,1,0,False,renda_abaixo_minimo,0,no_offer,blocked,0,0.0,False
1333,2024-03-07T16:38:00,31,20,2,1,5,0,0,0,0,False,renda_abaixo_minimo,0,no_offer,blocked,0,0.0,False
1334,2024-03-07T17:01:00,28,90,2,1,3,0,0,1,1,True,,1,banner_loan_standard,exploitation,0,-0.01,False
1335,2024-03-07T10:10:00,35,203,1,3,5,0,0,0,0,False,sem_relacionamento_bancario,0,no_offer,blocked,0,0.0,False
1336,2024-03-07T10:53:00,37,60,2,1,11,0,0,0,1,True,,1,banner_loan_standard,exploitation,0,-0.01,False
1337,2024-03-07T16:56:00,52,52,4,3,28,0,0,0,0,False,sem_relacionamento_bancario,0,no_offer,blocked,0,0.0,False
1338,2024-03-07T11:05:00,32,82,3,1,8,0,0,1,1,True,,0,no_offer,exploration,0,0.0,False
1339,2024-03-07T10:15:00,38,41,3,3,13,0,0,0,1,True,,1,banner_loan_standard,exploration,0,-0.01,False
1340,2024-03-07T21:39:00,58,45,4,2,34,0,0,0,0,False,sem_relacionamento_bancario,0,no_offer,blocked,0,0.0,False
1341,2024-03-08T09:16:00,59,49,4,2,33,0,0,1,0,False,sem_relacionamento_bancario,0,no_offer,blocked,0,0.0,False
1342,2024-03-08T16:11:00,43,72,4,3,19,0,0,1,0,False,sem_relacionamento_bancario,0,no_offer,blocked,0,0.0,False
1343,2024-03-08T10:42:00,34,83,2,2,10,0,0,0,0,False,sem_relacionamento_bancario,0,no_offer,blocked,0,0.0,False
1344,2024-03-08T08:54:00,49,30,4,1,25,0,0,0,0,False,sem_relacionamento_bancario,0,no_offer,blocked,0,0.0,False
1345,2024-03-08T20:14:00,62,22,1,2,37,0,0,1,0,False,renda_abaixo_minimo,0,no_offer,blocked,0,0.0,False
1346,2024-03-08T17:36:00,49,13,1,3,25,0,0,1,0,False,renda_abaixo_minimo,0,no_offer,blocked,0,0.0,False
1347,2024-03-08T12:48:00,62,38,3,2,37,0,0,0,0,False,sem_relacionamento_bancario,0,no_offer,blocked,0,0.0,False
1348,2024-03-08T16:22:00,57,58,1,1,31,0,0,1,0,False,sem_relacionamento_bancario,0,no_offer,blocked,0,0.0,False
1349,2024-03-08T15:56:00,41,64,3,3,16,0,0,0,0,False,sem_relacionamento_bancario,0,no_offer,blocked,0,0.0,False
1350,2024-03-08T13:42:00,35,93,4,3,5,0,0,0,1,True,,0,no_offer,exploration,0,0.0,False
1351,2024-03-08T14:08:00,55,42,4,1,29,1,0,0,0,True,,1,banner_loan_standard,exploitation,0,-0.01,False
1352,2024-03-08T12:37:00,36,73,4,3,12,0,0,1,0,False,sem_relacionamento_bancario,0,no_offer,blocked,0,0.0,False
1353,2024-03-08T09:31:00,43,170,4,1,19,0,1,1,1,True,,1,banner_loan_standard,exploitation,1,1.0,False
1354,2024-03-08T16:22:00,42,90,1,2,17,0,0,0,1,True,,1,banner_loan_standard,exploitation,0,-0.01,False
1355,2024-03-08T17:58:00,43,130,2,3,19,0,0,0,1,True,,1,banner_loan_standard,exploitation,0,-0.01,False
1356,2024-03-08T16:53:00,56,82,4,3,31,0,0,1,0,False,sem_relacionamento_bancario,0,no_offer,blocked,0,0.0,False
1357,2024-03-08T14:33:00,60,64,2,3,34,0,0,0,1,True,,1,banner_loan_standard,exploitation,0,-0.01,False
1358,2024-03-08T15:27:00,59,14,1,1,34,0,0,1,1,False,renda_abaixo_minimo,0,no_offer,blocked,0,0.0,False
1359,2024-03-08T15:00:00,44,62,3,3,20,0,0,0,1,True,,1,banner_loan_standard,exploitation,0,-0.01,False
1360,2024-03-08T08:46:00,24,38,4,2,-1,0,0,1,0,False,sem_relacionamento_bancario,0,no_offer,blocked,0,0.0,False
1361,2024-03-09T17:59:00,65,184,1,3,39,0,1,1,1,True,,0,no_offer,exploration,0,0.0,False
1362,2024-03-09T09:27:00,51,55,3,2,26,0,0,1,0,False,sem_relacionamento_bancario,0,no_offer,blocked,0,0.0,False
1363,2024-03-09T18:10:00,55,90,2,3,25,0,0,0,1,True,,0,no_offer,exploration,0,0.0,False
1364,2024-03-09T08:48:00,26,80,1,2,1,0,0,0,0,False,sem_relacionamento_bancario,0,no_offer,blocked,0,0.0,False
1365,2024-03-09T09:47:00,59,73,2,3,33,0,0,1,1,True,,1,banner_loan_standard,exploitation,0,-0.01,False
1366,2024-03-09T11:55:00,50,13,4,1,26,0,0,1,0,False,renda_abaixo_minimo,0,no_offer,blocked,0,0.0,False
1367,2024-03-09T19:37:00,34,35,1,1,10,0,0,1,0,False,sem_relacionamento_bancario,0,no_offer,blocked,0,0.0,False
1368,2024-03-09T20:49:00,63,52,2,1,39,0,0,1,1,True,,1,banner_loan_standard,exploitation,0,-0.01,False
1369,2024-03-09T18:02:00,59,30,1,1,34,0,0,1,1,True,,1,banner_loan_standard,exploitation,1,1.0,False
1370,2024-03-09T18:44:00,62,44,2,1,36,0,0,0,0,False,sem_relacionamento_bancario,0,no_offer,blocked,0,0.0,False
1371,2024-03-09T13:42:00,67,79,4,2,43,0,1,1,1,True,,1,banner_loan_standard,exploitation,1,1.0,False
1372,2024-03-09T18:41:00,52,72,1,1,28,0,0,0,0,False,sem_relacionamento_bancario,0,no_offer,blocked,0,0.0,False
1373,2024-03-09T20:14:00,45,158,2,1,21,0,0,1,1,True,,1,banner_loan_standard,exploitation,0,-0.01,False
1374,2024-03-09T12:29:00,46,89,4,2,22,0,0,1,0,False,sem_relacionamento_bancario,0,no_offer,blocked,0,0.0,False
1375,2024-03-09T17:36:00,61,13,2,3,37,0,0,1,0,False,renda_abaixo_minimo,0,no_offer,blocked,0,0.0,False
1376,2024-03-09T17:36:00,62,98,1,1,37,0,0,1,0,False,sem_relacionamento_bancario,0,no_offer,blocked,0,0.0,False
1377,2024-03-09T14:05:00,52,38,4,2,28,0,0,1,1,True,,1,banner_loan_standard,exploitation,0,-0.01,False
1378,2024-03-09T11:17:00,33,183,2,3,9,0,0,1,0,False,sem_relacionamento_bancario,0,no_offer,blocked,0,0.0,False
1379,2024-03-09T20:58:00,41,25,2,2,16,1,0,0,0,True,,1,banner_loan_standard,exploitation,0,-0.01,False
1380,2024-03-09T21:51:00,25,21,4,1,-1,0,0,1,0,False,renda_abaixo_minimo,0,no_offer,blocked,0,0.0,False
1381,2024-03-10T08:44:00,34,10,1,2,8,0,0,1,0,False,renda_abaixo_minimo,0,no_offer,blocked,0,0.0,False
1382,2024-03-10T13:03:00,45,151,2,1,21,0,0,0,0,False,sem_relacionamento_bancario,0,no_offer,blocked,0,0.0,False
1383,2024-03-10T20:33:00,49,163,2,1,25,1,0,0,0,True,,1,banner_loan_standard,exploitation,0,-0.01,False
1384,2024-03-10T20:21:00,34,13,4,1,10,1,0,1,0,False,renda_abaixo_minimo,0,no_offer,blocked,0,0.0,False
1385,2024-03-10T10:41:00,44,85,4,3,19,0,0,1,1,True,,1,banner_loan_standard,exploitation,0,-0.01,False
1386,2024-03-10T17:48:00,30,39,1,1,4,0,0,0,1,True,,1,banner_loan_standard,exploitation,0,-0.01,False
1387,2024-03-10T12:45:00,33,175,2,1,8,0,0,1,0,False,sem_relacionamento_bancario,0,no_offer,blocked,0,0.0,False
1388,2024-03-10T19:20:00,53,98,3,2,29,0,0,0,0,False,sem_relacionamento_bancario,0,no_offer,blocked,0,0.0,False
1389,2024-03-10T10:00:00,39,52,1,1,13,0,0,0,1,True,,1,banner_loan_standard,exploitation,0,-0.01,False
1390,2024-03-10T10:12:00,66,25,4,2,41,0,0,1,1,True,,1,banner_loan_standard,exploitation,0,-0.01,False
1391,2024-03-10T10:16:00,33,152,1,1,9,0,0,1,1,True,,1,banner_loan_standard,exploitation,0,-0.01,False
1392,2024-03-10T13:56:00,27,68,3,3,2,1,0,0,0,True,,1,banner_loan_standard,exploitation,0,-0.01,False
1393,2024-03-10T14:20:00,51,39,2,1,27,0,0,0,1,True,,1,banner_loan_standard,exploitation,0,-0.01,False
1394,2024-03-10T15:27:00,36,181,3,1,11,0,0,0,0,False,sem_relacionamento_bancario,0,no_offer,blocked,0,0.0,False
1395,2024-03-10T12:16:00,43,161,2,1,19,0,0,0,0,False,sem_relacionamento_bancario,0,no_offer,blocked,0,0.0,False
1396,2024-03-10T12:35:00,43,113,1,1,19,0,0,0,0,False,sem_relacionamento_bancario,0,no_offer,blocked,0,0.0,False
1397,2024-03-10T18:52:00,45,58,2,3,19,1,0,0,1,True,,1,banner_loan_standard,exploitation,0,-0.01,False
1398,2024-03-10T09:10:00,57,45,4,1,33,0,0,1,0,False,sem_relacionamento_bancario,0,no_offer,blocked,0,0.0,False
1399,2024-03-10T13:44:00,35,23,4,1,9,0,0,0,0,False,renda_abaixo_minimo,0,no_offer,blocked,0,0.0,False
1400,2024-03-10T19:53:00,60,31,2,3,34,0,0,0,0,False,sem_relacionamento_bancario,0,no_offer,blocked,0,0.0,False
1401,2024-03-11T12:53:00,35,142,4,3,10,0,0,0,0,False,sem_relacionamento_bancario,0,no_offer,blocked,0,0.0,False
1402,2024-03-11T18:38:00,39,11,1,1,15,0,0,0,0,False,renda_abaixo_minimo,0,no_offer,blocked,0,0.0,False
1403,2024-03-11T19:04:00,62,92,3,1,37,0,0,1,0,False,sem_relacionamento_bancario,0,no_offer,blocked,0,0.0,False
1404,2024-03-11T21:57:00,45,85,2,1,21,1,0,1,0,True,,1,banner_loan_standard,exploitation,0,-0.01,False
1405,2024-03-11T19:05:00,31,21,3,1,5,0,0,1,0,False,renda_abaixo_minimo,0,no_offer,blocked,0,0.0,False
1406,2024-03-11T08:50:00,37,45,1,1,13,0,0,0,0,False,sem_relacionamento_bancario,0,no_offer,blocked,0,0.0,False
1407,2024-03-11T10:25:00,46,19,3,2,20,1,0,1,0,False,renda_abaixo_minimo,0,no_offer,blocked,0,0.0,False
1408,2024-03-11T13:54:00,43,59,3,3,17,0,0,1,1,True,,1,banner_loan_standard,exploitation,0,-0.01,False
1409,2024-03-11T17:35:00,33,61,3,2,9,0,0,1,0,False,sem_relacionamento_bancario,0,no_offer,blocked,0,0.0,False
1410,2024-03-11T15:22:00,34,55,4,2,9,0,0,0,1,True,,1,banner_loan_standard,exploitation,0,-0.01,False
1411,2024-03-11T16:50:00,49,61,1,3,23,0,0,1,1,True,,1,banner_loan_standard,exploitation,0,-0.01,False
1412,2024-03-11T09:16:00,32,28,2,2,6,0,0,1,0,False,sem_relacionamento_bancario,0,no_offer,blocked,0,0.0,False
1413,2024-03-11T10:52:00,62,78,1,3,38,0,0,0,0,False,sem_relacionamento_bancario,0,no_offer,blocked,0,0.0,False
1414,2024-03-11T21:26:00,41,44,1,3,17,0,0,1,0,False,sem_relacionamento_bancario,0,no_offer,blocked,0,0.0,False
1415,2024-03-11T09:27:00,35,64,3,2,10,0,0,1,0,False,sem_relacionamento_bancario,0,no_offer,blocked,0,0.0,False
1416,2024-03-11T11:06:00,65,141,2,1,39,1,0,1,0,True,,1,banner_loan_standard,exploitation,0,-0.01,False
1417,2024-03-11T20:34:00,30,141,1,1,5,0,0,1,0,False,sem_relacionamento_bancario,0,no_offer,blocked,0,0.0,False
1418,2024-03-11T16:07:00,34,45,1,1,10,0,0,0,0,False,sem_relacionamento_bancario,0,no_offer,blocked,0,0.0,False
1419,2024-03-11T08:32:00,57,55,3,1,31,0,1,1,1,True,,1,banner_loan_standard,exploitation,0,-0.01,False
1420,2024-03-11T13:02:00,44,68,4,1,18,1,0,0,0,True,,1,banner_loan_standard,exploitation,1,1.0,False
1421,2024-03-12T18:04:00,42,145,2,1,18,0,0,0,0,False,sem_relacionamento_bancario,0,no_offer,blocked,0,0.0,False
1422,2024-03-12T20:46:00,34,75,2,1,8,0,0,0,0,False,sem_relacionamento_bancario,0,no_offer,blocked,0,0.0,False
1423,2024-03-12T21:30:00,58,73,4,1,33,0,0,0,0,False,sem_relacionamento_bancario,0,no_offer,blocked,0,0.0,False
1424,2024-03-12T14:15:00,31,44,4,1,6,0,0,1,0,False,sem_relacionamento_bancario,0,no_offer,blocked,0,0.0,False
1425,2024-03-12T13:42:00,44,69,1,3,20,0,1,1,1,True,,1,banner_loan_standard,exploitation,0,-0.01,False
1426,2024-03-12T21:20:00,33,58,2,1,8,1,1,1,1,True,,1,banner_loan_standard,exploitation,0,-0.01,False
1427,2024-03-12T15:34:00,67,32,1,3,42,0,0,0,1,True,,1,banner_loan_standard,exploitation,0,-0.01,False
1428,2024-03-12T10:18:00,49,45,3,2,24,1,0,1,0,True,,1,banner_loan_standard,exploitation,0,-0.01,False
1429,2024-03-12T09:07:00,31,128,1,1,7,0,0,0,0,False,sem_relacionamento_bancario,0,no_offer,blocked,0,0.0,False
1430,2024-03-12T17:48:00,31,13,1,3,7,0,0,1,0,False,renda_abaixo_minimo,0,no_offer,blocked,0,0.0,False
1431,2024-03-12T08:35:00,37,62,3,2,12,0,0,0,1,True,,1,banner_loan_standard,exploration,1,1.0,False
1432,2024-03-12T16:36:00,63,54,3,1,38,0,0,1,0,False,sem_relacionamento_bancario,0,no_offer,blocked,0,0.0,False
1433,2024-03-12T08:14:00,64,40,2,1,40,0,0,1,0,False,sem_relacionamento_bancario,0,no_offer,blocked,0,0.0,False
1434,2024-03-12T19:08:00,25,70,4,1,1,1,0,1,0,True,,1,banner_loan_standard,exploration,0,-0.01,False
1435,2024-03-12T08:35:00,49,13,3,1,25,0,0,1,0,False,renda_abaixo_minimo,0,no_offer,blocked,0,0.0,False
1436,2024-03-12T14:08:00,41,129,1,1,17,0,0,0,1,True,,1,banner_loan_standard,exploitation,1,1.0,False
1437,2024-03-12T11:29:00,53,120,4,2,29,1,1,1,0,True,,1,banner_loan_standard,exploitation,1,1.0,False
1438,2024-03-12T13:10:00,47,22,1,1,21,0,0,0,0,False,renda_abaixo_minimo,0,no_offer,blocked,0,0.0,False
1439,2024-03-12T10:07:00,29,9,4,3,4,0,0,1,1,False,renda_abaixo_minimo,0,no_offer,blocked,0,0.0,False
1440,2024-03-12T09:44:00,34,191,1,3,9,0,1,1,1,True,,1,banner_loan_standard,exploration,0,-0.01,False
1441,2024-03-13T20:18:00,34,180,1,3,9,0,0,0,0,False,sem_relacionamento_bancario,0,no_offer,blocked,0,0.0,False
1442,2024-03-13T18:37:00,50,38,3,2,24,0,0,1,0,False,sem_relacionamento_bancario,0,no_offer,blocked,0,0.0,False
1443,2024-03-13T14:33:00,32,50,4,3,6,1,1,1,1,True,,1,banner_loan_standard,exploitation,1,1.0,False
1444,2024-03-13T19:01:00,48,79,4,2,24,1,0,0,1,True,,1,banner_loan_standard,exploitation,0,-0.01,False
1445,2024-03-13T09:25:00,53,20,4,3,23,0,0,1,1,False,renda_abaixo_minimo,0,no_offer,blocked,0,0.0,False
1446,2024-03-13T19:33:00,52,43,3,2,25,0,1,1,1,True,,1,banner_loan_standard,exploitation,0,-0.01,False
1447,2024-03-13T21:55:00,57,34,2,2,32,1,0,0,0,True,,1,banner_loan_standard,exploitation,0,-0.01,False
1448,2024-03-13T20:38:00,35,32,1,1,11,0,0,1,1,True,,1,banner_loan_standard,exploitation,0,-0.01,False
1449,2024-03-13T12:38:00,33,74,3,2,9,0,0,1,0,False,sem_relacionamento_bancario,0,no_offer,blocked,0,0.0,False
1450,2024-03-13T08:16:00,52,55,1,3,28,0,0,0,0,False,sem_relacionamento_bancario,0,no_offer,blocked,0,0.0,False
1451,2024-03-13T12:18:00,25,139,2,1,-1,0,0,0,1,True,,1,banner_loan_standard,exploitation,0,-0.01,False
1452,2024-03-13T12:18:00,41,139,2,1,17,0,0,1,0,False,sem_relacionamento_bancario,0,no_offer,blocked,0,0.0,False
1453,2024-03-13T16:24:00,64,13,4,2,39,0,0,1,0,False,renda_abaixo_minimo,0,no_offer,blocked,0,0.0,False
1454,2024-03-13T13:30:00,32,20,1,3,8,0,0,1,0,False,renda_abaixo_minimo,0,no_offer,blocked,0,0.0,False
1455,2024-03-13T08:54:00,56,15,1,2,32,0,0,1,0,False,renda_abaixo_minimo,0,no_offer,blocked,0,0.0,False
1456,2024-03-13T17:35:00,42,191,3,2,16,1,1,1,0,True,,1,banner_loan_standard,exploitation,0,-0.01,False
1457,2024-03-13T09:13:00,40,53,3,3,14,1,1,1,1,True,,1,banner_loan_standard,exploitation,1,1.0,False
1458,2024-03-13T12:23:00,57,41,1,1,31,0,0,1,1,True,,1,banner_loan_standard,exploitation,0,-0.01,False
1459,2024-03-13T13:29:00,56,178,1,1,30,0,0,1,0,False,sem_relacionamento_bancario,0,no_offer,blocked,0,0.0,False
1460,2024-03-13T14:07:00,65,64,2,1,40,0,0,0,1,True,,1,banner_loan_standard,exploitation,0,-0.01,False
1461,2024-03-14T21:33:00,30,85,2,1,5,1,1,1,1,True,,1,banner_loan_standard,exploitation,0,-0.01,False
1462,2024-03-14T16:11:00,46,54,1,3,20,0,0,1,1,True,,1,banner_loan_standard,exploration,0,-0.01,False
1463,2024-03-14T08:14:00,49,51,1,2,24,0,0,0,0,False,sem_relacionamento_bancario,0,no_offer,blocked,0,0.0,False
1464,2024-03-14T16:30:00,35,84,4,2,9,0,0,1,0,False,sem_relacionamento_bancario,0,no_offer,blocked,0,0.0,False
1465,2024-03-14T08:57:00,36,115,4,2,9,0,0,0,0,False,sem_relacionamento_bancario,0,no_offer,blocked,0,0.0,False
1466,2024-03-14T13:37:00,27,44,4,2,2,1,1,1,0,True,,1,banner_loan_standard,exploitation,0,-0.01,False
1467,2024-03-14T15:40:00,55,111,2,3,29,0,0,0,1,True,,1,banner_loan_standard,exploitation,0,-0.01,False
1468,2024-03-14T13:04:00,56,32,2,3,30,0,0,1,0,False,sem_relacionamento_bancario,0,no_offer,blocked,0,0.0,False
1469,2024-03-14T19:56:00,51,21,3,1,27,0,0,1,0,False,renda_abaixo_minimo,0,no_offer,blocked,0,0.0,False
1470,2024-03-14T20:27:00,59,40,4,2,32,0,0,1,0,False,sem_relacionamento_bancario,0,no_offer,blocked,0,0.0,False
1471,2024-03-14T18:56:00,59,52,2,3,34,0,0,1,0,False,sem_relacionamento_bancario,0,no_offer,blocked,0,0.0,False
1472,2024-03-14T08:42:00,39,40,1,3,14,0,0,1,0,False,sem_relacionamento_bancario,0,no_offer,blocked,0,0.0,False
1473,2024-03-14T10:08:00,63,101,2,3,39,0,0,1,0,False,sem_relacionamento_bancario,0,no_offer,blocked,0,0.0,False
1474,2024-03-14T18:33:00,64,58,1,3,40,0,0,1,0,False,sem_relacionamento_bancario,0,no_offer,blocked,0,0.0,False
1475,2024-03-14T19:03:00,38,105,2,1,14,0,0,1,0,False,sem_relacionamento_bancario,0,no_offer,blocked,0,0.0,False
1476,2024-03-14T20:18:00,35,85,4,3,10,0,0,0,1,True,,1,banner_loan_standard,exploitation,0,-0.01,False
1477,2024-03-14T08:05:00,32,42,3,1,7,0,0,1,0,False,sem_relacionamento_bancario,0,no_offer,blocked,0,0.0,False
1478,2024-03-14T15:11:00,50,9,2,1,25,1,0,0,0,False,renda_abaixo_minimo,0,no_offer,blocked,0,0.0,False
1479,2024-03-14T10:36:00,25,99,1,1,0,0,0,0,0,False,sem_relacionamento_bancario,0,no_offer,blocked,0,0.0,False
1480,2024-03-14T08:57:00,32,112,4,2,6,0,0,1,0,False,sem_relacionamento_bancario,0,no_offer,blocked,0,0.0,False
1481,2024-03-15T14:25:00,45,152,2,1,21,0,0,1,0,False,sem_relacionamento_bancario,0,no_offer,blocked,0,0.0,False
1482,2024-03-15T20:32:00,51,38,2,3,27,0,0,1,0,False,sem_relacionamento_bancario,0,no_offer,blocked,0,0.0,False
1483,2024-03-15T19:26:00,65,158,2,1,41,0,0,0,0,False,sem_relacionamento_bancario,0,no_offer,blocked,0,0.0,False
1484,2024-03-15T14:20:00,26,80,4,1,1,0,0,1,1,True,,1,banner_loan_standard,exploitation,0,-0.01,False
1485,2024-03-15T08:23:00,35,25,3,2,9,1,0,1,0,True,,1,banner_loan_standard,exploitation,0,-0.01,False
1486,2024-03-15T19:10:00,39,104,3,1,14,0,0,1,0,False,sem_relacionamento_bancario,0,no_offer,blocked,0,0.0,False
1487,2024-03-15T21:08:00,44,124,1,1,20,0,0,1,1,True,,1,banner_loan_standard,exploitation,0,-0.01,False
1488,2024-03-15T12:19:00,54,83,3,1,28,0,0,1,0,False,sem_relacionamento_bancario,0,no_offer,blocked,0,0.0,False
1489,2024-03-15T17:16:00,35,68,2,1,11,0,0,0,1,True,,1,banner_loan_standard,exploitation,0,-0.01,False
1490,2024-03-15T19:40:00,51,28,4,2,26,1,0,1,0,True,,1,banner_loan_standard,exploitation,0,-0.01,False
1491,2024-03-15T10:46:00,50,9,2,1,25,1,0,0,0,False,renda_abaixo_minimo,0,no_offer,blocked,0,0.0,False
1492,2024-03-15T09:13:00,47,53,1,2,21,0,0,1,0,False,sem_relacionamento_bancario,0,no_offer,blocked,0,0.0,False
1493,2024-03-15T10:43:00,53,95,1,2,29,0,0,1,0,False,sem_relacionamento_bancario,0,no_offer,blocked,0,0.0,False
1494,2024-03-15T16:12:00,41,81,4,3,17,1,0,0,0,True,,0,no_offer,exploration,0,0.0,False
1495,2024-03-15T09:36:00,59,151,2,1,35,0,0,1,0,False,sem_relacionamento_bancario,0,no_offer,blocked,0,0.0,False
1496,2024-03-15T16:08:00,34,41,2,1,9,0,0,1,1,True,,1,banner_loan_standard,exploitation,0,-0.01,False
1497,2024-03-15T13:32:00,38,91,1,1,13,0,0,1,1,True,,1,banner_loan_standard,exploitation,0,-0.01,False
1498,2024-03-15T11:44:00,49,8,1,1,25,0,0,0,0,False,renda_abaixo_minimo,0,no_offer,blocked,0,0.0,False
1499,2024-03-15T14:44:00,53,14,4,1,28,0,0,1,1,False,renda_abaixo_minimo,0,no_offer,blocked,0,0.0,False
1500,2024-03-15T20:33:00,28,104,3,1,4,0,0,0,0,False,sem_relacionamento_bancario,0,no_offer,blocked,0,0.0,False
1501,2024-03-16T16:23:00,44,50,3,1,20,0,0,0,0,False,sem_relacionamento_bancario,0,no_offer,blocked,0,0.0,False
1502,2024-03-16T10:27:00,47,32,1,1,23,1,1,1,1,True,,1,banner_loan_standard,exploitation,0,-0.01,False
1503,2024-03-16T13:43:00,49,174,3,2,23,0,0,0,0,False,sem_relacionamento_bancario,0,no_offer,blocked,0,0.0,False
1504,2024-03-16T19:20:00,45,59,2,1,21,0,0,1,0,False,sem_relacionamento_bancario,0,no_offer,blocked,0,0.0,False
1505,2024-03-16T08:35:00,30,109,4,2,5,0,0,0,1,True,,1,banner_loan_standard,exploitation,0,-0.01,False
1506,2024-03-16T12:59:00,38,52,2,2,12,0,0,0,0,False,sem_relacionamento_bancario,0,no_offer,blocked,0,0.0,False
1507,2024-03-16T18:34:00,59,73,4,3,35,0,0,0,0,False,sem_relacionamento_bancario,0,no_offer,blocked,0,0.0,False
1508,2024-03-16T20:56:00,34,38,4,1,8,0,0,0,0,False,sem_relacionamento_bancario,0,no_offer,blocked,0,0.0,False
1509,2024-03-16T12:43:00,44,82,4,2,20,0,0,1,1,True,,1,banner_loan_standard,exploitation,0,-0.01,False
1510,2024-03-16T12:37:00,50,84,1,3,25,1,0,1,0,True,,1,banner_loan_standard,exploration,1,1.0,False
1511,2024-03-16T15:01:00,65,22,3,2,39,0,0,0,0,False,renda_abaixo_minimo,0,no_offer,blocked,0,0.0,False
1512,2024-03-16T13:16:00,32,183,1,1,8,0,0,0,0,False,sem_relacionamento_bancario,0,no_offer,blocked,0,0.0,False
1513,2024-03-16T11:13:00,55,23,2,1,31,0,0,1,0,False,renda_abaixo_minimo,0,no_offer,blocked,0,0.0,False
1514,2024-03-16T13:16:00,45,42,2,1,21,1,0,1,0,True,,1,banner_loan_standard,exploitation,0,-0.01,False
1515,2024-03-16T19:53:00,57,30,2,2,31,0,0,0,0,False,sem_relacionamento_bancario,0,no_offer,blocked,0,0.0,False
1516,2024-03-16T16:35:00,31,85,2,1,5,0,0,1,1,True,,1,banner_loan_standard,exploitation,0,-0.01,False
1517,2024-03-16T11:54:00,40,85,2,1,15,1,0,0,0,True,,1,banner_loan_standard,exploration,0,-0.01,False
1518,2024-03-16T15:27:00,38,58,3,3,12,0,0,0,1,True,,1,banner_loan_standard,exploitation,0,-0.01,False
1519,2024-03-16T12:41:00,52,112,1,1,26,1,1,1,1,True,,1,banner_loan_standard,exploitation,1,1.0,False
1520,2024-03-16T18:46:00,46,69,3,1,20,0,0,0,0,False,sem_relacionamento_bancario,0,no_offer,blocked,0,0.0,False
1521,2024-03-17T13:06:00,48,224,2,1,24,0,1,1,1,True,,1,banner_loan_standard,exploitation,1,1.0,False
1522,2024-03-17T12:24:00,36,179,3,1,10,0,0,1,0,False,sem_relacionamento_bancario,0,no_offer,blocked,0,0.0,False
1523,2024-03-17T11:56:00,48,173,3,1,23,0,1,1,1,True,,1,banner_loan_standard,exploitation,0,-0.01,False
1524,2024-03-17T21:11:00,46,159,3,3,21,0,0,1,0,False,sem_relacionamento_bancario,0,no_offer,blocked,0,0.0,False
1525,2024-03-17T12:35:00,45,91,2,2,19,1,0,1,0,True,,0,no_offer,exploration,0,0.0,False
1526,2024-03-17T20:06:00,48,59,1,1,24,0,0,1,0,False,sem_relacionamento_bancario,0,no_offer,blocked,0,0.0,False
1527,2024-03-17T11:46:00,57,44,2,2,32,0,0,0,0,False,sem_relacionamento_bancario,0,no_offer,blocked,0,0.0,False
1528,2024-03-17T15:32:00,25,113,2,1,1,0,0,1,1,True,,1,banner_loan_standard,exploitation,0,-0.01,False
1529,2024-03-17T20:21:00,61,35,3,2,36,0,0,0,1,True,,1,banner_loan_standard,exploitation,0,-0.01,False
1530,2024-03-17T18:03:00,55,62,1,1,29,0,0,1,0,False,sem_relacionamento_bancario,0,no_offer,blocked,0,0.0,False
1531,2024-03-17T15:02:00,24,51,3,3,-2,0,0,1,0,False,sem_relacionamento_bancario,0,no_offer,blocked,0,0.0,False
1532,2024-03-17T20:40:00,45,44,3,2,21,0,0,1,0,False,sem_relacionamento_bancario,0,no_offer,blocked,0,0.0,False
1533,2024-03-17T20:14:00,31,25,2,2,7,1,1,1,1,True,,1,banner_loan_standard,exploitation,0,-0.01,False
1534,2024-03-17T17:39:00,54,34,4,3,29,0,0,1,1,True,,1,banner_loan_standard,exploration,1,1.0,False
1535,2024-03-17T16:54:00,26,82,2,1,2,0,0,0,0,False,sem_relacionamento_bancario,0,no_offer,blocked,0,0.0,False
1536,2024-03-17T12:55:00,53,24,4,1,29,0,0,1,1,False,renda_abaixo_minimo,0,no_offer,blocked,0,0.0,False
1537,2024-03-17T11:49:00,50,81,1,1,24,0,0,1,0,False,sem_relacionamento_bancario,0,no_offer,blocked,0,0.0,False
1538,2024-03-17T18:14:00,65,143,4,2,40,0,0,1,0,False,sem_relacionamento_bancario,0,no_offer,blocked,0,0.0,False
1539,2024-03-17T19:21:00,30,30,4,1,5,0,0,1,0,False,sem_relacionamento_bancario,0,no_offer,blocked,0,0.0,False
1540,2024-03-17T16:16:00,44,40,4,3,19,0,0,0,0,False,sem_relacionamento_bancario,0,no_offer,blocked,0,0.0,False
1541,2024-03-18T18:25:00,57,15,2,3,32,0,0,0,1,False,renda_abaixo_minimo,0,no_offer,blocked,0,0.0,False
1542,2024-03-18T16:09:00,62,32,3,1,37,1,0,0,1,True,,1,banner_loan_standard,exploration,0,-0.01,False
1543,2024-03-18T20:52:00,27,80,2,3,1,0,0,1,1,True,,1,banner_loan_standard,exploitation,0,-0.01,False
1544,2024-03-18T19:10:00,59,43,2,1,33,0,0,0,1,True,,1,banner_loan_standard,exploitation,0,-0.01,False
1545,2024-03-18T18:00:00,56,8,2,1,32,0,0,1,1,False,renda_abaixo_minimo,0,no_offer,blocked,0,0.0,False
1546,2024-03-18T08:46:00,26,85,2,3,0,0,0,0,0,False,sem_relacionamento_bancario,0,no_offer,blocked,0,0.0,False
1547,2024-03-18T19:56:00,61,153,1,2,36,1,1,0,1,True,,1,banner_loan_standard,exploitation,1,1.0,False
1548,2024-03-18T09:25:00,25,101,4,3,-1,0,0,0,1,True,,1,banner_loan_standard,exploitation,0,-0.01,False
1549,2024-03-18T08:49:00,56,21,2,2,30,0,0,1,0,False,renda_abaixo_minimo,0,no_offer,blocked,0,0.0,False
1550,2024-03-18T15:53:00,51,53,1,3,27,0,0,0,1,True,,1,banner_loan_standard,exploration,0,-0.01,False
1551,2024-03-18T08:49:00,44,71,2,3,18,0,0,1,0,False,sem_relacionamento_bancario,0,no_offer,blocked,0,0.0,False
1552,2024-03-18T13:26:00,65,83,3,3,41,0,0,1,0,False,sem_relacionamento_bancario,0,no_offer,blocked,0,0.0,False
1553,2024-03-18T17:20:00,27,30,4,3,0,0,0,1,1,True,,1,banner_loan_standard,exploitation,0,-0.01,False
1554,2024-03-18T21:04:00,49,51,1,2,24,0,0,0,0,False,sem_relacionamento_bancario,0,no_offer,blocked,0,0.0,False
1555,2024-03-18T13:37:00,48,35,1,3,22,0,0,1,0,False,sem_relacionamento_bancario,0,no_offer,blocked,0,0.0,False
1556,2024-03-18T21:09:00,32,61,3,1,7,0,0,1,1,True,,1,banner_loan_standard,exploitation,0,-0.01,False
1557,2024-03-18T21:12:00,38,129,4,3,13,0,0,1,0,False,sem_relacionamento_bancario,0,no_offer,blocked,0,0.0,False
1558,2024-03-18T13:28:00,48,128,1,1,22,1,0,0,0,True,,1,banner_loan_standard,exploitation,0,-0.01,False
1559,2024-03-18T15:43:00,61,193,1,3,36,0,0,1,0,False,sem_relacionamento_bancario,0,no_offer,blocked,0,0.0,False
1560,2024-03-18T20:42:00,57,52,3,2,32,0,0,1,0,False,sem_relacionamento_bancario,0,no_offer,blocked,0,0.0,False
1561,2024-03-19T19:32:00,67,75,4,2,42,0,0,1,0,False,sem_relacionamento_bancario,0,no_offer,blocked,0,0.0,False
1562,2024-03-19T08:47:00,52,58,4,3,27,0,0,0,0,False,sem_relacionamento_bancario,0,no_offer,blocked,0,0.0,False
1563,2024-03-19T18:12:00,46,9,1,1,20,0,0,1,0,False,renda_abaixo_minimo,0,no_offer,blocked,0,0.0,False
1564,2024-03-19T19:05:00,60,54,4,3,36,1,0,0,0,True,,1,banner_loan_standard,exploitation,0,-0.01,False
1565,2024-03-19T16:15:00,52,191,1,1,26,0,0,1,0,False,sem_relacionamento_bancario,0,no_offer,blocked,0,0.0,False
1566,2024-03-19T11:34:00,50,52,4,3,26,0,0,0,0,False,sem_relacionamento_bancario,0,no_offer,blocked,0,0.0,False
1567,2024-03-19T19:47:00,30,115,4,2,6,0,0,1,0,False,sem_relacionamento_bancario,0,no_offer,blocked,0,0.0,False
1568,2024-03-19T15:58:00,62,100,4,2,38,0,0,1,0,False,sem_relacionamento_bancario,0,no_offer,blocked,0,0.0,False
1569,2024-03-19T17:56:00,49,24,1,1,25,0,0,0,0,False,renda_abaixo_minimo,0,no_offer,blocked,0,0.0,False
1570,2024-03-19T09:18:00,46,54,1,3,20,0,0,1,1,True,,1,banner_loan_standard,exploitation,0,-0.01,False
1571,2024-03-19T14:54:00,51,32,2,3,25,0,0,1,0,False,sem_relacionamento_bancario,0,no_offer,blocked,0,0.0,False
1572,2024-03-19T13:53:00,42,32,3,1,16,0,0,1,0,False,sem_relacionamento_bancario,0,no_offer,blocked,0,0.0,False
1573,2024-03-19T09:25:00,60,29,2,1,34,0,0,1,0,False,sem_relacionamento_bancario,0,no_offer,blocked,0,0.0,False
1574,2024-03-19T13:03:00,54,83,1,3,24,0,0,0,0,False,sem_relacionamento_bancario,0,no_offer,blocked,0,0.0,False
1575,2024-03-19T19:50:00,40,22,2,2,15,0,0,1,1,False,renda_abaixo_minimo,0,no_offer,blocked,0,0.0,False
1576,2024-03-19T20:58:00,61,23,1,1,36,0,0,0,0,False,renda_abaixo_minimo,0,no_offer,blocked,0,0.0,False
1577,2024-03-19T20:33:00,35,9,4,2,11,0,0,1,0,False,renda_abaixo_minimo,0,no_offer,blocked,0,0.0,False
1578,2024-03-19T08:42:00,26,53,2,3,1,0,0,1,0,False,sem_relacionamento_bancario,0,no_offer,blocked,0,0.0,False
1579,2024-03-19T09:54:00,34,65,4,1,9,0,0,0,1,True,,1,banner_loan_standard,exploitation,0,-0.01,False
1580,2024-03-19T21:31:00,36,183,1,3,11,0,1,1,1,True,,1,banner_loan_standard,exploitation,0,-0.01,False
1581,2024-03-20T11:46:00,45,11,4,1,21,0,0,1,1,False,renda_abaixo_minimo,0,no_offer,blocked,0,0.0,False
1582,2024-03-20T21:00:00,37,172,2,1,13,0,0,0,0,False,sem_relacionamento_bancario,0,no_offer,blocked,0,0.0,False
1583,2024-03-20T11:23:00,44,160,2,1,20,1,0,0,0,True,,1,banner_loan_standard,exploitation,0,-0.01,False
1584,2024-03-20T09:21:00,60,44,4,1,35,0,0,0,0,False,sem_relacionamento_bancario,0,no_offer,blocked,0,0.0,False
1585,2024-03-20T12:09:00,57,68,4,1,32,0,0,1,1,True,,1,banner_loan_standard,exploitation,0,-0.01,False
1586,2024-03-20T19:41:00,33,31,4,1,7,0,0,1,1,True,,1,banner_loan_standard,exploitation,0,-0.01,False
1587,2024-03-20T18:20:00,60,19,3,3,34,0,0,1,0,False,renda_abaixo_minimo,0,no_offer,blocked,0,0.0,False
1588,2024-03-20T15:41:00,54,45,4,2,30,0,0,1,0,False,sem_relacionamento_bancario,0,no_offer,blocked,0,0.0,False
1589,2024-03-20T19:39:00,62,63,1,3,36,0,0,0,0,False,sem_relacionamento_bancario,0,no_offer,blocked,0,0.0,False
1590,2024-03-20T09:54:00,48,14,4,1,24,0,0,1,0,False,renda_abaixo_minimo,0,no_offer,blocked,0,0.0,False
1591,2024-03-20T15:47:00,57,52,1,1,31,0,0,1,0,False,sem_relacionamento_bancario,0,no_offer,blocked,0,0.0,False
1592,2024-03-20T18:56:00,62,93,3,3,37,0,1,1,1,True,,0,no_offer,exploration,0,0.0,False
1593,2024-03-20T20:09:00,59,75,4,3,35,1,0,0,0,True,,1,banner_loan_standard,exploitation,0,-0.01,False
1594,2024-03-20T14:26:00,53,41,2,3,28,1,0,0,0,True,,1,banner_loan_standard,exploitation,0,-0.01,False
1595,2024-03-20T09:50:00,66,30,2,3,40,0,0,0,0,False,sem_relacionamento_bancario,0,no_offer,blocked,0,0.0,False
1596,2024-03-20T14:48:00,58,73,1,3,28,1,0,0,0,True,,1,banner_loan_standard,exploitation,0,-0.01,False
1597,2024-03-20T10:19:00,31,18,1,3,7,0,0,1,0,False,renda_abaixo_minimo,0,no_offer,blocked,0,0.0,False
1598,2024-03-20T11:52:00,33,58,2,1,8,0,0,1,0,False,sem_relacionamento_bancario,0,no_offer,blocked,0,0.0,False
1599,2024-03-20T08:38:00,28,78,4,1,3,0,0,1,1,True,,0,no_offer,exploration,0,0.0,False
1600,2024-03-20T09:44:00,41,25,2,2,16,0,0,0,1,True,,1,banner_loan_standard,exploitation,0,-0.01,False
1601,2024-03-21T18:17:00,42,155,1,1,17,0,0,0,1,True,,1,banner_loan_standard,exploitation,0,-0.01,False
1602,2024-03-21T11:00:00,27,42,3,2,1,0,0,0,0,False,sem_relacionamento_bancario,0,no_offer,blocked,0,0.0,False
1603,2024-03-21T09:00:00,44,30,1,3,19,0,0,1,0,False,sem_relacionamento_bancario,0,no_offer,blocked,0,0.0,False
1604,2024-03-21T11:51:00,55,58,4,3,25,0,0,0,1,True,,0,no_offer,exploration,0,0.0,False
1605,2024-03-21T18:40:00,60,153,3,3,35,0,0,0,1,True,,0,no_offer,exploration,0,0.0,False
1606,2024-03-21T16:04:00,53,69,4,2,29,0,0,1,0,False,sem_relacionamento_bancario,0,no_offer,blocked,0,0.0,False
1607,2024-03-21T17:00:00,24,44,4,1,0,0,0,1,0,False,sem_relacionamento_bancario,0,no_offer,blocked,0,0.0,False
1608,2024-03-21T08:21:00,63,39,1,2,39,0,0,0,0,False,sem_relacionamento_bancario,0,no_offer,blocked,0,0.0,False
1609,2024-03-21T20:03:00,56,44,4,1,30,0,0,0,1,True,,1,banner_loan_standard,exploitation,0,-0.01,False
1610,2024-03-21T12:10:00,39,61,2,3,15,0,0,0,0,False,sem_relacionamento_bancario,0,no_offer,blocked,0,0.0,False
1611,2024-03-21T15:50:00,66,95,2,3,42,0,0,1,0,False,sem_relacionamento_bancario,0,no_offer,blocked,0,0.0,False
1612,2024-03-21T10:18:00,41,32,3,2,14,0,0,0,1,True,,1,banner_loan_standard,exploitation,0,-0.01,False
1613,2024-03-21T14:06:00,51,155,2,1,27,0,0,0,1,True,,0,no_offer,exploration,0,0.0,False
1614,2024-03-21T17:39:00,54,133,2,3,30,0,0,0,0,False,sem_relacionamento_bancario,0,no_offer,blocked,0,0.0,False
1615,2024-03-21T14:41:00,30,69,1,2,5,1,0,1,0,True,,1,banner_loan_standard,exploitation,0,-0.01,False
1616,2024-03-21T20:28:00,28,103,2,1,4,0,0,1,1,True,,1,banner_loan_standard,exploitation,0,-0.01,False
1617,2024-03-21T14:45:00,32,42,4,1,7,0,0,1,1,True,,1,banner_loan_standard,exploitation,0,-0.01,False
1618,2024-03-21T19:45:00,48,63,4,3,23,0,0,0,0,False,sem_relacionamento_bancario,0,no_offer,blocked,0,0.0,False
1619,2024-03-21T16:26:00,42,23,2,3,17,0,0,0,0,False,renda_abaixo_minimo,0,no_offer,blocked,0,0.0,False
1620,2024-03-21T11:57:00,65,25,2,1,39,0,0,1,0,False,sem_relacionamento_bancario,0,no_offer,blocked,0,0.0,False
1621,2024-03-22T10:36:00,57,23,2,3,32,0,0,0,0,False,renda_abaixo_minimo,0,no_offer,blocked,0,0.0,False
1622,2024-03-22T18:39:00,55,71,3,2,29,0,0,0,1,True,,1,banner_loan_standard,exploitation,1,1.0,False
1623,2024-03-22T20:35:00,27,142,3,1,1,0,0,0,0,False,sem_relacionamento_bancario,0,no_offer,blocked,0,0.0,False
1624,2024-03-22T09:28:00,24,88,3,1,0,0,0,0,0,False,sem_relacionamento_bancario,0,no_offer,blocked,0,0.0,False
1625,2024-03-22T15:23:00,58,72,3,2,32,0,0,1,0,False,sem_relacionamento_bancario,0,no_offer,blocked,0,0.0,False
1626,2024-03-22T17:03:00,54,22,2,1,30,0,0,1,0,False,renda_abaixo_minimo,0,no_offer,blocked,0,0.0,False
1627,2024-03-22T10:33:00,46,91,4,3,20,0,0,0,0,False,sem_relacionamento_bancario,0,no_offer,blocked,0,0.0,False
1628,2024-03-22T15:51:00,37,83,2,2,13,0,0,0,1,True,,1,banner_loan_standard,exploitation,0,-0.01,False
1629,2024-03-22T14:44:00,57,80,2,3,32,0,0,0,0,False,sem_relacionamento_bancario,0,no_offer,blocked,0,0.0,False
1630,2024-03-22T16:56:00,52,43,3,2,25,0,1,1,1,True,,1,banner_loan_standard,exploration,0,-0.01,False
1631,2024-03-22T13:36:00,41,109,3,1,16,1,0,1,0,True,,1,banner_loan_standard,exploitation,1,1.0,False
1632,2024-03-22T14:37:00,50,188,3,1,24,0,0,0,1,True,,1,banner_loan_standard,exploitation,0,-0.01,False
1633,2024-03-22T10:21:00,47,32,1,1,23,0,0,0,1,True,,1,banner_loan_standard,exploration,0,-0.01,False
1634,2024-03-22T11:27:00,31,15,3,3,7,0,0,1,0,False,renda_abaixo_minimo,0,no_offer,blocked,0,0.0,False
1635,2024-03-22T11:46:00,35,28,1,3,9,0,0,0,1,True,,1,banner_loan_standard,exploitation,0,-0.01,False
1636,2024-03-22T16:04:00,40,78,1,1,14,0,0,1,0,False,sem_relacionamento_bancario,0,no_offer,blocked,0,0.0,False
1637,2024-03-22T20:22:00,34,104,3,3,9,0,0,1,0,False,sem_relacionamento_bancario,0,no_offer,blocked,0,0.0,False
1638,2024-03-22T17:49:00,34,49,1,3,9,0,0,0,0,False,sem_relacionamento_bancario,0,no_offer,blocked,0,0.0,False
1639,2024-03-22T21:36:00,56,74,1,3,26,0,0,0,0,False,sem_relacionamento_bancario,0,no_offer,blocked,0,0.0,False
1640,2024-03-22T16:47:00,30,29,3,2,6,0,0,0,0,False,sem_relacionamento_bancario,0,no_offer,blocked,0,0.0,False
1641,2024-03-23T18:50:00,49,42,2,2,24,0,0,1,0,False,sem_relacionamento_bancario,0,no_offer,blocked,0,0.0,False
1642,2024-03-23T13:35:00,31,62,1,1,6,1,0,1,0,True,,1,banner_loan_standard,exploration,0,-0.01,False
1643,2024-03-23T12:53:00,32,122,2,1,6,0,0,1,1,True,,1,banner_loan_standard,exploitation,0,-0.01,False
1644,2024-03-23T12:07:00,54,92,2,1,28,0,0,1,0,False,sem_relacionamento_bancario,0,no_offer,blocked,0,0.0,False
1645,2024-03-23T17:09:00,49,75,1,2,23,0,0,0,1,True,,1,banner_loan_standard,exploitation,1,1.0,False
1646,2024-03-23T18:33:00,33,48,1,1,8,0,0,1,0,False,sem_relacionamento_bancario,0,no_offer,blocked,0,0.0,False
1647,2024-03-23T21:08:00,30,48,1,3,6,0,0,0,0,False,sem_relacionamento_bancario,0,no_offer,blocked,0,0.0,False
1648,2024-03-23T08:10:00,40,74,4,2,14,0,0,1,0,False,sem_relacionamento_bancario,0,no_offer,blocked,0,0.0,False
1649,2024-03-23T17:21:00,60,129,2,1,36,0,0,0,0,False,sem_relacionamento_bancario,0,no_offer,blocked,0,0.0,False
1650,2024-03-23T16:16:00,38,75,3,2,11,0,0,1,0,False,sem_relacionamento_bancario,0,no_offer,blocked,0,0.0,False
1651,2024-03-23T11:47:00,34,65,1,1,8,0,0,1,0,False,sem_relacionamento_bancario,0,no_offer,blocked,0,0.0,False
1652,2024-03-23T12:36:00,57,45,3,1,33,1,1,1,1,True,,1,banner_loan_standard,exploitation,0,-0.01,False
1653,2024-03-23T16:50:00,32,50,4,3,6,1,1,1,1,True,,0,no_offer,exploration,0,0.0,False
1654,2024-03-23T15:01:00,46,73,2,3,20,0,1,1,1,True,,1,banner_loan_standard,exploitation,0,-0.01,False
1655,2024-03-23T18:05:00,46,198,2,1,22,0,0,0,1,True,,1,banner_loan_standard,exploitation,0,-0.01,False
1656,2024-03-23T14:56:00,53,44,2,3,28,0,0,1,1,True,,1,banner_loan_standard,exploitation,0,-0.01,False
1657,2024-03-23T20:08:00,54,28,4,3,28,0,0,1,1,True,,1,banner_loan_standard,exploitation,0,-0.01,False
1658,2024-03-23T11:52:00,50,42,2,2,25,0,0,0,1,True,,1,banner_loan_standard,exploitation,0,-0.01,False
1659,2024-03-23T10:16:00,45,60,2,3,19,0,0,1,0,False,sem_relacionamento_bancario,0,no_offer,blocked,0,0.0,False
1660,2024-03-23T08:11:00,49,103,3,2,22,0,0,0,0,False,sem_relacionamento_bancario,0,no_offer,blocked,0,0.0,False
1661,2024-03-24T08:16:00,56,125,3,1,32,0,1,1,1,True,,1,banner_loan_standard,exploitation,0,-0.01,False
1662,2024-03-24T10:25:00,35,24,1,3,11,0,0,1,1,False,renda_abaixo_minimo,0,no_offer,blocked,0,0.0,False
1663,2024-03-24T11:31:00,59,151,2,1,35,0,0,1,0,False,sem_relacionamento_bancario,0,no_offer,blocked,0,0.0,False
1664,2024-03-24T11:17:00,59,53,3,1,33,0,0,1,0,False,sem_relacionamento_bancario,0,no_offer,blocked,0,0.0,False
1665,2024-03-24T11:34:00,66,53,2,1,42,0,0,1,1,True,,0,no_offer,exploration,0,0.0,False
1666,2024-03-24T15:13:00,57,50,4,1,32,0,0,0,0,False,sem_relacionamento_bancario,0,no_offer,blocked,0,0.0,False
1667,2024-03-24T17:32:00,31,35,1,3,5,0,0,0,0,False,sem_relacionamento_bancario,0,no_offer,blocked,0,0.0,False
1668,2024-03-24T21:33:00,33,48,4,2,7,0,0,0,0,False,sem_relacionamento_bancario,0,no_offer,blocked,0,0.0,False
1669,2024-03-24T20:54:00,29,128,2,2,5,0,0,1,0,False,sem_relacionamento_bancario,0,no_offer,blocked,0,0.0,False
1670,2024-03-24T11:23:00,31,115,2,3,5,0,0,1,0,False,sem_relacionamento_bancario,0,no_offer,blocked,0,0.0,False
1671,2024-03-24T18:28:00,26,102,4,3,0,0,0,0,0,False,sem_relacionamento_bancario,0,no_offer,blocked,0,0.0,False
1672,2024-03-24T10:05:00,64,83,3,2,39,0,0,1,0,False,sem_relacionamento_bancario,0,no_offer,blocked,0,0.0,False
1673,2024-03-24T16:32:00,64,40,2,3,38,0,0,0,0,False,sem_relacionamento_bancario,0,no_offer,blocked,0,0.0,False
1674,2024-03-24T08:39:00,34,35,3,1,9,0,0,0,0,False,sem_relacionamento_bancario,0,no_offer,blocked,0,0.0,False
1675,2024-03-24T10:52:00,47,15,2,3,22,0,0,0,0,False,renda_abaixo_minimo,0,no_offer,blocked,0,0.0,False
1676,2024-03-24T13:39:00,39,31,2,2,14,0,0,1,1,True,,1,banner_loan_standard,exploitation,0,-0.01,False
1677,2024-03-24T20:47:00,60,90,4,2,34,0,0,1,0,False,sem_relacionamento_bancario,0,no_offer,blocked,0,0.0,False
1678,2024-03-24T21:34:00,43,32,3,2,17,0,0,1,0,False,sem_relacionamento_bancario,0,no_offer,blocked,0,0.0,False
1679,2024-03-24T18:09:00,34,34,2,3,8,1,0,1,0,True,,1,banner_loan_standard,exploitation,0,-0.01,False
1680,2024-03-24T19:22:00,43,85,4,3,18,0,0,1,1,True,,1,banner_loan_standard,exploitation,0,-0.01,False
1681,2024-03-25T09:55:00,56,45,4,3,30,0,0,0,0,False,sem_relacionamento_bancario,0,no_offer,blocked,0,0.0,False
1682,2024-03-25T15:06:00,45,39,2,3,21,0,0,0,1,True,,1,banner_loan_standard,exploitation,0,-0.01,False
1683,2024-03-25T21:55:00,27,141,4,3,1,0,0,0,0,False,sem_relacionamento_bancario,0,no_offer,blocked,0,0.0,False
1684,2024-03-25T14:18:00,53,58,4,3,23,0,0,1,1,True,,1,banner_loan_standard,exploitation,0,-0.01,False
1685,2024-03-25T10:17:00,64,84,1,1,38,0,0,0,0,False,sem_relacionamento_bancario,0,no_offer,blocked,0,0.0,False
1686,2024-03-25T11:15:00,54,34,4,2,28,0,0,1,0,False,sem_relacionamento_bancario,0,no_offer,blocked,0,0.0,False
1687,2024-03-25T15:59:00,47,19,1,3,22,0,0,1,0,False,renda_abaixo_minimo,0,no_offer,blocked,0,0.0,False
1688,2024-03-25T08:48:00,28,63,2,3,2,0,0,1,0,False,sem_relacionamento_bancario,0,no_offer,blocked,0,0.0,False
1689,2024-03-25T19:52:00,46,30,4,3,21,0,0,1,0,False,sem_relacionamento_bancario,0,no_offer,blocked,0,0.0,False
1690,2024-03-25T18:04:00,42,43,1,1,18,0,0,0,0,False,sem_relacionamento_bancario,0,no_offer,blocked,0,0.0,False
1691,2024-03-25T18:11:00,55,159,1,3,31,0,0,0,0,False,sem_relacionamento_bancario,0,no_offer,blocked,0,0.0,False
1692,2024-03-25T08:05:00,59,13,4,2,34,0,0,0,0,False,renda_abaixo_minimo,0,no_offer,blocked,0,0.0,False
1693,2024-03-25T08:04:00,61,60,3,2,36,0,0,0,0,False,sem_relacionamento_bancario,0,no_offer,blocked,0,0.0,False
1694,2024-03-25T13:55:00,32,120,4,1,6,0,1,1,1,True,,1,banner_loan_standard,exploitation,0,-0.01,False
1695,2024-03-25T18:32:00,49,68,1,2,24,0,0,0,0,False,sem_relacionamento_bancario,0,no_offer,blocked,0,0.0,False
1696,2024-03-25T21:49:00,31,22,1,3,5,0,0,0,0,False,renda_abaixo_minimo,0,no_offer,blocked,0,0.0,False
1697,2024-03-25T16:18:00,50,18,1,2,23,0,0,1,1,False,renda_abaixo_minimo,0,no_offer,blocked,0,0.0,False
1698,2024-03-25T21:46:00,39,41,2,1,13,0,0,1,1,True,,1,banner_loan_standard,exploitation,1,1.0,False
1699,2024-03-25T14:03:00,33,125,1,3,9,0,0,1,0,False,sem_relacionamento_bancario,0,no_offer,blocked,0,0.0,False
1700,2024-03-25T08:12:00,44,22,1,1,20,0,0,0,0,False,renda_abaixo_minimo,0,no_offer,blocked,0,0.0,False
1701,2024-03-26T11:53:00,34,133,1,1,9,0,0,1,0,False,sem_relacionamento_bancario,0,no_offer,blocked,0,0.0,False
1702,2024-03-26T14:14:00,35,109,3,1,9,0,0,0,0,False,sem_relacionamento_bancario,0,no_offer,blocked,0,0.0,False
1703,2024-03-26T14:13:00,60,24,1,1,35,0,0,0,0,False,renda_abaixo_minimo,0,no_offer,blocked,0,0.0,False
1704,2024-03-26T14:18:00,50,102,2,1,24,0,0,1,0,False,sem_relacionamento_bancario,0,no_offer,blocked,0,0.0,False
1705,2024-03-26T13:28:00,53,44,3,1,28,0,0,0,0,False,sem_relacionamento_bancario,0,no_offer,blocked,0,0.0,False
1706,2024-03-26T15:19:00,43,33,1,3,13,0,0,0,0,False,sem_relacionamento_bancario,0,no_offer,blocked,0,0.0,False
1707,2024-03-26T20:23:00,39,119,2,1,15,0,0,0,0,False,sem_relacionamento_bancario,0,no_offer,blocked,0,0.0,False
1708,2024-03-26T16:07:00,38,63,1,2,14,1,0,1,0,True,,1,banner_loan_standard,exploitation,0,-0.01,False
1709,2024-03-26T17:28:00,44,22,3,2,17,0,0,1,1,False,renda_abaixo_minimo,0,no_offer,blocked,0,0.0,False
1710,2024-03-26T17:04:00,60,101,3,1,34,0,0,1,1,True,,1,banner_loan_standard,exploitation,1,1.0,False
1711,2024-03-26T19:40:00,38,82,4,1,14,0,0,0,0,False,sem_relacionamento_bancario,0,no_offer,blocked,0,0.0,False
1712,2024-03-26T12:17:00,31,81,4,2,6,0,0,1,0,False,sem_relacionamento_bancario,0,no_offer,blocked,0,0.0,False
1713,2024-03-26T17:19:00,61,23,1,1,36,0,0,0,0,False,renda_abaixo_minimo,0,no_offer,blocked,0,0.0,False
1714,2024-03-26T16:48:00,64,23,3,1,39,1,0,0,0,False,renda_abaixo_minimo,0,no_offer,blocked,0,0.0,False
1715,2024-03-26T18:48:00,45,38,2,1,19,0,0,0,0,False,sem_relacionamento_bancario,0,no_offer,blocked,0,0.0,False
1716,2024-03-26T19:06:00,59,14,2,1,35,0,0,1,0,False,renda_abaixo_minimo,0,no_offer,blocked,0,0.0,False
1717,2024-03-26T18:02:00,40,71,3,1,15,0,0,1,0,False,sem_relacionamento_bancario,0,no_offer,blocked,0,0.0,False
1718,2024-03-26T17:33:00,54,81,2,3,29,0,0,1,0,False,sem_relacionamento_bancario,0,no_offer,blocked,0,0.0,False
1719,2024-03-26T16:34:00,62,19,1,3,32,1,0,0,0,False,renda_abaixo_minimo,0,no_offer,blocked,0,0.0,False
1720,2024-03-26T17:37:00,55,35,1,2,30,0,0,0,1,True,,1,banner_loan_standard,exploitation,0,-0.01,False
1721,2024-03-27T13:25:00,62,65,1,2,38,0,0,1,0,False,sem_relacionamento_bancario,0,no_offer,blocked,0,0.0,False
1722,2024-03-27T18:54:00,37,35,4,2,10,0,0,0,0,False,sem_relacionamento_bancario,0,no_offer,blocked,0,0.0,False
1723,2024-03-27T14:26:00,52,191,1,1,26,0,0,1,0,False,sem_relacionamento_bancario,0,no_offer,blocked,0,0.0,False
1724,2024-03-27T20:46:00,66,15,3,3,41,0,0,1,0,False,renda_abaixo_minimo,0,no_offer,blocked,0,0.0,False
1725,2024-03-27T13:19:00,30,141,2,1,6,0,0,1,0,False,sem_relacionamento_bancario,0,no_offer,blocked,0,0.0,False
1726,2024-03-27T19:18:00,45,163,3,2,18,0,1,0,1,True,,1,banner_loan_standard,exploitation,1,1.0,False
1727,2024-03-27T11:34:00,35,78,1,2,10,0,0,1,0,False,sem_relacionamento_bancario,0,no_offer,blocked,0,0.0,False
1728,2024-03-27T09:21:00,56,38,4,1,32,0,0,1,1,True,,1,banner_loan_standard,exploitation,0,-0.01,False
1729,2024-03-27T10:05:00,33,182,1,1,8,0,0,0,0,False,sem_relacionamento_bancario,0,no_offer,blocked,0,0.0,False
1730,2024-03-27T08:31:00,64,32,3,2,38,0,0,1,1,True,,1,banner_loan_standard,exploitation,0,-0.01,False
1731,2024-03-27T11:58:00,30,40,1,1,4,0,1,1,1,True,,1,banner_loan_standard,exploitation,0,-0.01,False
1732,2024-03-27T08:18:00,60,49,3,2,35,0,0,1,1,True,,1,banner_loan_standard,exploitation,0,-0.01,False
1733,2024-03-27T17:24:00,52,35,4,1,26,0,0,1,0,False,sem_relacionamento_bancario,0,no_offer,blocked,0,0.0,False
1734,2024-03-27T17:52:00,56,23,1,3,32,0,0,1,1,False,renda_abaixo_minimo,0,no_offer,blocked,0,0.0,False
1735,2024-03-27T18:21:00,27,109,4,3,2,0,0,0,0,False,sem_relacionamento_bancario,0,no_offer,blocked,0,0.0,False
1736,2024-03-27T15:21:00,43,85,1,3,18,1,0,1,0,True,,1,banner_loan_standard,exploitation,1,1.0,False
1737,2024-03-27T11:33:00,40,19,1,3,10,0,0,0,0,False,renda_abaixo_minimo,0,no_offer,blocked,0,0.0,False
1738,2024-03-27T21:24:00,60,8,1,1,35,0,0,1,0,False,renda_abaixo_minimo,0,no_offer,blocked,0,0.0,False
1739,2024-03-27T20:27:00,54,92,2,1,28,0,0,1,0,False,sem_relacionamento_bancario,0,no_offer,blocked,0,0.0,False
1740,2024-03-27T08:48:00,41,65,3,3,15,0,0,0,0,False,sem_relacionamento_bancario,0,no_offer,blocked,0,0.0,False
1741,2024-03-28T20:03:00,37,81,1,1,12,0,0,0,0,False,sem_relacionamento_bancario,0,no_offer,blocked,0,0.0,False
1742,2024-03-28T14:48:00,43,40,3,2,19,0,0,1,0,False,sem_relacionamento_bancario,0,no_offer,blocked,0,0.0,False
1743,2024-03-28T17:35:00,67,78,4,3,41,1,0,0,0,True,,1,banner_loan_standard,exploitation,0,-0.01,False
1744,2024-03-28T13:47:00,42,72,4,2,17,0,0,0,1,True,,1,banner_loan_standard,exploitation,0,-0.01,False
1745,2024-03-28T13:16:00,51,21,2,3,25,1,0,1,0,False,renda_abaixo_minimo,0,no_offer,blocked,0,0.0,False
1746,2024-03-28T17:49:00,42,39,1,3,18,0,0,1,0,False,sem_relacionamento_bancario,0,no_offer,blocked,0,0.0,False
1747,2024-03-28T18:53:00,44,119,2,1,20,0,0,1,0,False,sem_relacionamento_bancario,0,no_offer,blocked,0,0.0,False
1748,2024-03-28T09:34:00,41,20,1,3,17,0,0,1,0,False,renda_abaixo_minimo,0,no_offer,blocked,0,0.0,False
1749,2024-03-28T16:27:00,58,60,2,2,33,1,0,1,0,True,,1,banner_loan_standard,exploitation,1,1.0,False
1750,2024-03-28T11:28:00,28,114,4,3,2,0,0,1,0,False,sem_relacionamento_bancario,0,no_offer,blocked,0,0.0,False
1751,2024-03-28T18:08:00,39,58,2,2,13,0,0,1,0,False,sem_relacionamento_bancario,0,no_offer,blocked,0,0.0,False
1752,2024-03-28T18:25:00,51,42,1,2,26,0,0,1,0,False,sem_relacionamento_bancario,0,no_offer,blocked,0,0.0,False
1753,2024-03-28T18:56:00,65,55,4,3,35,0,0,1,1,True,,1,banner_loan_standard,exploitation,0,-0.01,False
1754,2024-03-28T20:39:00,49,93,1,1,25,1,0,1,0,True,,1,banner_loan_standard,exploitation,0,-0.01,False
1755,2024-03-28T11:46:00,54,64,2,3,28,1,0,1,0,True,,1,banner_loan_standard,exploitation,0,-0.01,False
1756,2024-03-28T08:56:00,37,190,2,1,12,0,0,1,0,False,sem_relacionamento_bancario,0,no_offer,blocked,0,0.0,False
1757,2024-03-28T09:39:00,39,80,2,2,15,0,0,1,1,True,,0,no_offer,exploration,0,0.0,False
1758,2024-03-28T21:57:00,61,48,3,1,36,0,0,0,1,True,,1,banner_loan_standard,exploitation,0,-0.01,False
1759,2024-03-28T21:47:00,35,34,4,1,10,0,0,1,1,True,,1,banner_loan_standard,exploitation,0,-0.01,False
1760,2024-03-28T10:35:00,61,41,1,1,37,0,0,1,1,True,,1,banner_loan_standard,exploitation,0,-0.01,False
1761,2024-03-29T21:02:00,39,52,3,3,13,1,0,0,1,True,,1,banner_loan_standard,exploitation,0,-0.01,False
1762,2024-03-29T17:37:00,23,61,4,1,-1,0,0,1,0,False,sem_relacionamento_bancario,0,no_offer,blocked,0,0.0,False
1763,2024-03-29T08:54:00,48,10,2,3,23,0,0,1,1,False,renda_abaixo_minimo,0,no_offer,blocked,0,0.0,False
1764,2024-03-29T15:26:00,40,78,1,1,14,0,0,1,0,False,sem_relacionamento_bancario,0,no_offer,blocked,0,0.0,False
1765,2024-03-29T21:07:00,30,79,4,2,3,0,0,1,0,False,sem_relacionamento_bancario,0,no_offer,blocked,0,0.0,False
1766,2024-03-29T20:05:00,38,60,2,3,14,0,0,1,1,True,,1,banner_loan_standard,exploration,0,-0.01,False
1767,2024-03-29T18:24:00,41,21,2,2,16,0,0,0,0,False,renda_abaixo_minimo,0,no_offer,blocked,0,0.0,False
1768,2024-03-29T14:48:00,55,64,2,2,30,0,0,0,0,False,sem_relacionamento_bancario,0,no_offer,blocked,0,0.0,False
1769,2024-03-29T12:08:00,50,192,2,3,26,0,1,1,1,True,,1,banner_loan_standard,exploitation,0,-0.01,False
1770,2024-03-29T09:55:00,61,85,3,2,36,0,0,0,0,False,sem_relacionamento_bancario,0,no_offer,blocked,0,0.0,False
1771,2024-03-29T18:20:00,58,10,4,1,34,0,0,0,0,False,renda_abaixo_minimo,0,no_offer,blocked,0,0.0,False
1772,2024-03-29T09:57:00,28,101,4,3,2,0,0,1,0,False,sem_relacionamento_bancario,0,no_offer,blocked,0,0.0,False
1773,2024-03-29T18:58:00,40,53,4,3,16,0,0,0,0,False,sem_relacionamento_bancario,0,no_offer,blocked,0,0.0,False
1774,2024-03-29T19:37:00,31,99,4,2,5,0,0,0,0,False,sem_relacionamento_bancario,0,no_offer,blocked,0,0.0,False
1775,2024-03-29T17:39:00,33,115,4,2,8,0,0,1,0,False,sem_relacionamento_bancario,0,no_offer,blocked,0,0.0,False
1776,2024-03-29T11:49:00,53,60,1,1,27,0,0,1,0,False,sem_relacionamento_bancario,0,no_offer,blocked,0,0.0,False
1777,2024-03-29T19:42:00,58,41,1,1,32,0,0,1,0,False,sem_relacionamento_bancario,0,no_offer,blocked,0,0.0,False
1778,2024-03-29T12:14:00,58,51,1,2,32,0,0,1,0,False,sem_relacionamento_bancario,0,no_offer,blocked,0,0.0,False
1779,2024-03-29T19:17:00,35,128,1,1,10,0,0,1,0,False,sem_relacionamento_bancario,0,no_offer,blocked,0,0.0,False
1780,2024-03-29T18:57:00,33,51,4,3,7,0,0,0,1,True,,1,banner_loan_standard,exploitation,0,-0.01,False
1781,2024-03-30T16:12:00,24,119,1,1,0,0,0,1,0,False,sem_relacionamento_bancario,0,no_offer,blocked,0,0.0,False
1782,2024-03-30T20:42:00,51,29,1,3,25,0,0,0,1,True,,1,banner_loan_standard,exploitation,0,-0.01,False
1783,2024-03-30T08:54:00,61,54,4,2,37,0,0,1,1,True,,1,banner_loan_standard,exploitation,0,-0.01,False
1784,2024-03-30T10:13:00,42,78,1,3,17,0,0,1,0,False,sem_relacionamento_bancario,0,no_offer,blocked,0,0.0,False
1785,2024-03-30T13:49:00,37,28,2,3,11,0,0,0,0,False,sem_relacionamento_bancario,0,no_offer,blocked,0,0.0,False
1786,2024-03-30T12:47:00,49,50,4,3,24,1,0,0,0,True,,1,banner_loan_standard,exploitation,0,-0.01,False
1787,2024-03-30T19:20:00,26,42,4,3,0,1,0,0,0,True,,1,banner_loan_standard,exploitation,0,-0.01,False
1788,2024-03-30T11:18:00,45,39,2,3,21,0,0,0,1,True,,1,banner_loan_standard,exploitation,0,-0.01,False
1789,2024-03-30T10:03:00,63,8,4,2,38,0,0,1,0,False,renda_abaixo_minimo,0,no_offer,blocked,0,0.0,False
1790,2024-03-30T19:26:00,50,82,1,1,26,0,0,1,1,True,,1,banner_loan_standard,exploitation,0,-0.01,False
1791,2024-03-30T12:57:00,65,105,1,2,41,1,1,1,0,True,,1,banner_loan_standard,exploitation,0,-0.01,False
1792,2024-03-30T14:45:00,33,139,1,3,7,0,1,1,1,True,,1,banner_loan_standard,exploitation,0,-0.01,False
1793,2024-03-30T14:31:00,60,93,1,1,36,0,0,1,0,False,sem_relacionamento_bancario,0,no_offer,blocked,0,0.0,False
1794,2024-03-30T08:41:00,41,32,3,2,14,0,0,0,1,True,,1,banner_loan_standard,exploitation,0,-0.01,False
1795,2024-03-30T17:38:00,63,22,3,3,38,0,0,1,0,False,renda_abaixo_minimo,0,no_offer,blocked,0,0.0,False
1796,2024-03-30T20:08:00,56,64,3,2,30,0,0,0,1,True,,1,banner_loan_standard,exploitation,0,-0.01,False
1797,2024-03-30T13:50:00,26,44,1,2,-1,0,0,0,0,False,sem_relacionamento_bancario,0,no_offer,blocked,0,0.0,False
1798,2024-03-30T20:34:00,60,152,2,1,34,0,0,0,0,False,sem_relacionamento_bancario,0,no_offer,blocked,0,0.0,False
1799,2024-03-30T12:41:00,37,72,4,3,13,1,0,0,0,True,,1,banner_loan_standard,exploitation,0,-0.01,False
1800,2024-03-30T14:16:00,51,132,1,1,25,0,0,1,0,False,sem_relacionamento_bancario,0,no_offer,blocked,0,0.0,False
1801,2024-03-31T19:22:00,31,11,1,2,5,0,0,0,1,False,renda_abaixo_minimo,0,no_offer,blocked,0,0.0,False
1802,2024-03-31T10:29:00,31,19,4,3,6,0,1,1,1,False,renda_abaixo_minimo,0,no_offer,blocked,0,0.0,False
1803,2024-03-31T20:46:00,54,119,3,1,29,1,1,0,0,True,,1,banner_loan_standard,exploitation,0,-0.01,False
1804,2024-03-31T12:22:00,43,54,2,1,19,0,0,1,0,False,sem_relacionamento_bancario,0,no_offer,blocked,0,0.0,False
1805,2024-03-31T14:44:00,64,91,2,3,40,0,0,1,1,True,,1,banner_loan_standard,exploration,0,-0.01,False
1806,2024-03-31T08:54:00,49,22,4,1,25,0,0,1,0,False,renda_abaixo_minimo,0,no_offer,blocked,0,0.0,False
1807,2024-03-31T15:20:00,29,40,1,3,3,0,0,1,0,False,sem_relacionamento_bancario,0,no_offer,blocked,0,0.0,False
1808,2024-03-31T09:36:00,39,139,1,1,15,0,0,1,0,False,sem_relacionamento_bancario,0,no_offer,blocked,0,0.0,False
1809,2024-03-31T13:43:00,37,132,2,1,12,0,0,0,0,False,sem_relacionamento_bancario,0,no_offer,blocked,0,0.0,False
1810,2024-03-31T09:29:00,42,32,3,1,16,0,0,1,0,False,sem_relacionamento_bancario,0,no_offer,blocked,0,0.0,False
1811,2024-03-31T21:16:00,32,43,1,3,8,0,0,0,1,True,,0,no_offer,exploration,0,0.0,False
1812,2024-03-31T21:42:00,26,60,2,1,2,0,0,0,0,False,sem_relacionamento_bancario,0,no_offer,blocked,0,0.0,False
1813,2024-03-31T17:50:00,26,24,2,3,1,0,0,0,1,False,renda_abaixo_minimo,0,no_offer,blocked,0,0.0,False
1814,2024-03-31T19:50:00,42,120,2,1,18,1,0,0,0,True,,1,banner_loan_standard,exploitation,0,-0.01,False
1815,2024-03-31T19:10:00,50,188,3,1,24,0,0,0,1,True,,1,banner_loan_standard,exploitation,0,-0.01,False
1816,2024-03-31T21:38:00,41,35,2,2,16,0,0,0,0,False,sem_relacionamento_bancario,0,no_offer,blocked,0,0.0,False
1817,2024-03-31T14:46:00,48,152,1,1,22,0,0,0,0,False,sem_relacionamento_bancario,0,no_offer,blocked,0,0.0,False
1818,2024-03-31T21:27:00,54,78,4,2,30,0,0,1,1,True,,1,banner_loan_standard,exploitation,0,-0.01,False
1819,2024-03-31T15:07:00,44,151,1,1,20,0,0,1,0,False,sem_relacionamento_bancario,0,no_offer,blocked,0,0.0,False
1820,2024-03-31T18:08:00,37,63,4,3,12,0,0,1,0,False,sem_relacionamento_bancario,0,no_offer,blocked,0,0.0,False
1821,2024-04-01T08:32:00,40,51,2,2,15,0,0,1,0,False,sem_relacionamento_bancario,0,no_offer,blocked,0,0.0,False
1822,2024-04-01T10:02:00,62,44,2,3,36,0,0,0,0,False,sem_relacionamento_bancario,0,no_offer,blocked,0,0.0,False
1823,2024-04-01T08:28:00,63,40,1,1,39,0,0,0,1,True,,1,banner_loan_standard,exploitation,0,-0.01,False
1824,2024-04-01T13:00:00,44,145,1,1,20,0,0,0,1,True,,1,banner_loan_standard,exploitation,0,-0.01,False
1825,2024-04-01T20:47:00,31,29,2,2,5,0,0,1,1,True,,1,banner_loan_standard,exploitation,0,-0.01,False
1826,2024-04-01T08:52:00,27,40,4,3,0,0,0,1,0,False,sem_relacionamento_bancario,0,no_offer,blocked,0,0.0,False
1827,2024-04-01T14:23:00,37,115,1,2,13,0,0,1,1,True,,0,no_offer,exploration,0,0.0,False
1828,2024-04-01T17:16:00,49,8,1,1,25,0,0,0,0,False,renda_abaixo_minimo,0,no_offer,blocked,0,0.0,False
1829,2024-04-01T14:12:00,39,32,2,3,13,0,0,1,0,False,sem_relacionamento_bancario,0,no_offer,blocked,0,0.0,False
1830,2024-04-01T14:57:00,27,110,2,1,3,1,0,0,1,True,,1,banner_loan_standard,exploitation,0,-0.01,False
1831,2024-04-01T08:16:00,34,155,2,1,10,0,0,1,1,True,,1,banner_loan_standard,exploitation,0,-0.01,False
1832,2024-04-01T18:24:00,53,14,2,2,26,0,0,0,0,False,renda_abaixo_minimo,0,no_offer,blocked,0,0.0,False
1833,2024-04-01T18:02:00,55,91,2,1,31,0,0,0,0,False,sem_relacionamento_bancario,0,no_offer,blocked,0,0.0,False
1834,2024-04-01T20:52:00,48,23,3,2,21,0,0,0,0,False,renda_abaixo_minimo,0,no_offer,blocked,0,0.0,False
1835,2024-04-01T18:31:00,48,90,2,3,22,0,0,0,0,False,sem_relacionamento_bancario,0,no_offer,blocked,0,0.0,False
1836,2024-04-01T13:27:00,57,82,2,1,31,0,0,0,1,True,,1,banner_loan_standard,exploitation,0,-0.01,False
1837,2024-04-01T20:56:00,32,63,4,2,5,1,0,1,0,True,,1,banner_loan_standard,exploitation,0,-0.01,False
1838,2024-04-01T13:15:00,37,190,2,1,12,0,0,1,0,False,sem_relacionamento_bancario,0,no_offer,blocked,0,0.0,False
1839,2024-04-01T13:40:00,52,74,1,2,28,0,0,1,1,True,,1,banner_loan_standard,exploitation,0,-0.01,False
1840,2024-04-01T10:01:00,51,98,1,3,26,0,0,1,1,True,,1,banner_loan_standard,exploitation,0,-0.01,False
1841,2024-04-02T16:44:00,40,51,2,2,15,0,0,1,0,False,sem_relacionamento_bancario,0,no_offer,blocked,0,0.0,False
1842,2024-04-02T10:10:00,43,84,4,3,19,0,0,1,0,False,sem_relacionamento_bancario,0,no_offer,blocked,0,0.0,False
1843,2024-04-02T12:45:00,48,80,2,2,22,0,0,1,0,False,sem_relacionamento_bancario,0,no_offer,blocked,0,0.0,False
1844,2024-04-02T21:56:00,31,105,1,1,7,0,0,1,0,False,sem_relacionamento_bancario,0,no_offer,blocked,0,0.0,False
1845,2024-04-02T15:17:00,41,114,2,2,17,0,0,1,0,False,sem_relacionamento_bancario,0,no_offer,blocked,0,0.0,False
1846,2024-04-02T15:21:00,52,68,1,3,26,0,0,1,1,True,,1,banner_loan_standard,exploitation,0,-0.01,False
1847,2024-04-02T15:35:00,44,83,2,3,19,1,0,0,1,True,,1,banner_loan_standard,exploitation,0,-0.01,False
1848,2024-04-02T19:51:00,27,125,2,1,3,0,0,0,0,False,sem_relacionamento_bancario,0,no_offer,blocked,0,0.0,False
1849,2024-04-02T16:48:00,35,63,2,1,9,0,0,1,0,False,sem_relacionamento_bancario,0,no_offer,blocked,0,0.0,False
1850,2024-04-02T20:17:00,30,23,2,3,5,1,0,1,0,False,renda_abaixo_minimo,0,no_offer,blocked,0,0.0,False
1851,2024-04-02T09:12:00,27,88,3,1,3,0,0,0,0,False,sem_relacionamento_bancario,0,no_offer,blocked,0,0.0,False
1852,2024-04-02T20:53:00,63,185,2,2,37,0,0,1,0,False,sem_relacionamento_bancario,0,no_offer,blocked,0,0.0,False
1853,2024-04-02T18:41:00,58,62,3,3,32,0,1,1,1,True,,1,banner_loan_standard,exploitation,0,-0.01,False
1854,2024-04-02T13:13:00,63,45,2,3,37,0,0,1,1,True,,1,banner_loan_standard,exploitation,0,-0.01,False
1855,2024-04-02T21:03:00,36,158,2,1,11,0,0,1,1,True,,1,banner_loan_standard,exploitation,1,1.0,False
1856,2024-04-02T18:59:00,56,80,4,3,31,0,0,1,0,False,sem_relacionamento_bancario,0,no_offer,blocked,0,0.0,False
1857,2024-04-02T11:10:00,36,8,4,3,11,0,0,0,1,False,renda_abaixo_minimo,0,no_offer,blocked,0,0.0,False
1858,2024-04-02T17:30:00,35,75,4,3,11,0,0,0,0,False,sem_relacionamento_bancario,0,no_offer,blocked,0,0.0,False
1859,2024-04-02T18:31:00,56,88,2,1,32,0,0,1,0,False,sem_relacionamento_bancario,0,no_offer,blocked,0,0.0,False
1860,2024-04-02T09:48:00,29,44,3,2,5,0,0,1,1,True,,0,no_offer,exploration,0,0.0,False
1861,2024-04-03T16:27:00,36,65,3,2,12,0,0,1,0,False,sem_relacionamento_bancario,0,no_offer,blocked,0,0.0,False
1862,2024-04-03T19:33:00,33,92,3,1,7,0,0,0,0,False,sem_relacionamento_bancario,0,no_offer,blocked,0,0.0,False
1863,2024-04-03T20:55:00,61,63,3,3,35,0,0,0,0,False,sem_relacionamento_bancario,0,no_offer,blocked,0,0.0,False
1864,2024-04-03T16:35:00,58,68,2,1,34,0,0,0,0,False,sem_relacionamento_bancario,0,no_offer,blocked,0,0.0,False
1865,2024-04-03T15:08:00,57,113,1,3,32,0,0,1,0,False,sem_relacionamento_bancario,0,no_offer,blocked,0,0.0,False
1866,2024-04-03T17:57:00,50,23,4,1,26,0,0,0,1,False,renda_abaixo_minimo,0,no_offer,blocked,0,0.0,False
1867,2024-04-03T12:47:00,27,40,4,3,0,0,0,0,0,False,sem_relacionamento_bancario,0,no_offer,blocked,0,0.0,False
1868,2024-04-03T20:38:00,32,78,1,3,6,0,0,0,0,False,sem_relacionamento_bancario,0,no_offer,blocked,0,0.0,False
1869,2024-04-03T17:51:00,39,40,3,3,13,0,0,1,0,False,sem_relacionamento_bancario,0,no_offer,blocked,0,0.0,False
1870,2024-04-03T08:34:00,25,13,2,3,0,0,0,1,0,False,renda_abaixo_minimo,0,no_offer,blocked,0,0.0,False
1871,2024-04-03T12:18:00,33,43,4,1,7,0,0,0,0,False,sem_relacionamento_bancario,0,no_offer,blocked,0,0.0,False
1872,2024-04-03T14:27:00,62,33,1,3,32,0,0,1,1,True,,1,banner_loan_standard,exploitation,0,-0.01,False
1873,2024-04-03T17:16:00,27,45,2,2,2,0,0,0,1,True,,1,banner_loan_standard,exploration,0,-0.01,False
1874,2024-04-03T14:30:00,56,23,1,3,32,0,0,1,1,False,renda_abaixo_minimo,0,no_offer,blocked,0,0.0,False
1875,2024-04-03T10:20:00,53,39,3,1,29,0,0,1,0,False,sem_relacionamento_bancario,0,no_offer,blocked,0,0.0,False
1876,2024-04-03T12:52:00,51,85,4,1,25,0,0,1,1,True,,1,banner_loan_standard,exploitation,0,-0.01,False
1877,2024-04-03T13:41:00,33,14,4,2,9,0,0,1,0,False,renda_abaixo_minimo,0,no_offer,blocked,0,0.0,False
1878,2024-04-03T19:41:00,45,42,1,3,20,0,0,1,0,False,sem_relacionamento_bancario,0,no_offer,blocked,0,0.0,False
1879,2024-04-03T20:12:00,47,190,2,1,22,0,0,0,0,False,sem_relacionamento_bancario,0,no_offer,blocked,0,0.0,False
1880,2024-04-03T15:58:00,37,71,2,2,13,0,0,1,1,True,,1,banner_loan_standard,exploitation,0,-0.01,False
1881,2024-04-04T16:39:00,44,34,4,2,19,0,0,0,0,False,sem_relacionamento_bancario,0,no_offer,blocked,0,0.0,False
1882,2024-04-04T20:58:00,32,58,3,1,8,0,0,1,0,False,sem_relacionamento_bancario,0,no_offer,blocked,0,0.0,False
1883,2024-04-04T09:29:00,60,64,3,3,34,0,0,0,0,False,sem_relacionamento_bancario,0,no_offer,blocked,0,0.0,False
1884,2024-04-04T21:11:00,55,44,3,3,25,0,0,1,0,False,sem_relacionamento_bancario,0,no_offer,blocked,0,0.0,False
1885,2024-04-04T08:25:00,26,62,4,1,2,1,0,0,0,True,,1,banner_loan_standard,exploitation,0,-0.01,False
1886,2024-04-04T09:49:00,53,60,1,1,27,0,0,1,0,False,sem_relacionamento_bancario,0,no_offer,blocked,0,0.0,False
1887,2024-04-04T19:50:00,38,69,3,2,11,0,0,0,0,False,sem_relacionamento_bancario,0,no_offer,blocked,0,0.0,False
1888,2024-04-04T17:22:00,29,172,4,1,3,0,0,0,0,False,sem_relacionamento_bancario,0,no_offer,blocked,0,0.0,False
1889,2024-04-04T09:31:00,47,124,4,3,22,0,0,0,0,False,sem_relacionamento_bancario,0,no_offer,blocked,0,0.0,False
1890,2024-04-04T08:37:00,31,83,4,2,6,0,0,1,0,False,sem_relacionamento_bancario,0,no_offer,blocked,0,0.0,False
1891,2024-04-04T16:46:00,35,38,1,2,11,0,0,1,0,False,sem_relacionamento_bancario,0,no_offer,blocked,0,0.0,False
1892,2024-04-04T10:37:00,48,19,1,1,23,0,0,1,0,False,renda_abaixo_minimo,0,no_offer,blocked,0,0.0,False
1893,2024-04-04T10:29:00,62,53,2,1,37,0,0,1,0,False,sem_relacionamento_bancario,0,no_offer,blocked,0,0.0,False
1894,2024-04-04T19:20:00,27,45,2,2,2,0,0,0,1,True,,1,banner_loan_standard,exploitation,0,-0.01,False
1895,2024-04-04T17:45:00,39,115,1,3,14,0,0,1,0,False,sem_relacionamento_bancario,0,no_offer,blocked,0,0.0,False
1896,2024-04-04T20:26:00,64,38,1,3,39,0,0,0,0,False,sem_relacionamento_bancario,0,no_offer,blocked,0,0.0,False
1897,2024-04-04T11:06:00,51,23,1,1,27,0,0,1,0,False,renda_abaixo_minimo,0,no_offer,blocked,0,0.0,False
1898,2024-04-04T13:09:00,34,41,1,3,9,0,0,0,0,False,sem_relacionamento_bancario,0,no_offer,blocked,0,0.0,False
1899,2024-04-04T14:52:00,55,44,2,2,30,0,0,1,0,False,sem_relacionamento_bancario,0,no_offer,blocked,0,0.0,False
1900,2024-04-04T14:54:00,27,84,3,1,3,0,0,1,1,True,,1,banner_loan_standard,exploitation,0,-0.01,False
1901,2024-04-05T13:23:00,38,173,2,1,13,0,0,0,0,False,sem_relacionamento_bancario,0,no_offer,blocked,0,0.0,False
1902,2024-04-05T11:11:00,50,92,1,2,26,0,0,0,1,True,,0,no_offer,exploration,0,0.0,False
1903,2024-04-05T13:05:00,55,49,2,3,29,0,0,0,1,True,,1,banner_loan_standard,exploration,1,1.0,False
1904,2024-04-05T20:20:00,45,59,2,1,21,0,0,1,0,False,sem_relacionamento_bancario,0,no_offer,blocked,0,0.0,False
1905,2024-04-05T10:14:00,35,81,3,2,10,0,0,1,0,False,sem_relacionamento_bancario,0,no_offer,blocked,0,0.0,False
1906,2024-04-05T12:59:00,52,22,4,3,22,0,0,1,1,False,renda_abaixo_minimo,0,no_offer,blocked,0,0.0,False
1907,2024-04-05T16:55:00,27,112,4,3,2,1,0,1,0,True,,1,banner_loan_standard,exploration,0,-0.01,False
1908,2024-04-05T21:58:00,62,83,4,2,37,0,0,0,0,False,sem_relacionamento_bancario,0,no_offer,blocked,0,0.0,False
1909,2024-04-05T15:39:00,62,63,1,3,36,0,0,0,0,False,sem_relacionamento_bancario,0,no_offer,blocked,0,0.0,False
1910,2024-04-05T20:06:00,54,25,4,3,29,0,0,0,0,False,sem_relacionamento_bancario,0,no_offer,blocked,0,0.0,False
1911,2024-04-05T15:12:00,41,9,3,2,14,0,0,0,0,False,renda_abaixo_minimo,0,no_offer,blocked,0,0.0,False
1912,2024-04-05T13:17:00,46,73,2,1,22,0,0,1,0,False,sem_relacionamento_bancario,0,no_offer,blocked,0,0.0,False
1913,2024-04-05T09:07:00,39,18,4,3,14,1,0,0,0,False,renda_abaixo_minimo,0,no_offer,blocked,0,0.0,False
1914,2024-04-05T18:32:00,45,45,3,2,18,0,0,1,0,False,sem_relacionamento_bancario,0,no_offer,blocked,0,0.0,False
1915,2024-04-05T13:37:00,40,171,2,1,15,0,0,1,0,False,sem_relacionamento_bancario,0,no_offer,blocked,0,0.0,False
1916,2024-04-05T18:19:00,51,22,4,2,27,0,0,1,1,False,renda_abaixo_minimo,0,no_offer,blocked,0,0.0,False
1917,2024-04-05T19:42:00,27,20,4,3,2,0,0,1,0,False,renda_abaixo_minimo,0,no_offer,blocked,0,0.0,False
1918,2024-04-05T20:30:00,26,195,1,1,2,0,0,0,0,False,sem_relacionamento_bancario,0,no_offer,blocked,0,0.0,False
1919,2024-04-05T18:31:00,54,24,1,2,30,0,0,0,0,False,renda_abaixo_minimo,0,no_offer,blocked,0,0.0,False
1920,2024-04-05T20:09:00,40,19,4,3,15,0,0,1,0,False,renda_abaixo_minimo,0,no_offer,blocked,0,0.0,False
1921,2024-04-06T10:44:00,53,20,4,3,23,0,0,1,1,False,renda_abaixo_minimo,0,no_offer,blocked,0,0.0,False
1922,2024-04-06T18:34:00,41,41,2,2,15,0,0,0,0,False,sem_relacionamento_bancario,0,no_offer,blocked,0,0.0,False
1923,2024-04-06T20:12:00,55,134,2,1,31,0,0,0,0,False,sem_relacionamento_bancario,0,no_offer,blocked,0,0.0,False
1924,2024-04-06T08:34:00,36,59,3,1,12,0,0,0,0,False,sem_relacionamento_bancario,0,no_offer,blocked,0,0.0,False
1925,2024-04-06T11:10:00,60,64,2,1,35,0,0,0,0,False,sem_relacionamento_bancario,0,no_offer,blocked,0,0.0,False
1926,2024-04-06T18:29:00,51,92,4,1,27,0,1,1,1,True,,1,banner_loan_standard,exploitation,0,-0.01,False
1927,2024-04-06T19:47:00,40,22,2,3,14,0,0,0,0,False,renda_abaixo_minimo,0,no_offer,blocked,0,0.0,False
1928,2024-04-06T12:34:00,44,131,1,3,20,0,0,1,0,False,sem_relacionamento_bancario,0,no_offer,blocked,0,0.0,False
1929,2024-04-06T13:37:00,48,9,4,2,24,0,0,0,1,False,renda_abaixo_minimo,0,no_offer,blocked,0,0.0,False
1930,2024-04-06T21:23:00,48,30,3,2,23,0,0,1,0,False,sem_relacionamento_bancario,0,no_offer,blocked,0,0.0,False
1931,2024-04-06T09:48:00,39,39,3,3,14,0,0,1,0,False,sem_relacionamento_bancario,0,no_offer,blocked,0,0.0,False
1932,2024-04-06T11:31:00,27,38,4,3,0,0,0,1,0,False,sem_relacionamento_bancario,0,no_offer,blocked,0,0.0,False
1933,2024-04-06T10:02:00,63,40,1,1,39,0,0,0,1,True,,1,banner_loan_standard,exploration,0,-0.01,False
1934,2024-04-06T12:20:00,42,11,1,1,16,0,0,0,1,False,renda_abaixo_minimo,0,no_offer,blocked,0,0.0,False
1935,2024-04-06T20:09:00,26,149,2,1,0,0,0,0,0,False,sem_relacionamento_bancario,0,no_offer,blocked,0,0.0,False
1936,2024-04-06T10:24:00,61,20,3,2,37,0,0,0,0,False,renda_abaixo_minimo,0,no_offer,blocked,0,0.0,False
1937,2024-04-06T11:28:00,66,30,2,3,40,0,0,0,0,False,sem_relacionamento_bancario,0,no_offer,blocked,0,0.0,False
1938,2024-04-06T10:42:00,32,112,4,2,6,0,0,1,0,False,sem_relacionamento_bancario,0,no_offer,blocked,0,0.0,False
1939,2024-04-06T16:19:00,33,104,2,3,7,0,0,0,1,True,,1,banner_loan_standard,exploitation,0,-0.01,False
1940,2024-04-06T10:22:00,53,59,2,3,27,0,0,1,0,False,sem_relacionamento_bancario,0,no_offer,blocked,0,0.0,False
1941,2024-04-07T15:10:00,49,42,2,2,24,0,0,1,0,False,sem_relacionamento_bancario,0,no_offer,blocked,0,0.0,False
1942,2024-04-07T21:33:00,42,115,2,1,17,0,0,1,0,False,sem_relacionamento_bancario,0,no_offer,blocked,0,0.0,False
1943,2024-04-07T14:27:00,31,30,4,2,5,0,0,1,0,False,sem_relacionamento_bancario,0,no_offer,blocked,0,0.0,False
1944,2024-04-07T12:58:00,64,168,4,3,38,0,0,1,0,False,sem_relacionamento_bancario,0,no_offer,blocked,0,0.0,False
1945,2024-04-07T12:50:00,50,19,4,2,25,0,0,1,1,False,renda_abaixo_minimo,0,no_offer,blocked,0,0.0,False
1946,2024-04-07T13:48:00,52,32,2,2,27,0,0,0,1,True,,1,banner_loan_standard,exploitation,0,-0.01,False
1947,2024-04-07T17:19:00,46,89,4,2,22,0,0,1,0,False,sem_relacionamento_bancario,0,no_offer,blocked,0,0.0,False
1948,2024-04-07T18:17:00,30,172,3,2,3,0,0,0,1,True,,1,banner_loan_standard,exploitation,0,-0.01,False
1949,2024-04-07T18:54:00,43,45,3,2,19,0,0,0,0,False,sem_relacionamento_bancario,0,no_offer,blocked,0,0.0,False
1950,2024-04-07T13:17:00,44,199,2,1,20,0,0,1,0,False,sem_relacionamento_bancario,0,no_offer,blocked,0,0.0,False
1951,2024-04-07T15:22:00,39,21,3,2,13,0,0,1,0,False,renda_abaixo_minimo,0,no_offer,blocked,0,0.0,False
1952,2024-04-07T18:20:00,45,93,2,2,19,0,0,0,0,False,sem_relacionamento_bancario,0,no_offer,blocked,0,0.0,False
1953,2024-04-07T19:04:00,39,50,2,2,13,0,0,0,0,False,sem_relacionamento_bancario,0,no_offer,blocked,0,0.0,False
1954,2024-04-07T14:40:00,51,93,1,1,27,0,0,1,0,False,sem_relacionamento_bancario,0,no_offer,blocked,0,0.0,False
1955,2024-04-07T18:24:00,30,122,2,1,5,0,0,0,0,False,sem_relacionamento_bancario,0,no_offer,blocked,0,0.0,False
1956,2024-04-07T10:00:00,58,113,2,2,32,0,1,1,1,True,,1,banner_loan_standard,exploitation,1,1.0,False
1957,2024-04-07T14:03:00,29,18,1,3,5,0,0,1,1,False,renda_abaixo_minimo,0,no_offer,blocked,0,0.0,False
1958,2024-04-07T08:14:00,50,14,1,3,25,0,0,1,1,False,renda_abaixo_minimo,0,no_offer,blocked,0,0.0,False
1959,2024-04-07T15:11:00,65,143,4,2,40,0,0,1,0,False,sem_relacionamento_bancario,0,no_offer,blocked,0,0.0,False
1960,2024-04-07T20:45:00,63,101,1,1,39,1,1,1,0,True,,1,banner_loan_standard,exploration,0,-0.01,False
1961,2024-04-08T21:49:00,51,84,3,2,24,0,0,0,0,False,sem_relacionamento_bancario,0,no_offer,blocked,0,0.0,False
1962,2024-04-08T11:49:00,36,9,2,2,11,1,0,0,0,False,renda_abaixo_minimo,0,no_offer,blocked,0,0.0,False
1963,2024-04-08T18:14:00,46,118,1,1,22,0,0,0,1,True,,1,banner_loan_standard,exploitation,0,-0.01,False
1964,2024-04-08T19:39:00,30,82,2,1,6,0,0,0,0,False,sem_relacionamento_bancario,0,no_offer,blocked,0,0.0,False
1965,2024-04-08T13:19:00,39,25,2,3,13,0,0,0,0,False,sem_relacionamento_bancario,0,no_offer,blocked,0,0.0,False
1966,2024-04-08T21:37:00,44,185,3,1,20,0,0,1,0,False,sem_relacionamento_bancario,0,no_offer,blocked,0,0.0,False
1967,2024-04-08T10:27:00,62,43,4,2,38,0,0,1,0,False,sem_relacionamento_bancario,0,no_offer,blocked,0,0.0,False
1968,2024-04-08T15:25:00,30,178,2,1,5,0,0,0,0,False,sem_relacionamento_bancario,0,no_offer,blocked,0,0.0,False
1969,2024-04-08T12:48:00,44,201,2,1,19,0,0,1,1,True,,1,banner_loan_standard,exploitation,0,-0.01,False
1970,2024-04-08T17:10:00,30,95,2,1,6,1,0,1,0,True,,1,banner_loan_standard,exploitation,0,-0.01,False
1971,2024-04-08T15:43:00,37,30,2,1,11,0,0,0,0,False,sem_relacionamento_bancario,0,no_offer,blocked,0,0.0,False
1972,2024-04-08T15:42:00,43,53,3,3,18,0,0,0,0,False,sem_relacionamento_bancario,0,no_offer,blocked,0,0.0,False
1973,2024-04-08T17:29:00,57,82,2,1,31,0,0,0,1,True,,1,banner_loan_standard,exploration,1,1.0,False
1974,2024-04-08T14:15:00,64,32,3,2,38,0,0,1,1,True,,1,banner_loan_standard,exploitation,0,-0.01,False
1975,2024-04-08T21:42:00,31,50,4,3,5,0,0,1,0,False,sem_relacionamento_bancario,0,no_offer,blocked,0,0.0,False
1976,2024-04-08T14:15:00,39,65,1,3,15,0,0,0,0,False,sem_relacionamento_bancario,0,no_offer,blocked,0,0.0,False
1977,2024-04-08T20:58:00,27,101,1,1,2,0,0,0,0,False,sem_relacionamento_bancario,0,no_offer,blocked,0,0.0,False
1978,2024-04-08T15:47:00,52,15,4,1,27,0,0,0,0,False,renda_abaixo_minimo,0,no_offer,blocked,0,0.0,False
1979,2024-04-08T16:34:00,56,111,4,1,30,1,1,1,0,True,,1,banner_loan_standard,exploitation,0,-0.01,False
1980,2024-04-08T10:19:00,28,82,3,1,4,0,0,1,0,False,sem_relacionamento_bancario,0,no_offer,blocked,0,0.0,False
1981,2024-04-09T12:41:00,35,21,3,1,10,0,0,0,0,False,renda_abaixo_minimo,0,no_offer,blocked,0,0.0,False
1982,2024-04-09T16:07:00,39,88,4,2,13,0,0,1,1,True,,1,banner_loan_standard,exploitation,0,-0.01,False
1983,2024-04-09T21:19:00,53,80,1,3,23,0,0,1,1,True,,1,banner_loan_standard,exploitation,0,-0.01,False
1984,2024-04-09T19:38:00,47,78,1,2,22,0,0,1,0,False,sem_relacionamento_bancario,0,no_offer,blocked,0,0.0,False
1985,2024-04-09T12:54:00,51,188,2,2,27,0,0,1,0,False,sem_relacionamento_bancario,0,no_offer,blocked,0,0.0,False
1986,2024-04-09T19:48:00,58,122,1,3,28,0,0,1,0,False,sem_relacionamento_bancario,0,no_offer,blocked,0,0.0,False
1987,2024-04-09T08:41:00,58,60,4,3,33,0,0,1,0,False,sem_relacionamento_bancario,0,no_offer,blocked,0,0.0,False
1988,2024-04-09T18:33:00,30,69,1,2,5,1,0,1,0,True,,1,banner_loan_standard,exploitation,1,1.0,False
1989,2024-04-09T09:06:00,50,112,1,1,24,0,0,0,0,False,sem_relacionamento_bancario,0,no_offer,blocked,0,0.0,False
1990,2024-04-09T19:57:00,43,55,1,1,17,0,0,1,0,False,sem_relacionamento_bancario,0,no_offer,blocked,0,0.0,False
1991,2024-04-09T13:23:00,49,65,2,3,23,0,0,0,1,True,,1,banner_loan_standard,exploitation,0,-0.01,False
1992,2024-04-09T17:31:00,65,115,4,2,41,0,0,0,0,False,sem_relacionamento_bancario,0,no_offer,blocked,0,0.0,False
1993,2024-04-09T11:14:00,48,59,1,3,22,0,0,1,0,False,sem_relacionamento_bancario,0,no_offer,blocked,0,0.0,False
1994,2024-04-09T12:19:00,43,29,1,3,18,0,0,1,0,False,sem_relacionamento_bancario,0,no_offer,blocked,0,0.0,False
1995,2024-04-09T10:36:00,30,118,2,2,6,0,0,0,0,False,sem_relacionamento_bancario,0,no_offer,blocked,0,0.0,False
1996,2024-04-09T21:56:00,64,43,1,2,40,0,0,1,0,False,sem_relacionamento_bancario,0,no_offer,blocked,0,0.0,False
1997,2024-04-09T15:07:00,31,83,4,3,6,0,0,1,0,False,sem_relacionamento_bancario,0,no_offer,blocked,0,0.0,False
1998,2024-04-09T15:43:00,61,155,1,1,37,0,0,1,0,False,sem_relacionamento_bancario,0,no_offer,blocked,0,0.0,False
1999,2024-04-09T21:07:00,46,104,1,1,20,0,0,1,1,True,,1,banner_loan_standard,exploitation,0,-0.01,False
2000,2024-04-09T20:29:00,30,110,1,3,4,0,0,1,0,False,sem_relacionamento_bancario,0,no_offer,blocked,0,0.0,False
2001,2024-04-10T15:59:00,36,179,3,1,10,0,0,1,0,False,sem_relacionamento_bancario,0,no_offer,blocked,0,0.0,False
2002,2024-04-10T17:38:00,38,43,4,1,12,0,0,0,0,False,sem_relacionamento_bancario,0,no_offer,blocked,0,0.0,False
2003,2024-04-10T19:48:00,40,179,2,1,14,0,0,0,0,False,sem_relacionamento_bancario,0,no_offer,blocked,0,0.0,False
2004,2024-04-10T11:36:00,30,32,1,2,3,0,0,1,1,True,,1,banner_loan_standard,exploitation,0,-0.01,False
2005,2024-04-10T17:21:00,57,73,1,3,27,0,0,0,0,False,sem_relacionamento_bancario,0,no_offer,blocked,0,0.0,False
2006,2024-04-10T13:23:00,36,83,1,3,10,0,0,0,1,True,,1,banner_loan_standard,exploitation,0,-0.01,False
2007,2024-04-10T13:01:00,40,173,4,1,15,0,1,1,1,True,,0,no_offer,exploration,0,0.0,False
2008,2024-04-10T21:31:00,52,33,2,2,27,0,0,0,1,True,,1,banner_loan_standard,exploitation,0,-0.01,False
2009,2024-04-10T15:45:00,39,72,4,1,15,1,0,1,0,True,,1,banner_loan_standard,exploration,0,-0.01,False
2010,2024-04-10T15:34:00,45,183,2,1,21,0,0,0,0,False,sem_relacionamento_bancario,0,no_offer,blocked,0,0.0,False
2011,2024-04-10T08:00:00,51,181,1,3,25,1,1,1,0,True,,1,banner_loan_standard,exploration,0,-0.01,False
2012,2024-04-10T16:54:00,52,29,1,2,27,0,0,0,1,True,,1,banner_loan_standard,exploitation,0,-0.01,False
2013,2024-04-10T13:12:00,31,38,1,2,7,0,1,1,1,True,,1,banner_loan_standard,exploration,0,-0.01,False
2014,2024-04-10T16:47:00,53,12,2,2,26,0,0,0,1,False,renda_abaixo_minimo,0,no_offer,blocked,0,0.0,False
2015,2024-04-10T09:50:00,36,22,4,1,12,1,0,1,0,False,renda_abaixo_minimo,0,no_offer,blocked,0,0.0,False
2016,2024-04-10T19:39:00,33,105,1,1,9,0,0,1,0,False,sem_relacionamento_bancario,0,no_offer,blocked,0,0.0,False
2017,2024-04-10T14:38:00,32,63,4,2,5,1,0,1,0,True,,1,banner_loan_standard,exploitation,0,-0.01,False
2018,2024-04-10T20:16:00,29,30,3,2,5,0,0,0,0,False,sem_relacionamento_bancario,0,no_offer,blocked,0,0.0,False
2019,2024-04-10T16:39:00,29,53,4,3,3,0,0,1,0,False,sem_relacionamento_bancario,0,no_offer,blocked,0,0.0,False
2020,2024-04-10T11:25:00,28,52,4,2,3,0,0,0,0,False,sem_relacionamento_bancario,0,no_offer,blocked,0,0.0,False
2021,2024-04-11T16:11:00,53,90,2,1,29,1,0,0,1,True,,1,banner_loan_standard,exploration,0,-0.01,False
2022,2024-04-11T14:56:00,51,80,1,2,27,0,0,1,1,True,,1,banner_loan_standard,exploitation,0,-0.01,False
2023,2024-04-11T14:38:00,35,34,4,1,10,0,0,1,1,True,,1,banner_loan_standard,exploitation,0,-0.01,False
2024,2024-04-11T11:58:00,51,68,1,2,25,0,0,0,0,False,sem_relacionamento_bancario,0,no_offer,blocked,0,0.0,False
2025,2024-04-11T20:44:00,43,71,3,3,19,0,0,0,1,True,,1,banner_loan_standard,exploitation,0,-0.01,False
2026,2024-04-11T08:48:00,50,112,1,1,25,0,0,0,0,False,sem_relacionamento_bancario,0,no_offer,blocked,0,0.0,False
2027,2024-04-11T12:05:00,54,102,3,2,28,0,0,1,0,False,sem_relacionamento_bancario,0,no_offer,blocked,0,0.0,False
2028,2024-04-11T10:12:00,32,31,1,1,6,0,0,0,0,False,sem_relacionamento_bancario,0,no_offer,blocked,0,0.0,False
2029,2024-04-11T16:59:00,46,18,1,1,20,0,0,1,1,False,renda_abaixo_minimo,0,no_offer,blocked,0,0.0,False
2030,2024-04-11T17:13:00,26,179,4,2,0,0,0,0,0,False,sem_relacionamento_bancario,0,no_offer,blocked,0,0.0,False
2031,2024-04-11T13:03:00,36,65,4,2,10,0,0,0,0,False,sem_relacionamento_bancario,0,no_offer,blocked,0,0.0,False
2032,2024-04-11T20:31:00,25,113,2,1,1,0,0,1,1,True,,1,banner_loan_standard,exploitation,0,-0.01,False
2033,2024-04-11T18:37:00,59,53,4,3,35,0,0,1,0,False,sem_relacionamento_bancario,0,no_offer,blocked,0,0.0,False
2034,2024-04-11T21:02:00,51,119,1,1,25,0,0,1,1,True,,1,banner_loan_standard,exploration,0,-0.01,False
2035,2024-04-11T19:02:00,32,31,1,1,6,0,0,0,0,False,sem_relacionamento_bancario,0,no_offer,blocked,0,0.0,False
2036,2024-04-11T20:53:00,46,84,4,3,22,0,0,1,0,False,sem_relacionamento_bancario,0,no_offer,blocked,0,0.0,False
2037,2024-04-11T20:37:00,34,55,3,1,9,1,1,1,1,True,,1,banner_loan_standard,exploitation,0,-0.01,False
2038,2024-04-11T15:54:00,55,140,2,1,29,0,0,1,0,False,sem_relacionamento_bancario,0,no_offer,blocked,0,0.0,False
2039,2024-04-11T21:31:00,62,91,1,1,38,1,0,1,0,True,,1,banner_loan_standard,exploitation,0,-0.01,False
2040,2024-04-11T18:11:00,31,174,2,1,6,0,0,1,1,True,,1,banner_loan_standard,exploitation,0,-0.01,False
2041,2024-04-12T08:58:00,36,14,4,3,11,0,0,1,1,False,renda_abaixo_minimo,0,no_offer,blocked,0,0.0,False
2042,2024-04-12T21:51:00,56,88,4,2,32,0,0,1,1,True,,1,banner_loan_standard,exploitation,0,-0.01,False
2043,2024-04-12T21:20:00,59,131,1,1,35,0,0,1,1,True,,1,banner_loan_standard,exploitation,0,-0.01,False
2044,2024-04-12T13:03:00,31,39,4,2,5,0,0,1,1,True,,1,banner_loan_standard,exploitation,0,-0.01,False
2045,2024-04-12T20:44:00,29,55,3,2,3,0,0,1,0,False,sem_relacionamento_bancario,0,no_offer,blocked,0,0.0,False
2046,2024-04-12T11:51:00,42,135,2,1,18,1,1,1,1,True,,1,banner_loan_standard,exploitation,0,-0.01,False
2047,2024-04-12T20:16:00,59,84,3,3,34,0,0,1,0,False,sem_relacionamento_bancario,0,no_offer,blocked,0,0.0,False
2048,2024-04-12T13:35:00,38,61,4,3,12,0,0,1,0,False,sem_relacionamento_bancario,0,no_offer,blocked,0,0.0,False
2049,2024-04-12T08:00:00,35,21,2,2,11,0,0,0,0,False,renda_abaixo_minimo,0,no_offer,blocked,0,0.0,False
2050,2024-04-12T20:16:00,55,62,1,3,31,0,0,1,0,False,sem_relacionamento_bancario,0,no_offer,blocked,0,0.0,False
2051,2024-04-12T15:57:00,59,42,4,1,35,0,0,1,0,False,sem_relacionamento_bancario,0,no_offer,blocked,0,0.0,False
2052,2024-04-12T14:45:00,30,80,4,2,5,1,0,1,0,True,,1,banner_loan_standard,exploitation,0,-0.01,False
2053,2024-04-12T15:07:00,51,29,1,3,25,0,0,0,0,False,sem_relacionamento_bancario,0,no_offer,blocked,0,0.0,False
2054,2024-04-12T18:25:00,32,100,3,2,7,0,0,1,0,False,sem_relacionamento_bancario,0,no_offer,blocked,0,0.0,False
2055,2024-04-12T12:48:00,61,41,4,2,35,1,0,1,0,True,,1,banner_loan_standard,exploitation,0,-0.01,False
2056,2024-04-12T19:24:00,61,49,4,2,35,0,0,0,0,False,sem_relacionamento_bancario,0,no_offer,blocked,0,0.0,False
2057,2024-04-12T13:17:00,27,148,1,1,3,0,0,1,1,True,,1,banner_loan_standard,exploitation,0,-0.01,False
2058,2024-04-12T08:29:00,59,80,2,2,33,0,0,1,0,False,sem_relacionamento_bancario,0,no_offer,blocked,0,0.0,False
2059,2024-04-12T14:12:00,39,141,2,1,15,0,0,1,0,False,sem_relacionamento_bancario,0,no_offer,blocked,0,0.0,False
2060,2024-04-12T21:17:00,37,82,3,2,11,0,0,1,1,True,,1,banner_loan_standard,exploitation,0,-0.01,False
2061,2024-04-13T20:42:00,41,98,3,1,16,0,0,0,0,False,sem_relacionamento_bancario,0,no_offer,blocked,0,0.0,False
2062,2024-04-13T14:16:00,62,63,1,3,36,0,0,1,1,True,,0,no_offer,exploration,0,0.0,False
2063,2024-04-13T15:18:00,35,203,1,3,5,0,0,0,0,False,sem_relacionamento_bancario,0,no_offer,blocked,0,0.0,False
2064,2024-04-13T17:43:00,35,93,2,1,11,0,0,1,1,True,,1,banner_loan_standard,exploitation,0,-0.01,False
2065,2024-04-13T12:22:00,64,82,4,2,39,0,0,1,0,False,sem_relacionamento_bancario,0,no_offer,blocked,0,0.0,False
2066,2024-04-13T16:51:00,42,25,2,3,16,0,0,0,1,True,,1,banner_loan_standard,exploitation,0,-0.01,False
2067,2024-04-13T16:53:00,58,173,2,3,33,0,0,1,0,False,sem_relacionamento_bancario,0,no_offer,blocked,0,0.0,False
2068,2024-04-13T08:43:00,48,90,1,2,24,0,0,1,0,False,sem_relacionamento_bancario,0,no_offer,blocked,0,0.0,False
2069,2024-04-13T10:10:00,30,113,2,1,4,0,0,1,0,False,sem_relacionamento_bancario,0,no_offer,blocked,0,0.0,False
2070,2024-04-13T09:15:00,54,85,4,3,29,0,0,1,0,False,sem_relacionamento_bancario,0,no_offer,blocked,0,0.0,False
2071,2024-04-13T08:44:00,41,94,3,2,17,1,1,1,0,True,,1,banner_loan_standard,exploitation,1,1.0,False
2072,2024-04-13T21:56:00,64,98,3,2,39,0,0,1,0,False,sem_relacionamento_bancario,0,no_offer,blocked,0,0.0,False
2073,2024-04-13T21:11:00,47,170,2,2,23,0,1,1,1,True,,1,banner_loan_standard,exploitation,1,1.0,False
2074,2024-04-13T21:50:00,55,90,2,3,25,0,0,0,1,True,,1,banner_loan_standard,exploitation,0,-0.01,False
2075,2024-04-13T08:32:00,66,38,1,3,41,0,0,0,1,True,,1,banner_loan_standard,exploitation,0,-0.01,False
2076,2024-04-13T12:39:00,58,41,3,1,34,0,0,1,1,True,,1,banner_loan_standard,exploitation,0,-0.01,False
2077,2024-04-13T14:55:00,59,100,2,1,33,0,0,0,0,False,sem_relacionamento_bancario,0,no_offer,blocked,0,0.0,False
2078,2024-04-13T13:21:00,67,41,2,1,43,0,0,0,0,False,sem_relacionamento_bancario,0,no_offer,blocked,0,0.0,False
2079,2024-04-13T09:37:00,40,84,1,3,15,0,0,1,0,False,sem_relacionamento_bancario,0,no_offer,blocked,0,0.0,False
2080,2024-04-13T12:44:00,38,29,4,2,14,0,0,1,0,False,sem_relacionamento_bancario,0,no_offer,blocked,0,0.0,False
2081,2024-04-14T10:53:00,43,204,2,1,18,0,0,1,0,False,sem_relacionamento_bancario,0,no_offer,blocked,0,0.0,False
2082,2024-04-14T15:40:00,62,84,2,1,36,0,0,1,0,False,sem_relacionamento_bancario,0,no_offer,blocked,0,0.0,False
2083,2024-04-14T08:34:00,38,80,2,1,14,0,0,1,0,False,sem_relacionamento_bancario,0,no_offer,blocked,0,0.0,False
2084,2024-04-14T12:50:00,40,42,2,1,14,0,0,0,1,True,,1,banner_loan_standard,exploitation,0,-0.01,False
2085,2024-04-14T09:39:00,42,98,2,1,17,0,0,1,0,False,sem_relacionamento_bancario,0,no_offer,blocked,0,0.0,False
2086,2024-04-14T10:38:00,65,23,1,3,35,0,0,1,0,False,renda_abaixo_minimo,0,no_offer,blocked,0,0.0,False
2087,2024-04-14T10:55:00,45,70,4,3,20,0,0,1,1,True,,1,banner_loan_standard,exploitation,0,-0.01,False
2088,2024-04-14T13:27:00,52,72,1,3,28,0,0,1,0,False,sem_relacionamento_bancario,0,no_offer,blocked,0,0.0,False
2089,2024-04-14T09:37:00,32,141,2,1,8,0,0,0,0,False,sem_relacionamento_bancario,0,no_offer,blocked,0,0.0,False
2090,2024-04-14T14:36:00,52,23,1,3,27,0,0,0,0,False,renda_abaixo_minimo,0,no_offer,blocked,0,0.0,False
2091,2024-04-14T10:51:00,52,95,1,1,26,0,0,1,0,False,sem_relacionamento_bancario,0,no_offer,blocked,0,0.0,False
2092,2024-04-14T11:21:00,35,43,2,1,9,0,0,1,0,False,sem_relacionamento_bancario,0,no_offer,blocked,0,0.0,False
2093,2024-04-14T17:12:00,27,45,2,2,2,0,0,0,1,True,,1,banner_loan_standard,exploitation,0,-0.01,False
2094,2024-04-14T11:57:00,54,111,1,2,29,0,0,1,0,False,sem_relacionamento_bancario,0,no_offer,blocked,0,0.0,False
2095,2024-04-14T08:40:00,38,58,2,1,12,0,0,1,0,False,sem_relacionamento_bancario,0,no_offer,blocked,0,0.0,False
2096,2024-04-14T11:54:00,40,30,2,3,14,0,0,0,0,False,sem_relacionamento_bancario,0,no_offer,blocked,0,0.0,False
2097,2024-04-14T19:34:00,41,54,3,3,15,0,0,1,1,True,,1,banner_loan_standard,exploitation,0,-0.01,False
2098,2024-04-14T08:41:00,57,40,3,3,31,0,0,1,1,True,,1,banner_loan_standard,exploration,0,-0.01,False
2099,2024-04-14T19:07:00,35,28,1,3,9,0,0,0,1,True,,1,banner_loan_standard,exploitation,0,-0.01,False
2100,2024-04-14T15:15:00,25,98,1,1,1,0,0,1,0,False,sem_relacionamento_bancario,0,no_offer,blocked,0,0.0,False
2101,2024-04-15T18:08:00,55,55,3,1,30,0,0,0,1,True,,1,banner_loan_standard,exploitation,0,-0.01,False
2102,2024-04-15T15:11:00,41,69,1,3,15,0,0,1,0,False,sem_relacionamento_bancario,0,no_offer,blocked,0,0.0,False
2103,2024-04-15T20:24:00,29,39,4,1,3,0,0,1,1,True,,1,banner_loan_standard,exploitation,0,-0.01,False
2104,2024-04-15T09:02:00,35,31,3,1,10,0,0,0,0,False,sem_relacionamento_bancario,0,no_offer,blocked,0,0.0,False
2105,2024-04-15T17:08:00,61,35,3,2,36,0,0,0,1,True,,1,banner_loan_standard,exploitation,0,-0.01,False
2106,2024-04-15T17:19:00,40,82,1,2,16,0,0,0,0,False,sem_relacionamento_bancario,0,no_offer,blocked,0,0.0,False
2107,2024-04-15T15:09:00,30,23,2,3,5,1,0,1,0,False,renda_abaixo_minimo,0,no_offer,blocked,0,0.0,False
2108,2024-04-15T10:02:00,51,12,2,3,26,0,0,1,1,False,renda_abaixo_minimo,0,no_offer,blocked,0,0.0,False
2109,2024-04-15T15:04:00,47,40,3,2,22,0,0,1,0,False,sem_relacionamento_bancario,0,no_offer,blocked,0,0.0,False
2110,2024-04-15T10:57:00,62,83,4,2,37,0,0,0,0,False,sem_relacionamento_bancario,0,no_offer,blocked,0,0.0,False
2111,2024-04-15T18:15:00,43,64,4,3,17,0,0,1,0,False,sem_relacionamento_bancario,0,no_offer,blocked,0,0.0,False
2112,2024-04-15T16:52:00,64,101,4,2,39,0,0,0,1,True,,1,banner_loan_standard,exploitation,0,-0.01,False
2113,2024-04-15T19:25:00,39,59,3,3,13,0,0,0,0,False,sem_relacionamento_bancario,0,no_offer,blocked,0,0.0,False
2114,2024-04-15T09:22:00,48,20,1,1,24,0,0,1,1,False,renda_abaixo_minimo,0,no_offer,blocked,0,0.0,False
2115,2024-04-15T09:19:00,56,78,3,2,30,0,0,0,0,False,sem_relacionamento_bancario,0,no_offer,blocked,0,0.0,False
2116,2024-04-15T19:22:00,36,91,1,3,10,0,0,1,0,False,sem_relacionamento_bancario,0,no_offer,blocked,0,0.0,False
2117,2024-04-15T08:53:00,37,43,4,2,11,1,0,0,0,True,,1,banner_loan_standard,exploitation,0,-0.01,False
2118,2024-04-15T16:01:00,58,35,1,3,34,0,0,1,0,False,sem_relacionamento_bancario,0,no_offer,blocked,0,0.0,False
2119,2024-04-15T21:02:00,51,145,1,1,25,0,0,1,0,False,sem_relacionamento_bancario,0,no_offer,blocked,0,0.0,False
2120,2024-04-15T08:51:00,48,165,1,1,24,0,0,0,1,True,,1,banner_loan_standard,exploitation,0,-0.01,False
2121,2024-04-16T13:20:00,57,63,3,3,27,0,0,1,0,False,sem_relacionamento_bancario,0,no_offer,blocked,0,0.0,False
2122,2024-04-16T21:32:00,38,41,4,1,13,0,0,1,0,False,sem_relacionamento_bancario,0,no_offer,blocked,0,0.0,False
2123,2024-04-16T11:37:00,65,134,3,3,41,0,0,1,0,False,sem_relacionamento_bancario,0,no_offer,blocked,0,0.0,False
2124,2024-04-16T21:51:00,47,89,2,3,21,0,0,1,1,True,,1,banner_loan_standard,exploitation,0,-0.01,False
2125,2024-04-16T21:24:00,51,10,2,1,27,0,0,0,0,False,renda_abaixo_minimo,0,no_offer,blocked,0,0.0,False
2126,2024-04-16T12:23:00,47,52,1,2,21,0,0,0,0,False,sem_relacionamento_bancario,0,no_offer,blocked,0,0.0,False
2127,2024-04-16T13:48:00,36,195,2,1,11,0,0,1,1,True,,0,no_offer,exploration,0,0.0,False
2128,2024-04-16T11:26:00,26,30,4,3,0,0,0,1,1,True,,1,banner_loan_standard,exploration,0,-0.01,False
2129,2024-04-16T09:20:00,44,132,3,1,20,0,0,0,0,False,sem_relacionamento_bancario,0,no_offer,blocked,0,0.0,False
2130,2024-04-16T19:34:00,45,33,3,1,21,0,0,1,0,False,sem_relacionamento_bancario,0,no_offer,blocked,0,0.0,False
2131,2024-04-16T13:39:00,58,150,1,1,34,0,0,1,0,False,sem_relacionamento_bancario,0,no_offer,blocked,0,0.0,False
2132,2024-04-16T14:02:00,59,53,3,1,33,0,0,1,0,False,sem_relacionamento_bancario,0,no_offer,blocked,0,0.0,False
2133,2024-04-16T15:49:00,62,38,1,3,37,0,0,1,0,False,sem_relacionamento_bancario,0,no_offer,blocked,0,0.0,False
2134,2024-04-16T17:24:00,33,21,1,3,7,1,0,0,0,False,renda_abaixo_minimo,0,no_offer,blocked,0,0.0,False
2135,2024-04-16T18:04:00,44,171,4,1,20,0,1,1,1,True,,1,banner_loan_standard,exploitation,1,1.0,False
2136,2024-04-16T14:36:00,30,42,1,3,6,0,0,0,1,True,,0,no_offer,exploration,0,0.0,False
2137,2024-04-16T15:58:00,30,42,1,3,6,0,0,1,0,False,sem_relacionamento_bancario,0,no_offer,blocked,0,0.0,False
2138,2024-04-16T20:37:00,51,45,1,2,27,0,0,1,0,False,sem_relacionamento_bancario,0,no_offer,blocked,0,0.0,False
2139,2024-04-16T20:04:00,50,18,1,3,25,0,0,1,0,False,renda_abaixo_minimo,0,no_offer,blocked,0,0.0,False
2140,2024-04-16T16:58:00,53,174,1,2,27,0,0,1,0,False,sem_relacionamento_bancario,0,no_offer,blocked,0,0.0,False
2141,2024-04-17T09:00:00,50,14,2,3,25,1,0,1,0,False,renda_abaixo_minimo,0,no_offer,blocked,0,0.0,False
2142,2024-04-17T15:59:00,23,149,2,1,-3,0,0,1,0,False,sem_relacionamento_bancario,0,no_offer,blocked,0,0.0,False
2143,2024-04-17T19:11:00,56,48,1,3,30,0,0,1,1,True,,1,banner_loan_standard,exploitation,0,-0.01,False
2144,2024-04-17T14:25:00,34,81,4,1,10,0,0,1,0,False,sem_relacionamento_bancario,0,no_offer,blocked,0,0.0,False
2145,2024-04-17T20:53:00,28,84,4,1,3,0,0,1,1,True,,1,banner_loan_standard,exploitation,0,-0.01,False
2146,2024-04-17T14:30:00,62,50,2,1,38,0,0,0,1,True,,1,banner_loan_standard,exploitation,0,-0.01,False
2147,2024-04-17T09:54:00,45,200,2,1,20,0,0,1,1,True,,1,banner_loan_standard,exploitation,0,-0.01,False
2148,2024-04-17T19:00:00,28,82,4,1,4,0,0,1,1,True,,0,no_offer,exploration,0,0.0,False
2149,2024-04-17T14:21:00,33,54,2,2,6,0,0,1,0,False,sem_relacionamento_bancario,0,no_offer,blocked,0,0.0,False
2150,2024-04-17T15:36:00,56,60,1,3,30,0,0,0,0,False,sem_relacionamento_bancario,0,no_offer,blocked,0,0.0,False
2151,2024-04-17T08:00:00,38,179,1,1,13,0,0,1,0,False,sem_relacionamento_bancario,0,no_offer,blocked,0,0.0,False
2152,2024-04-17T16:41:00,32,81,1,1,6,0,0,1,0,False,sem_relacionamento_bancario,0,no_offer,blocked,0,0.0,False
2153,2024-04-17T13:41:00,39,18,4,3,14,1,0,0,0,False,renda_abaixo_minimo,0,no_offer,blocked,0,0.0,False
2154,2024-04-17T12:14:00,55,23,2,1,31,0,0,1,0,False,renda_abaixo_minimo,0,no_offer,blocked,0,0.0,False
2155,2024-04-17T20:15:00,56,89,4,2,32,1,0,1,0,True,,1,banner_loan_standard,exploitation,0,-0.01,False
2156,2024-04-17T15:46:00,28,191,1,1,4,0,0,1,0,False,sem_relacionamento_bancario,0,no_offer,blocked,0,0.0,False
2157,2024-04-17T08:16:00,31,39,2,2,4,0,0,0,0,False,sem_relacionamento_bancario,0,no_offer,blocked,0,0.0,False
2158,2024-04-17T13:25:00,59,40,4,1,35,0,0,1,0,False,sem_relacionamento_bancario,0,no_offer,blocked,0,0.0,False
2159,2024-04-17T21:44:00,48,79,4,2,24,1,0,0,1,True,,1,banner_loan_standard,exploration,0,-0.01,False
2160,2024-04-17T13:34:00,51,69,3,2,26,0,0,1,0,False,sem_relacionamento_bancario,0,no_offer,blocked,0,0.0,False
2161,2024-04-18T21:13:00,46,15,4,3,20,1,0,1,0,False,renda_abaixo_minimo,0,no_offer,blocked,0,0.0,False
2162,2024-04-18T15:14:00,59,70,4,3,35,0,0,0,0,False,sem_relacionamento_bancario,0,no_offer,blocked,0,0.0,False
2163,2024-04-18T13:26:00,37,35,4,2,10,0,0,0,0,False,sem_relacionamento_bancario,0,no_offer,blocked,0,0.0,False
2164,2024-04-18T20:48:00,63,139,2,1,37,0,0,0,0,False,sem_relacionamento_bancario,0,no_offer,blocked,0,0.0,False
2165,2024-04-18T12:55:00,33,68,4,1,8,0,0,1,0,False,sem_relacionamento_bancario,0,no_offer,blocked,0,0.0,False
2166,2024-04-18T10:59:00,37,64,1,3,13,0,0,1,0,False,sem_relacionamento_bancario,0,no_offer,blocked,0,0.0,False
2167,2024-04-18T13:04:00,41,23,2,2,16,1,0,1,0,False,renda_abaixo_minimo,0,no_offer,blocked,0,0.0,False
2168,2024-04-18T13:57:00,59,23,2,3,33,0,0,1,0,False,renda_abaixo_minimo,0,no_offer,blocked,0,0.0,False
2169,2024-04-18T17:46:00,44,62,3,3,19,0,0,0,1,True,,1,banner_loan_standard,exploitation,0,-0.01,False
2170,2024-04-18T12:25:00,53,144,2,1,29,0,0,1,0,False,sem_relacionamento_bancario,0,no_offer,blocked,0,0.0,False
2171,2024-04-18T09:17:00,30,81,1,3,4,0,0,1,1,True,,1,banner_loan_standard,exploitation,0,-0.01,False
2172,2024-04-18T21:12:00,38,138,2,1,12,1,0,1,0,True,,1,banner_loan_standard,exploitation,0,-0.01,False
2173,2024-04-18T14:43:00,46,39,1,1,20,0,0,0,0,False,sem_relacionamento_bancario,0,no_offer,blocked,0,0.0,False
2174,2024-04-18T14:14:00,46,51,4,3,21,0,0,0,0,False,sem_relacionamento_bancario,0,no_offer,blocked,0,0.0,False
2175,2024-04-18T10:42:00,34,134,1,1,10,0,0,0,0,False,sem_relacionamento_bancario,0,no_offer,blocked,0,0.0,False
2176,2024-04-18T08:34:00,48,128,1,1,23,0,0,1,1,True,,0,no_offer,exploration,0,0.0,False
2177,2024-04-18T17:47:00,60,50,3,3,34,0,0,1,1,True,,1,banner_loan_standard,exploitation,0,-0.01,False
2178,2024-04-18T19:39:00,62,83,4,2,37,0,0,0,0,False,sem_relacionamento_bancario,0,no_offer,blocked,0,0.0,False
2179,2024-04-18T14:42:00,60,41,4,1,36,0,0,1,1,True,,1,banner_loan_standard,exploitation,0,-0.01,False
2180,2024-04-18T09:00:00,63,20,2,1,37,0,0,0,0,False,renda_abaixo_minimo,0,no_offer,blocked,0,0.0,False
2181,2024-04-19T13:57:00,41,158,1,2,15,1,1,0,1,True,,1,banner_loan_standard,exploitation,0,-0.01,False
2182,2024-04-19T21:03:00,52,154,1,3,22,1,1,1,0,True,,1,banner_loan_standard,exploitation,1,1.0,False
2183,2024-04-19T15:58:00,25,13,4,1,-1,1,0,0,0,False,renda_abaixo_minimo,0,no_offer,blocked,0,0.0,False
2184,2024-04-19T19:15:00,24,80,2,3,-2,0,0,0,0,False,sem_relacionamento_bancario,0,no_offer,blocked,0,0.0,False
2185,2024-04-19T21:03:00,51,72,1,1,26,0,0,0,0,False,sem_relacionamento_bancario,0,no_offer,blocked,0,0.0,False
2186,2024-04-19T20:25:00,62,38,1,3,37,0,0,1,0,False,sem_relacionamento_bancario,0,no_offer,blocked,0,0.0,False
2187,2024-04-19T19:31:00,50,81,1,1,24,0,0,1,0,False,sem_relacionamento_bancario,0,no_offer,blocked,0,0.0,False
2188,2024-04-19T20:01:00,56,178,1,1,30,0,0,1,0,False,sem_relacionamento_bancario,0,no_offer,blocked,0,0.0,False
2189,2024-04-19T10:53:00,43,59,3,3,18,0,0,1,0,False,sem_relacionamento_bancario,0,no_offer,blocked,0,0.0,False
2190,2024-04-19T15:23:00,24,35,2,2,-1,0,0,0,0,False,sem_relacionamento_bancario,0,no_offer,blocked,0,0.0,False
2191,2024-04-19T18:30:00,40,19,4,2,16,0,0,1,1,False,renda_abaixo_minimo,0,no_offer,blocked,0,0.0,False
2192,2024-04-19T15:06:00,39,118,2,1,15,0,0,0,1,True,,1,banner_loan_standard,exploitation,0,-0.01,False
2193,2024-04-19T15:43:00,58,53,4,1,33,0,0,1,0,False,sem_relacionamento_bancario,0,no_offer,blocked,0,0.0,False
2194,2024-04-19T10:38:00,30,40,4,2,5,0,0,1,0,False,sem_relacionamento_bancario,0,no_offer,blocked,0,0.0,False
2195,2024-04-19T17:56:00,36,39,4,1,11,0,0,1,0,False,sem_relacionamento_bancario,0,no_offer,blocked,0,0.0,False
2196,2024-04-19T13:17:00,34,155,2,1,10,0,0,1,1,True,,1,banner_loan_standard,exploitation,1,1.0,False
2197,2024-04-19T09:04:00,58,73,4,1,33,0,0,0,0,False,sem_relacionamento_bancario,0,no_offer,blocked,0,0.0,False
2198,2024-04-19T09:42:00,33,81,2,3,7,0,1,1,1,True,,1,banner_loan_standard,exploitation,0,-0.01,False
2199,2024-04-19T21:44:00,57,63,4,1,32,0,0,1,0,False,sem_relacionamento_bancario,0,no_offer,blocked,0,0.0,False
2200,2024-04-19T14:04:00,65,21,3,3,40,0,0,0,1,False,renda_abaixo_minimo,0,no_offer,blocked,0,0.0,False
2201,2024-04-20T21:05:00,30,139,1,1,6,0,0,1,0,False,sem_relacionamento_bancario,0,no_offer,blocked,0,0.0,False
2202,2024-04-20T19:03:00,33,39,4,1,7,0,0,1,1,True,,1,banner_loan_standard,exploitation,0,-0.01,False
2203,2024-04-20T20:22:00,30,73,1,2,5,0,0,1,0,False,sem_relacionamento_bancario,0,no_offer,blocked,0,0.0,False
2204,2024-04-20T13:31:00,35,31,3,1,10,0,0,0,0,False,sem_relacionamento_bancario,0,no_offer,blocked,0,0.0,False
2205,2024-04-20T17:17:00,31,18,4,2,5,0,0,0,1,False,renda_abaixo_minimo,0,no_offer,blocked,0,0.0,False
2206,2024-04-20T15:57:00,31,65,4,2,5,0,0,1,0,False,sem_relacionamento_bancario,0,no_offer,blocked,0,0.0,False
2207,2024-04-20T16:36:00,57,24,2,3,32,0,0,1,0,False,renda_abaixo_minimo,0,no_offer,blocked,0,0.0,False
2208,2024-04-20T17:19:00,43,158,1,1,17,0,0,1,0,False,sem_relacionamento_bancario,0,no_offer,blocked,0,0.0,False
2209,2024-04-20T13:47:00,30,113,2,1,4,0,0,1,0,False,sem_relacionamento_bancario,0,no_offer,blocked,0,0.0,False
2210,2024-04-20T15:58:00,40,44,3,3,10,0,0,1,0,False,sem_relacionamento_bancario,0,no_offer,blocked,0,0.0,False
2211,2024-04-20T10:41:00,50,32,2,2,25,0,0,1,0,False,sem_relacionamento_bancario,0,no_offer,blocked,0,0.0,False
2212,2024-04-20T18:42:00,30,179,3,1,6,0,0,1,0,False,sem_relacionamento_bancario,0,no_offer,blocked,0,0.0,False
2213,2024-04-20T08:31:00,57,61,1,3,31,0,0,0,0,False,sem_relacionamento_bancario,0,no_offer,blocked,0,0.0,False
2214,2024-04-20T16:18:00,36,40,2,2,11,1,0,0,0,True,,1,banner_loan_standard,exploitation,0,-0.01,False
2215,2024-04-20T13:34:00,43,60,2,1,19,1,0,0,0,True,,1,banner_loan_standard,exploitation,0,-0.01,False
2216,2024-04-20T13:00:00,51,12,2,3,26,0,0,1,1,False,renda_abaixo_minimo,0,no_offer,blocked,0,0.0,False
2217,2024-04-20T11:21:00,26,79,2,1,2,0,0,1,0,False,sem_relacionamento_bancario,0,no_offer,blocked,0,0.0,False
2218,2024-04-20T18:41:00,28,74,2,2,3,1,0,0,0,True,,1,banner_loan_standard,exploitation,0,-0.01,False
2219,2024-04-20T10:08:00,65,25,2,1,39,0,0,1,0,False,sem_relacionamento_bancario,0,no_offer,blocked,0,0.0,False
2220,2024-04-20T19:11:00,49,138,2,2,24,0,0,1,0,False,sem_relacionamento_bancario,0,no_offer,blocked,0,0.0,False
2221,2024-04-21T14:13:00,55,81,3,1,31,0,0,1,0,False,sem_relacionamento_bancario,0,no_offer,blocked,0,0.0,False
2222,2024-04-21T08:17:00,41,63,2,1,17,0,0,0,0,False,sem_relacionamento_bancario,0,no_offer,blocked,0,0.0,False
2223,2024-04-21T16:22:00,60,64,2,3,34,0,0,0,1,True,,0,no_offer,exploration,0,0.0,False
2224,2024-04-21T17:18:00,62,119,2,1,36,0,0,0,0,False,sem_relacionamento_bancario,0,no_offer,blocked,0,0.0,False
2225,2024-04-21T11:22:00,60,65,3,3,34,1,1,0,1,True,,1,banner_loan_standard,exploitation,0,-0.01,False
2226,2024-04-21T20:55:00,37,60,2,1,11,0,0,0,1,True,,1,banner_loan_standard,exploitation,0,-0.01,False
2227,2024-04-21T16:09:00,51,12,4,1,27,0,0,1,0,False,renda_abaixo_minimo,0,no_offer,blocked,0,0.0,False
2228,2024-04-21T21:41:00,29,148,3,1,3,0,0,1,0,False,sem_relacionamento_bancario,0,no_offer,blocked,0,0.0,False
2229,2024-04-21T16:45:00,31,173,1,1,7,0,0,1,0,False,sem_relacionamento_bancario,0,no_offer,blocked,0,0.0,False
2230,2024-04-21T17:29:00,65,158,2,1,41,0,0,0,0,False,sem_relacionamento_bancario,0,no_offer,blocked,0,0.0,False
2231,2024-04-21T14:40:00,56,45,4,3,30,0,0,0,0,False,sem_relacionamento_bancario,0,no_offer,blocked,0,0.0,False
2232,2024-04-21T11:47:00,44,128,2,2,17,0,0,0,1,True,,0,no_offer,exploration,0,0.0,False
2233,2024-04-21T18:10:00,31,44,1,1,7,0,0,1,1,True,,0,no_offer,exploration,0,0.0,False
2234,2024-04-21T12:20:00,30,41,4,2,5,0,0,1,0,False,sem_relacionamento_bancario,0,no_offer,blocked,0,0.0,False
2235,2024-04-21T08:01:00,46,122,3,3,20,0,1,1,1,True,,1,banner_loan_standard,exploitation,1,1.0,False
2236,2024-04-21T13:58:00,57,40,2,1,31,1,1,1,1,True,,1,banner_loan_standard,exploitation,0,-0.01,False
2237,2024-04-21T10:17:00,56,52,3,2,31,1,1,1,1,True,,0,no_offer,exploration,0,0.0,False
2238,2024-04-21T10:52:00,38,143,1,1,13,0,0,0,0,False,sem_relacionamento_bancario,0,no_offer,blocked,0,0.0,False
2239,2024-04-21T16:43:00,34,41,3,1,9,0,0,0,1,True,,1,banner_loan_standard,exploitation,0,-0.01,False
2240,2024-04-21T18:46:00,37,89,1,3,11,0,0,1,0,False,sem_relacionamento_bancario,0,no_offer,blocked,0,0.0,False
2241,2024-04-22T17:11:00,31,72,1,2,6,0,0,1,0,False,sem_relacionamento_bancario,0,no_offer,blocked,0,0.0,False
2242,2024-04-22T19:12:00,34,71,4,1,9,0,0,1,0,False,sem_relacionamento_bancario,0,no_offer,blocked,0,0.0,False
2243,2024-04-22T17:58:00,43,84,4,3,17,1,1,1,1,True,,1,banner_loan_standard,exploitation,1,1.0,False
2244,2024-04-22T18:26:00,54,100,4,3,30,0,0,0,0,False,sem_relacionamento_bancario,0,no_offer,blocked,0,0.0,False
2245,2024-04-22T15:06:00,34,25,4,1,10,0,0,1,0,False,sem_relacionamento_bancario,0,no_offer,blocked,0,0.0,False
2246,2024-04-22T14:45:00,39,74,3,2,13,0,0,1,0,False,sem_relacionamento_bancario,0,no_offer,blocked,0,0.0,False
2247,2024-04-22T15:59:00,32,84,4,1,8,0,0,1,0,False,sem_relacionamento_bancario,0,no_offer,blocked,0,0.0,False
2248,2024-04-22T19:12:00,39,63,4,3,13,0,0,0,0,False,sem_relacionamento_bancario,0,no_offer,blocked,0,0.0,False
2249,2024-04-22T21:42:00,39,43,3,3,13,0,0,1,0,False,sem_relacionamento_bancario,0,no_offer,blocked,0,0.0,False
2250,2024-04-22T08:16:00,47,95,2,2,22,0,0,0,0,False,sem_relacionamento_bancario,0,no_offer,blocked,0,0.0,False
2251,2024-04-22T12:25:00,53,63,2,3,27,1,0,1,0,True,,1,banner_loan_standard,exploitation,0,-0.01,False
2252,2024-04-22T19:36:00,30,30,1,3,6,0,0,1,1,True,,1,banner_loan_standard,exploration,1,1.0,False
2253,2024-04-22T21:22:00,48,132,1,1,23,0,0,0,0,False,sem_relacionamento_bancario,0,no_offer,blocked,0,0.0,False
2254,2024-04-22T21:09:00,40,63,3,3,14,0,0,1,0,False,sem_relacionamento_bancario,0,no_offer,blocked,0,0.0,False
2255,2024-04-22T20:36:00,56,190,3,1,32,0,1,1,0,True,,1,banner_loan_standard,exploitation,0,-0.01,False
2256,2024-04-22T20:02:00,65,20,3,1,40,0,0,1,1,False,renda_abaixo_minimo,0,no_offer,blocked,0,0.0,False
2257,2024-04-22T11:18:00,31,90,2,1,5,1,0,1,0,True,,1,banner_loan_standard,exploitation,0,-0.01,False
2258,2024-04-22T20:41:00,35,20,2,3,9,0,0,1,1,False,renda_abaixo_minimo,0,no_offer,blocked,0,0.0,False
2259,2024-04-22T14:51:00,49,48,1,2,24,0,0,0,1,True,,1,banner_loan_standard,exploitation,0,-0.01,False
2260,2024-04-22T20:19:00,55,33,2,3,29,0,0,0,0,False,sem_relacionamento_bancario,0,no_offer,blocked,0,0.0,False
2261,2024-04-23T16:05:00,65,162,1,1,40,0,0,1,0,False,sem_relacionamento_bancario,0,no_offer,blocked,0,0.0,False
2262,2024-04-23T11:01:00,52,18,1,1,28,0,0,1,0,False,renda_abaixo_minimo,0,no_offer,blocked,0,0.0,False
2263,2024-04-23T13:31:00,29,53,4,3,3,0,0,1,0,False,sem_relacionamento_bancario,0,no_offer,blocked,0,0.0,False
2264,2024-04-23T09:04:00,25,43,3,2,-1,0,0,1,0,False,sem_relacionamento_bancario,0,no_offer,blocked,0,0.0,False
2265,2024-04-23T13:35:00,33,32,1,3,7,0,0,0,0,False,sem_relacionamento_bancario,0,no_offer,blocked,0,0.0,False
2266,2024-04-23T21:44:00,38,75,3,2,11,0,0,1,0,False,sem_relacionamento_bancario,0,no_offer,blocked,0,0.0,False
2267,2024-04-23T10:22:00,35,75,2,2,11,0,0,1,0,False,sem_relacionamento_bancario,0,no_offer,blocked,0,0.0,False
2268,2024-04-23T13:28:00,61,172,4,1,37,0,1,1,1,True,,1,banner_loan_standard,exploitation,1,1.0,False
2269,2024-04-23T11:21:00,55,19,4,3,29,1,0,0,1,False,renda_abaixo_minimo,0,no_offer,blocked,0,0.0,False
2270,2024-04-23T11:51:00,47,32,3,1,21,0,0,1,0,False,sem_relacionamento_bancario,0,no_offer,blocked,0,0.0,False
2271,2024-04-23T11:08:00,42,145,2,1,18,0,0,0,0,False,sem_relacionamento_bancario,0,no_offer,blocked,0,0.0,False
2272,2024-04-23T14:50:00,48,125,1,1,22,0,0,1,0,False,sem_relacionamento_bancario,0,no_offer,blocked,0,0.0,False
2273,2024-04-23T10:37:00,59,24,2,3,34,0,0,1,0,False,renda_abaixo_minimo,0,no_offer,blocked,0,0.0,False
2274,2024-04-23T13:51:00,32,41,4,2,7,0,0,0,0,False,sem_relacionamento_bancario,0,no_offer,blocked,0,0.0,False
2275,2024-04-23T16:19:00,59,93,2,2,33,0,0,0,0,False,sem_relacionamento_bancario,0,no_offer,blocked,0,0.0,False
2276,2024-04-23T16:31:00,26,83,3,2,0,0,0,1,0,False,sem_relacionamento_bancario,0,no_offer,blocked,0,0.0,False
2277,2024-04-23T11:49:00,49,114,1,1,23,0,0,1,0,False,sem_relacionamento_bancario,0,no_offer,blocked,0,0.0,False
2278,2024-04-23T21:10:00,63,80,2,3,37,0,0,1,1,True,,1,banner_loan_standard,exploitation,0,-0.01,False
2279,2024-04-23T12:21:00,57,62,3,3,27,0,0,1,0,False,sem_relacionamento_bancario,0,no_offer,blocked,0,0.0,False
2280,2024-04-23T17:03:00,26,15,4,1,0,0,0,0,1,False,renda_abaixo_minimo,0,no_offer,blocked,0,0.0,False
2281,2024-04-24T20:43:00,56,24,2,3,30,0,0,0,0,False,renda_abaixo_minimo,0,no_offer,blocked,0,0.0,False
2282,2024-04-24T14:03:00,29,80,4,2,3,0,0,1,1,True,,1,banner_loan_standard,exploration,0,-0.01,False
2283,2024-04-24T10:41:00,44,72,1,3,18,0,0,0,0,False,sem_relacionamento_bancario,0,no_offer,blocked,0,0.0,False
2284,2024-04-24T16:20:00,40,28,4,3,14,0,0,0,1,True,,1,banner_loan_standard,exploitation,0,-0.01,False
2285,2024-04-24T20:30:00,51,42,4,3,27,0,0,0,0,False,sem_relacionamento_bancario,0,no_offer,blocked,0,0.0,False
2286,2024-04-24T10:30:00,50,19,1,2,23,0,0,0,1,False,renda_abaixo_minimo,0,no_offer,blocked,0,0.0,False
2287,2024-04-24T12:31:00,64,169,2,1,40,0,0,1,0,False,sem_relacionamento_bancario,0,no_offer,blocked,0,0.0,False
2288,2024-04-24T09:01:00,40,85,2,1,15,1,0,0,0,True,,1,banner_loan_standard,exploitation,0,-0.01,False
2289,2024-04-24T19:23:00,44,61,3,2,19,0,0,0,0,False,sem_relacionamento_bancario,0,no_offer,blocked,0,0.0,False
2290,2024-04-24T08:31:00,58,41,3,1,32,0,0,1,0,False,sem_relacionamento_bancario,0,no_offer,blocked,0,0.0,False
2291,2024-04-24T12:30:00,55,28,2,2,30,0,0,1,1,True,,1,banner_loan_standard,exploitation,0,-0.01,False
2292,2024-04-24T14:20:00,34,41,1,1,10,0,0,0,1,True,,1,banner_loan_standard,exploitation,0,-0.01,False
2293,2024-04-24T11:06:00,47,11,1,3,23,0,0,0,1,False,renda_abaixo_minimo,0,no_offer,blocked,0,0.0,False
2294,2024-04-24T17:46:00,41,19,2,2,16,0,0,0,0,False,renda_abaixo_minimo,0,no_offer,blocked,0,0.0,False
2295,2024-04-24T08:10:00,57,120,2,1,31,0,0,0,1,True,,1,banner_loan_standard,exploitation,1,1.0,False
2296,2024-04-24T19:31:00,28,43,1,3,4,0,0,0,0,False,sem_relacionamento_bancario,0,no_offer,blocked,0,0.0,False
2297,2024-04-24T08:46:00,63,49,1,1,39,0,0,1,0,False,sem_relacionamento_bancario,0,no_offer,blocked,0,0.0,False
2298,2024-04-24T09:41:00,46,144,2,1,22,0,0,1,1,True,,1,banner_loan_standard,exploitation,0,-0.01,False
2299,2024-04-24T17:10:00,33,58,2,1,8,1,1,1,1,True,,1,banner_loan_standard,exploitation,1,1.0,False
2300,2024-04-24T15:49:00,64,8,2,3,40,0,0,1,0,False,renda_abaixo_minimo,0,no_offer,blocked,0,0.0,False
2301,2024-04-25T18:10:00,54,43,3,2,27,0,0,0,0,False,sem_relacionamento_bancario,0,no_offer,blocked,0,0.0,False
2302,2024-04-25T17:26:00,37,28,4,1,12,1,1,1,0,True,,1,banner_loan_standard,exploitation,0,-0.01,False
2303,2024-04-25T09:59:00,30,95,1,3,6,0,0,0,1,True,,1,banner_loan_standard,exploitation,0,-0.01,False
2304,2024-04-25T13:29:00,39,10,2,2,14,1,0,0,1,False,renda_abaixo_minimo,0,no_offer,blocked,0,0.0,False
2305,2024-04-25T11:37:00,35,23,4,3,10,0,0,0,1,False,renda_abaixo_minimo,0,no_offer,blocked,0,0.0,False
2306,2024-04-25T19:24:00,27,155,1,1,2,0,0,0,0,False,sem_relacionamento_bancario,0,no_offer,blocked,0,0.0,False
2307,2024-04-25T20:09:00,53,174,1,2,27,0,0,1,0,False,sem_relacionamento_bancario,0,no_offer,blocked,0,0.0,False
2308,2024-04-25T20:55:00,60,49,3,2,35,0,0,1,1,True,,1,banner_loan_standard,exploitation,0,-0.01,False
2309,2024-04-25T16:53:00,52,8,1,1,28,0,0,1,0,False,renda_abaixo_minimo,0,no_offer,blocked,0,0.0,False
2310,2024-04-25T17:46:00,31,32,2,2,5,0,0,1,0,False,sem_relacionamento_bancario,0,no_offer,blocked,0,0.0,False
2311,2024-04-25T12:53:00,39,50,3,3,13,0,0,0,0,False,sem_relacionamento_bancario,0,no_offer,blocked,0,0.0,False
2312,2024-04-25T20:21:00,37,70,2,1,13,0,0,0,0,False,sem_relacionamento_bancario,0,no_offer,blocked,0,0.0,False
2313,2024-04-25T16:19:00,30,193,3,3,6,0,0,1,0,False,sem_relacionamento_bancario,0,no_offer,blocked,0,0.0,False
2314,2024-04-25T09:42:00,49,18,1,3,24,0,0,1,0,False,renda_abaixo_minimo,0,no_offer,blocked,0,0.0,False
2315,2024-04-25T18:40:00,48,43,3,2,24,0,0,1,0,False,sem_relacionamento_bancario,0,no_offer,blocked,0,0.0,False
2316,2024-04-25T09:31:00,46,159,3,3,21,0,0,1,0,False,sem_relacionamento_bancario,0,no_offer,blocked,0,0.0,False
2317,2024-04-25T17:24:00,54,69,3,3,24,0,0,1,0,False,sem_relacionamento_bancario,0,no_offer,blocked,0,0.0,False
2318,2024-04-25T09:11:00,30,85,4,3,4,0,0,1,0,False,sem_relacionamento_bancario,0,no_offer,blocked,0,0.0,False
2319,2024-04-25T16:09:00,38,129,3,3,13,0,1,1,1,True,,1,banner_loan_standard,exploitation,0,-0.01,False
2320,2024-04-25T16:33:00,47,65,3,2,22,0,0,1,0,False,sem_relacionamento_bancario,0,no_offer,blocked,0,0.0,False
2321,2024-04-26T11:38:00,59,52,2,3,34,0,0,1,0,False,sem_relacionamento_bancario,0,no_offer,blocked,0,0.0,False
2322,2024-04-26T19:01:00,49,81,2,3,23,0,0,0,0,False,sem_relacionamento_bancario,0,no_offer,blocked,0,0.0,False
2323,2024-04-26T15:53:00,61,154,3,3,31,0,1,1,1,True,,1,banner_loan_standard,exploitation,0,-0.01,False
2324,2024-04-26T18:01:00,32,44,1,2,8,0,0,1,0,False,sem_relacionamento_bancario,0,no_offer,blocked,0,0.0,False
2325,2024-04-26T16:13:00,54,83,3,1,28,0,0,1,0,False,sem_relacionamento_bancario,0,no_offer,blocked,0,0.0,False
2326,2024-04-26T09:28:00,42,114,2,1,17,0,0,0,0,False,sem_relacionamento_bancario,0,no_offer,blocked,0,0.0,False
2327,2024-04-26T19:36:00,40,19,4,2,16,0,0,1,1,False,renda_abaixo_minimo,0,no_offer,blocked,0,0.0,False
2328,2024-04-26T19:19:00,38,24,2,3,12,0,0,1,1,False,renda_abaixo_minimo,0,no_offer,blocked,0,0.0,False
2329,2024-04-26T20:38:00,46,30,3,1,22,0,0,0,0,False,sem_relacionamento_bancario,0,no_offer,blocked,0,0.0,False
2330,2024-04-26T21:36:00,58,113,2,1,32,0,0,0,1,True,,1,banner_loan_standard,exploitation,1,1.0,False
2331,2024-04-26T17:11:00,44,25,3,2,17,0,0,0,1,True,,1,banner_loan_standard,exploitation,0,-0.01,False
2332,2024-04-26T11:21:00,32,112,1,2,6,1,1,1,1,True,,1,banner_loan_standard,exploration,0,-0.01,False
2333,2024-04-26T21:15:00,59,23,1,1,34,0,0,0,1,False,renda_abaixo_minimo,0,no_offer,blocked,0,0.0,False
2334,2024-04-26T20:35:00,58,173,2,3,33,0,0,1,0,False,sem_relacionamento_bancario,0,no_offer,blocked,0,0.0,False
2335,2024-04-26T15:24:00,48,42,3,2,22,0,0,0,0,False,sem_relacionamento_bancario,0,no_offer,blocked,0,0.0,False
2336,2024-04-26T08:44:00,42,32,3,1,16,0,0,1,0,False,sem_relacionamento_bancario,0,no_offer,blocked,0,0.0,False
2337,2024-04-26T10:22:00,42,38,1,1,16,1,0,0,0,True,,1,banner_loan_standard,exploitation,0,-0.01,False
2338,2024-04-26T18:04:00,47,122,1,3,22,1,0,0,0,True,,0,no_offer,exploration,0,0.0,False
2339,2024-04-26T11:20:00,28,82,3,1,4,0,0,1,0,False,sem_relacionamento_bancario,0,no_offer,blocked,0,0.0,False
2340,2024-04-26T15:50:00,43,55,1,1,17,0,0,1,0,False,sem_relacionamento_bancario,0,no_offer,blocked,0,0.0,False
2341,2024-04-27T13:11:00,62,58,4,2,38,0,0,0,1,True,,1,banner_loan_standard,exploitation,1,1.0,False
2342,2024-04-27T08:44:00,45,11,4,1,21,0,0,1,1,False,renda_abaixo_minimo,0,no_offer,blocked,0,0.0,False
2343,2024-04-27T21:31:00,45,39,2,3,21,0,0,0,1,True,,1,banner_loan_standard,exploitation,0,-0.01,False
2344,2024-04-27T19:16:00,57,42,2,3,32,0,0,1,0,False,sem_relacionamento_bancario,0,no_offer,blocked,0,0.0,False
2345,2024-04-27T16:53:00,34,42,1,2,10,0,0,0,0,False,sem_relacionamento_bancario,0,no_offer,blocked,0,0.0,False
2346,2024-04-27T20:26:00,26,71,4,2,0,1,0,1,0,True,,1,banner_loan_standard,exploitation,0,-0.01,False
2347,2024-04-27T18:13:00,46,44,1,1,21,1,0,1,0,True,,1,banner_loan_standard,exploitation,0,-0.01,False
2348,2024-04-27T12:30:00,56,85,3,1,32,1,0,1,0,True,,0,no_offer,exploration,0,0.0,False
2349,2024-04-27T10:16:00,66,30,2,3,40,0,0,0,0,False,sem_relacionamento_bancario,0,no_offer,blocked,0,0.0,False
2350,2024-04-27T19:18:00,43,204,2,1,18,0,0,1,0,False,sem_relacionamento_bancario,0,no_offer,blocked,0,0.0,False
2351,2024-04-27T21:53:00,59,60,2,1,34,0,0,1,0,False,sem_relacionamento_bancario,0,no_offer,blocked,0,0.0,False
2352,2024-04-27T21:22:00,57,30,2,2,31,0,0,0,0,False,sem_relacionamento_bancario,0,no_offer,blocked,0,0.0,False
2353,2024-04-27T15:12:00,37,55,1,3,12,0,0,1,0,False,sem_relacionamento_bancario,0,no_offer,blocked,0,0.0,False
2354,2024-04-27T18:19:00,54,61,1,3,30,0,0,1,0,False,sem_relacionamento_bancario,0,no_offer,blocked,0,0.0,False
2355,2024-04-27T10:04:00,52,59,3,2,26,0,0,1,0,False,sem_relacionamento_bancario,0,no_offer,blocked,0,0.0,False
2356,2024-04-27T16:28:00,59,84,1,3,35,0,0,1,0,False,sem_relacionamento_bancario,0,no_offer,blocked,0,0.0,False
2357,2024-04-27T13:24:00,54,91,2,3,24,0,0,1,0,False,sem_relacionamento_bancario,0,no_offer,blocked,0,0.0,False
2358,2024-04-27T12:59:00,45,28,1,3,15,1,0,0,0,True,,1,banner_loan_standard,exploitation,0,-0.01,False
2359,2024-04-27T18:24:00,33,64,4,3,8,0,0,1,0,False,sem_relacionamento_bancario,0,no_offer,blocked,0,0.0,False
2360,2024-04-27T15:54:00,30,141,2,1,6,0,0,0,0,False,sem_relacionamento_bancario,0,no_offer,blocked,0,0.0,False
2361,2024-04-28T08:19:00,27,110,4,3,2,0,0,1,0,False,sem_relacionamento_bancario,0,no_offer,blocked,0,0.0,False
2362,2024-04-28T19:22:00,52,18,1,1,28,0,0,1,0,False,renda_abaixo_minimo,0,no_offer,blocked,0,0.0,False
2363,2024-04-28T18:38:00,56,45,4,3,30,0,0,0,0,False,sem_relacionamento_bancario,0,no_offer,blocked,0,0.0,False
2364,2024-04-28T13:23:00,62,53,1,2,38,0,0,0,0,False,sem_relacionamento_bancario,0,no_offer,blocked,0,0.0,False
2365,2024-04-28T18:28:00,39,78,4,1,15,0,0,1,0,False,sem_relacionamento_bancario,0,no_offer,blocked,0,0.0,False
2366,2024-04-28T13:25:00,28,43,3,2,4,0,0,1,0,False,sem_relacionamento_bancario,0,no_offer,blocked,0,0.0,False
2367,2024-04-28T08:57:00,50,40,1,2,25,0,0,1,1,True,,1,banner_loan_standard,exploration,0,-0.01,False
2368,2024-04-28T12:46:00,43,164,1,1,17,0,0,1,0,False,sem_relacionamento_bancario,0,no_offer,blocked,0,0.0,False
2369,2024-04-28T11:05:00,28,34,4,2,1,0,0,0,1,True,,1,banner_loan_standard,exploitation,0,-0.01,False
2370,2024-04-28T15:28:00,62,28,3,2,36,0,0,1,0,False,sem_relacionamento_bancario,0,no_offer,blocked,0,0.0,False
2371,2024-04-28T19:34:00,35,38,1,1,11,0,0,0,1,True,,1,banner_loan_standard,exploitation,0,-0.01,False
2372,2024-04-28T11:44:00,34,34,2,3,8,1,0,1,0,True,,1,banner_loan_standard,exploitation,1,1.0,False
2373,2024-04-28T11:08:00,55,62,4,1,31,0,0,1,0,False,sem_relacionamento_bancario,0,no_offer,blocked,0,0.0,False
2374,2024-04-28T14:03:00,57,63,4,1,32,0,0,1,0,False,sem_relacionamento_bancario,0,no_offer,blocked,0,0.0,False
2375,2024-04-28T18:44:00,54,65,4,3,29,0,0,0,1,True,,1,banner_loan_standard,exploitation,0,-0.01,False
2376,2024-04-28T16:21:00,46,73,2,3,20,0,1,1,1,True,,1,banner_loan_standard,exploitation,0,-0.01,False
2377,2024-04-28T19:51:00,34,78,3,2,9,0,0,1,0,False,sem_relacionamento_bancario,0,no_offer,blocked,0,0.0,False
2378,2024-04-28T18:18:00,53,62,3,2,27,1,0,0,0,True,,1,banner_loan_standard,exploitation,0,-0.01,False
2379,2024-04-28T15:51:00,64,35,1,3,38,0,0,1,0,False,sem_relacionamento_bancario,0,no_offer,blocked,0,0.0,False
2380,2024-04-28T15:41:00,46,53,2,1,22,0,0,0,0,False,sem_relacionamento_bancario,0,no_offer,blocked,0,0.0,False
2381,2024-04-29T14:42:00,52,59,2,2,26,0,0,0,1,True,,1,banner_loan_standard,exploitation,0,-0.01,False
2382,2024-04-29T20:27:00,24,41,4,3,-3,0,0,1,0,False,sem_relacionamento_bancario,0,no_offer,blocked,0,0.0,False
2383,2024-04-29T14:50:00,65,94,1,1,39,0,0,0,1,True,,1,banner_loan_standard,exploitation,0,-0.01,False
2384,2024-04-29T21:10:00,32,41,2,2,5,1,0,1,0,True,,1,banner_loan_standard,exploitation,0,-0.01,False
2385,2024-04-29T13:33:00,36,188,2,1,12,0,0,1,1,True,,1,banner_loan_standard,exploitation,0,-0.01,False
2386,2024-04-29T21:51:00,38,114,1,3,13,0,0,1,1,True,,1,banner_loan_standard,exploitation,0,-0.01,False
2387,2024-04-29T13:48:00,36,51,3,1,12,0,0,1,0,False,sem_relacionamento_bancario,0,no_offer,blocked,0,0.0,False
2388,2024-04-29T15:07:00,59,84,1,3,35,0,0,1,1,True,,1,banner_loan_standard,exploitation,0,-0.01,False
2389,2024-04-29T15:06:00,46,72,2,3,20,0,0,1,1,True,,1,banner_loan_standard,exploitation,0,-0.01,False
2390,2024-04-29T16:11:00,38,138,2,1,12,1,0,1,0,True,,1,banner_loan_standard,exploitation,0,-0.01,False
2391,2024-04-29T17:37:00,40,28,2,3,14,0,0,0,0,False,sem_relacionamento_bancario,0,no_offer,blocked,0,0.0,False
2392,2024-04-29T12:36:00,47,65,1,2,21,1,0,1,0,True,,1,banner_loan_standard,exploitation,0,-0.01,False
2393,2024-04-29T21:52:00,32,112,1,1,7,0,0,1,0,False,sem_relacionamento_bancario,0,no_offer,blocked,0,0.0,False
2394,2024-04-29T15:15:00,37,63,3,1,12,0,0,1,0,False,sem_relacionamento_bancario,0,no_offer,blocked,0,0.0,False
2395,2024-04-29T20:53:00,50,79,1,1,25,0,0,0,1,True,,0,no_offer,exploration,0,0.0,False
2396,2024-04-29T11:10:00,31,78,2,1,5,0,0,0,1,True,,1,banner_loan_standard,exploitation,0,-0.01,False
2397,2024-04-29T08:06:00,44,61,3,2,19,0,0,0,0,False,sem_relacionamento_bancario,0,no_offer,blocked,0,0.0,False
2398,2024-04-29T21:57:00,62,53,2,1,37,0,0,1,0,False,sem_relacionamento_bancario,0,no_offer,blocked,0,0.0,False
2399,2024-04-29T14:44:00,28,71,1,2,3,1,1,1,0,True,,1,banner_loan_standard,exploitation,0,-0.01,False
2400,2024-04-29T14:49:00,34,101,3,2,9,0,0,0,0,False,sem_relacionamento_bancario,0,no_offer,blocked,0,0.0,False
2401,2024-04-30T19:42:00,30,85,1,2,5,0,0,1,0,False,sem_relacionamento_bancario,0,no_offer,blocked,0,0.0,False
2402,2024-04-30T16:25:00,40,74,4,2,14,0,0,1,0,False,sem_relacionamento_bancario,0,no_offer,blocked,0,0.0,False
2403,2024-04-30T16:53:00,64,131,1,1,40,0,0,0,0,False,sem_relacionamento_bancario,0,no_offer,blocked,0,0.0,False
2404,2024-04-30T20:18:00,56,33,3,1,32,0,0,0,0,False,sem_relacionamento_bancario,0,no_offer,blocked,0,0.0,False
2405,2024-04-30T08:35:00,61,81,4,2,35,0,0,0,0,False,sem_relacionamento_bancario,0,no_offer,blocked,0,0.0,False
2406,2024-04-30T21:13:00,34,41,1,3,9,0,0,0,0,False,sem_relacionamento_bancario,0,no_offer,blocked,0,0.0,False
2407,2024-04-30T10:29:00,34,152,2,1,10,0,0,0,0,False,sem_relacionamento_bancario,0,no_offer,blocked,0,0.0,False
2408,2024-04-30T19:16:00,35,23,4,1,9,0,0,0,0,False,renda_abaixo_minimo,0,no_offer,blocked,0,0.0,False
2409,2024-04-30T20:44:00,42,185,3,2,16,1,1,1,1,True,,1,banner_loan_standard,exploration,1,1.0,False
2410,2024-04-30T21:55:00,63,138,1,1,38,0,0,1,0,False,sem_relacionamento_bancario,0,no_offer,blocked,0,0.0,False
2411,2024-04-30T16:50:00,38,62,1,3,14,0,0,1,0,False,sem_relacionamento_bancario,0,no_offer,blocked,0,0.0,False
2412,2024-04-30T12:53:00,55,55,3,1,30,0,0,0,1,True,,0,no_offer,exploration,0,0.0,False
2413,2024-04-30T14:24:00,45,133,4,3,21,0,1,1,1,True,,1,banner_loan_standard,exploitation,1,1.0,False
2414,2024-04-30T17:06:00,65,115,4,2,41,0,0,0,0,False,sem_relacionamento_bancario,0,no_offer,blocked,0,0.0,False
2415,2024-04-30T16:09:00,55,58,4,3,25,0,0,0,1,True,,1,banner_loan_standard,exploitation,0,-0.01,False
2416,2024-04-30T17:56:00,29,9,4,3,4,0,0,1,1,False,renda_abaixo_minimo,0,no_offer,blocked,0,0.0,False
2417,2024-04-30T14:47:00,51,173,1,2,25,0,0,1,0,False,sem_relacionamento_bancario,0,no_offer,blocked,0,0.0,False
2418,2024-04-30T11:32:00,28,48,4,3,2,0,0,1,1,True,,1,banner_loan_standard,exploitation,0,-0.01,False
2419,2024-04-30T08:43:00,60,52,3,2,35,0,0,0,0,False,sem_relacionamento_bancario,0,no_offer,blocked,0,0.0,False
2420,2024-04-30T12:59:00,57,163,1,1,33,0,0,1,0,False,sem_relacionamento_bancario,0,no_offer,blocked,0,0.0,False
2421,2024-05-01T11:42:00,60,54,4,3,36,1,0,0,0,True,,0,no_offer,exploration,0,0.0,False
2422,2024-05-01T13:25:00,38,29,4,2,11,0,0,1,0,False,sem_relacionamento_bancario,0,no_offer,blocked,0,0.0,False
2423,2024-05-01T09:08:00,47,79,3,1,21,0,0,1,1,True,,1,banner_loan_standard,exploitation,1,1.0,False
2424,2024-05-01T20:34:00,38,71,4,3,8,0,0,1,0,False,sem_relacionamento_bancario,0,no_offer,blocked,0,0.0,False
2425,2024-05-01T15:23:00,49,8,1,1,25,0,0,0,0,False,renda_abaixo_minimo,0,no_offer,blocked,0,0.0,False
2426,2024-05-01T10:35:00,53,44,4,3,27,0,0,0,0,False,sem_relacionamento_bancario,0,no_offer,blocked,0,0.0,False
2427,2024-05-01T18:31:00,58,85,2,1,32,1,1,1,1,True,,1,banner_loan_standard,exploitation,1,1.0,False
2428,2024-05-01T19:28:00,59,88,2,1,35,0,0,0,1,True,,1,banner_loan_standard,exploitation,0,-0.01,False
2429,2024-05-01T10:46:00,42,111,2,3,16,0,0,1,0,False,sem_relacionamento_bancario,0,no_offer,blocked,0,0.0,False
2430,2024-05-01T18:58:00,57,15,2,3,32,0,0,0,1,False,renda_abaixo_minimo,0,no_offer,blocked,0,0.0,False
2431,2024-05-01T11:36:00,40,78,1,1,14,0,0,1,0,False,sem_relacionamento_bancario,0,no_offer,blocked,0,0.0,False
2432,2024-05-01T08:38:00,39,93,4,3,13,0,0,1,0,False,sem_relacionamento_bancario,0,no_offer,blocked,0,0.0,False
2433,2024-05-01T21:25:00,31,113,2,2,7,0,0,0,0,False,sem_relacionamento_bancario,0,no_offer,blocked,0,0.0,False
2434,2024-05-01T21:29:00,64,103,1,3,39,0,0,1,1,True,,1,banner_loan_standard,exploitation,0,-0.01,False
2435,2024-05-01T13:10:00,48,74,1,1,23,0,0,1,0,False,sem_relacionamento_bancario,0,no_offer,blocked,0,0.0,False
2436,2024-05-01T09:43:00,31,68,4,3,1,0,0,1,0,False,sem_relacionamento_bancario,0,no_offer,blocked,0,0.0,False
2437,2024-05-01T17:52:00,26,44,4,3,0,1,0,0,0,True,,1,banner_loan_standard,exploitation,0,-0.01,False
2438,2024-05-01T14:00:00,55,103,3,2,31,0,0,0,0,False,sem_relacionamento_bancario,0,no_offer,blocked,0,0.0,False
2439,2024-05-01T17:44:00,53,90,2,1,29,1,0,0,1,True,,1,banner_loan_standard,exploitation,0,-0.01,False
2440,2024-05-01T13:05:00,34,19,4,2,10,0,0,0,0,False,renda_abaixo_minimo,0,no_offer,blocked,0,0.0,False
2441,2024-05-02T19:07:00,46,69,2,1,22,0,0,0,0,False,sem_relacionamento_bancario,0,no_offer,blocked,0,0.0,False
2442,2024-05-02T15:21:00,45,142,1,2,21,0,0,1,0,False,sem_relacionamento_bancario,0,no_offer,blocked,0,0.0,False
2443,2024-05-02T10:36:00,52,194,2,2,26,0,0,1,0,False,sem_relacionamento_bancario,0,no_offer,blocked,0,0.0,False
2444,2024-05-02T21:56:00,27,148,1,1,3,0,0,1,1,True,,1,banner_loan_standard,exploitation,0,-0.01,False
2445,2024-05-02T17:32:00,36,123,2,3,12,0,0,0,0,False,sem_relacionamento_bancario,0,no_offer,blocked,0,0.0,False
2446,2024-05-02T18:38:00,38,59,3,3,12,1,1,1,1,True,,1,banner_loan_standard,exploration,0,-0.01,False
2447,2024-05-02T14:28:00,59,94,1,1,35,1,1,1,0,True,,1,banner_loan_standard,exploitation,1,1.0,False
2448,2024-05-02T08:42:00,44,154,2,1,19,0,0,1,0,False,sem_relacionamento_bancario,0,no_offer,blocked,0,0.0,False
2449,2024-05-02T21:52:00,40,73,1,3,14,0,0,1,0,False,sem_relacionamento_bancario,0,no_offer,blocked,0,0.0,False
2450,2024-05-02T12:43:00,40,155,4,3,16,0,1,1,1,True,,1,banner_loan_standard,exploitation,1,1.0,False
2451,2024-05-02T14:42:00,55,71,3,2,29,0,0,0,1,True,,0,no_offer,exploration,0,0.0,False
2452,2024-05-02T09:43:00,39,59,3,3,13,0,0,0,0,False,sem_relacionamento_bancario,0,no_offer,blocked,0,0.0,False
2453,2024-05-02T13:36:00,63,159,4,2,38,0,0,0,0,False,sem_relacionamento_bancario,0,no_offer,blocked,0,0.0,False
2454,2024-05-02T17:10:00,60,145,4,1,36,0,0,0,1,True,,1,banner_loan_standard,exploitation,0,-0.01,False
2455,2024-05-02T08:33:00,54,79,4,2,29,1,0,1,0,True,,1,banner_loan_standard,exploitation,0,-0.01,False
2456,2024-05-02T19:05:00,43,53,2,1,17,1,0,1,0,True,,1,banner_loan_standard,exploitation,0,-0.01,False
2457,2024-05-02T12:54:00,44,83,2,3,19,1,0,0,1,True,,1,banner_loan_standard,exploitation,0,-0.01,False
2458,2024-05-02T14:27:00,63,39,2,3,37,0,0,1,1,True,,1,banner_loan_standard,exploitation,0,-0.01,False
2459,2024-05-02T19:50:00,50,130,1,2,25,0,0,1,0,False,sem_relacionamento_bancario,0,no_offer,blocked,0,0.0,False
2460,2024-05-02T20:21:00,29,120,1,2,4,1,1,0,1,True,,1,banner_loan_standard,exploitation,0,-0.01,False
2461,2024-05-03T12:22:00,57,80,2,3,32,0,0,0,0,False,sem_relacionamento_bancario,0,no_offer,blocked,0,0.0,False
2462,2024-05-03T12:41:00,59,42,1,2,33,0,0,1,0,False,sem_relacionamento_bancario,0,no_offer,blocked,0,0.0,False
2463,2024-05-03T18:38:00,45,132,3,2,21,0,1,1,1,True,,1,banner_loan_standard,exploitation,0,-0.01,False
2464,2024-05-03T18:46:00,59,180,2,2,35,1,1,1,1,True,,1,banner_loan_standard,exploitation,0,-0.01,False
2465,2024-05-03T10:18:00,49,68,1,2,24,0,0,0,0,False,sem_relacionamento_bancario,0,no_offer,blocked,0,0.0,False
2466,2024-05-03T10:05:00,31,78,2,1,5,0,0,0,1,True,,1,banner_loan_standard,exploitation,0,-0.01,False
2467,2024-05-03T19:46:00,58,61,4,1,33,0,0,0,0,False,sem_relacionamento_bancario,0,no_offer,blocked,0,0.0,False
2468,2024-05-03T13:12:00,35,105,1,1,10,0,0,0,0,False,sem_relacionamento_bancario,0,no_offer,blocked,0,0.0,False
2469,2024-05-03T20:18:00,51,32,2,3,25,0,0,1,0,False,sem_relacionamento_bancario,0,no_offer,blocked,0,0.0,False
2470,2024-05-03T10:07:00,60,80,3,1,35,0,0,1,0,False,sem_relacionamento_bancario,0,no_offer,blocked,0,0.0,False
2471,2024-05-03T15:54:00,51,39,2,1,27,0,0,0,0,False,sem_relacionamento_bancario,0,no_offer,blocked,0,0.0,False
2472,2024-05-03T17:19:00,42,9,2,3,17,0,0,0,0,False,renda_abaixo_minimo,0,no_offer,blocked,0,0.0,False
2473,2024-05-03T11:50:00,59,53,3,1,33,0,0,1,0,False,sem_relacionamento_bancario,0,no_offer,blocked,0,0.0,False
2474,2024-05-03T12:02:00,48,78,4,3,23,0,0,1,0,False,sem_relacionamento_bancario,0,no_offer,blocked,0,0.0,False
2475,2024-05-03T20:07:00,31,105,1,1,7,0,0,1,0,False,sem_relacionamento_bancario,0,no_offer,blocked,0,0.0,False
2476,2024-05-03T16:59:00,41,129,1,1,17,0,0,0,1,True,,1,banner_loan_standard,exploitation,0,-0.01,False
2477,2024-05-03T14:14:00,56,38,4,1,32,0,0,1,1,True,,1,banner_loan_standard,exploitation,1,1.0,False
2478,2024-05-03T14:37:00,39,93,4,3,13,0,0,1,0,False,sem_relacionamento_bancario,0,no_offer,blocked,0,0.0,False
2479,2024-05-03T09:40:00,51,188,2,2,27,0,0,1,0,False,sem_relacionamento_bancario,0,no_offer,blocked,0,0.0,False
2480,2024-05-03T19:00:00,41,63,1,3,15,0,0,0,1,True,,1,banner_loan_standard,exploitation,0,-0.01,False
2481,2024-05-04T17:42:00,30,112,3,1,6,0,0,1,0,False,sem_relacionamento_bancario,0,no_offer,blocked,0,0.0,False
2482,2024-05-04T21:07:00,26,55,3,2,2,0,0,1,0,False,sem_relacionamento_bancario,0,no_offer,blocked,0,0.0,False
2483,2024-05-04T15:48:00,45,19,3,2,19,0,0,1,0,False,renda_abaixo_minimo,0,no_offer,blocked,0,0.0,False
2484,2024-05-04T16:49:00,57,43,2,3,32,0,0,1,0,False,sem_relacionamento_bancario,0,no_offer,blocked,0,0.0,False
2485,2024-05-04T19:24:00,28,52,4,2,3,0,0,0,0,False,sem_relacionamento_bancario,0,no_offer,blocked,0,0.0,False
2486,2024-05-04T21:40:00,36,31,4,1,11,0,0,1,1,True,,1,banner_loan_standard,exploration,0,-0.01,False
2487,2024-05-04T18:05:00,64,88,1,1,40,0,0,1,1,True,,0,no_offer,exploration,0,0.0,False
2488,2024-05-04T12:42:00,30,40,4,2,5,0,0,1,0,False,sem_relacionamento_bancario,0,no_offer,blocked,0,0.0,False
2489,2024-05-04T16:17:00,43,70,3,1,19,0,0,1,0,False,sem_relacionamento_bancario,0,no_offer,blocked,0,0.0,False
2490,2024-05-04T19:17:00,32,51,4,1,6,1,0,0,1,True,,1,banner_loan_standard,exploitation,1,1.0,False
2491,2024-05-04T18:59:00,59,102,4,2,35,0,0,1,0,False,sem_relacionamento_bancario,0,no_offer,blocked,0,0.0,False
2492,2024-05-04T16:27:00,45,22,1,1,19,0,0,1,0,False,renda_abaixo_minimo,0,no_offer,blocked,0,0.0,False
2493,2024-05-04T10:55:00,29,28,1,3,5,0,0,1,0,False,sem_relacionamento_bancario,0,no_offer,blocked,0,0.0,False
2494,2024-05-04T15:31:00,33,152,1,1,9,0,0,1,1,True,,1,banner_loan_standard,exploitation,0,-0.01,False
2495,2024-05-04T11:45:00,57,25,2,3,32,0,0,1,1,True,,0,no_offer,exploration,0,0.0,False
2496,2024-05-04T16:33:00,54,91,2,3,24,0,0,1,0,False,sem_relacionamento_bancario,0,no_offer,blocked,0,0.0,False
2497,2024-05-04T10:25:00,50,79,1,1,24,0,0,1,0,False,sem_relacionamento_bancario,0,no_offer,blocked,0,0.0,False
2498,2024-05-04T15:05:00,28,101,3,1,4,0,0,0,0,False,sem_relacionamento_bancario,0,no_offer,blocked,0,0.0,False
2499,2024-05-04T21:44:00,27,80,2,3,1,0,0,1,1,True,,1,banner_loan_standard,exploitation,0,-0.01,False
2500,2024-05-04T20:04:00,28,45,1,3,4,0,0,1,0,False,sem_relacionamento_bancario,0,no_offer,blocked,0,0.0,False
2501,2024-05-05T16:19:00,27,20,4,1,3,0,0,1,1,False,renda_abaixo_minimo,0,no_offer,blocked,0,0.0,False
2502,2024-05-05T13:17:00,39,129,2,1,15,0,0,0,0,False,sem_relacionamento_bancario,0,no_offer,blocked,0,0.0,False
2503,2024-05-05T09:01:00,38,84,4,3,13,0,0,0,0,False,sem_relacionamento_bancario,0,no_offer,blocked,0,0.0,False
2504,2024-05-05T19:46:00,25,44,4,2,0,0,0,0,1,True,,1,banner_loan_standard,exploitation,1,1.0,False
2505,2024-05-05T14:10:00,28,90,2,1,3,0,0,1,1,True,,1,banner_loan_standard,exploitation,0,-0.01,False
2506,2024-05-05T10:34:00,56,11,2,3,31,0,0,0,0,False,renda_abaixo_minimo,0,no_offer,blocked,0,0.0,False
2507,2024-05-05T14:52:00,44,38,2,3,20,0,0,1,0,False,sem_relacionamento_bancario,0,no_offer,blocked,0,0.0,False
2508,2024-05-05T20:43:00,59,89,4,2,33,0,0,1,1,True,,1,banner_loan_standard,exploitation,0,-0.01,False
2509,2024-05-05T18:54:00,39,118,2,1,15,0,0,0,1,True,,1,banner_loan_standard,exploitation,0,-0.01,False
2510,2024-05-05T10:17:00,57,80,2,1,33,0,0,1,1,True,,1,banner_loan_standard,exploitation,1,1.0,False
2511,2024-05-05T19:54:00,39,11,1,1,15,0,0,0,0,False,renda_abaixo_minimo,0,no_offer,blocked,0,0.0,False
2512,2024-05-05T19:27:00,42,55,2,1,16,0,0,0,0,False,sem_relacionamento_bancario,0,no_offer,blocked,0,0.0,False
2513,2024-05-05T19:58:00,35,34,4,1,10,0,0,1,1,True,,1,banner_loan_standard,exploitation,0,-0.01,False
2514,2024-05-05T11:48:00,59,53,4,3,35,0,0,1,0,False,sem_relacionamento_bancario,0,no_offer,blocked,0,0.0,False
2515,2024-05-05T12:25:00,36,21,3,2,10,0,0,0,1,False,renda_abaixo_minimo,0,no_offer,blocked,0,0.0,False
2516,2024-05-05T15:15:00,65,113,1,1,39,0,0,1,1,True,,1,banner_loan_standard,exploitation,0,-0.01,False
2517,2024-05-05T19:53:00,58,48,4,2,34,0,0,1,1,True,,1,banner_loan_standard,exploitation,0,-0.01,False
2518,2024-05-05T19:44:00,30,125,4,3,5,0,1,1,0,True,,1,banner_loan_standard,exploration,0,-0.01,False
2519,2024-05-05T21:07:00,50,91,1,3,24,0,0,1,0,False,sem_relacionamento_bancario,0,no_offer,blocked,0,0.0,False
2520,2024-05-05T19:54:00,35,113,3,3,9,0,0,1,0,False,sem_relacionamento_bancario,0,no_offer,blocked,0,0.0,False
2521,2024-05-06T14:21:00,59,108,4,2,35,0,0,1,0,False,sem_relacionamento_bancario,0,no_offer,blocked,0,0.0,False
2522,2024-05-06T16:40:00,33,145,2,1,9,0,0,0,1,True,,1,banner_loan_standard,exploitation,0,-0.01,False
2523,2024-05-06T08:05:00,30,184,1,1,6,0,0,1,0,False,sem_relacionamento_bancario,0,no_offer,blocked,0,0.0,False
2524,2024-05-06T14:50:00,28,34,1,2,4,0,0,1,0,False,sem_relacionamento_bancario,0,no_offer,blocked,0,0.0,False
2525,2024-05-06T14:42:00,39,61,2,3,15,0,0,0,0,False,sem_relacionamento_bancario,0,no_offer,blocked,0,0.0,False
2526,2024-05-06T20:42:00,50,92,1,2,26,0,0,0,1,True,,1,banner_loan_standard,exploitation,0,-0.01,False
2527,2024-05-06T12:56:00,59,174,1,1,35,0,0,1,1,True,,1,banner_loan_standard,exploitation,0,-0.01,False
2528,2024-05-06T20:43:00,34,65,4,1,9,0,0,0,1,True,,0,no_offer,exploration,0,0.0,False
2529,2024-05-06T09:23:00,46,111,1,1,20,0,0,0,0,False,sem_relacionamento_bancario,0,no_offer,blocked,0,0.0,False
2530,2024-05-06T17:06:00,54,29,3,3,24,0,0,0,1,True,,1,banner_loan_standard,exploitation,1,1.0,False
2531,2024-05-06T13:26:00,47,65,1,2,21,1,0,1,0,True,,1,banner_loan_standard,exploitation,0,-0.01,False
2532,2024-05-06T16:52:00,52,35,4,2,27,0,0,1,0,False,sem_relacionamento_bancario,0,no_offer,blocked,0,0.0,False
2533,2024-05-06T20:56:00,24,82,3,1,0,0,0,1,0,False,sem_relacionamento_bancario,0,no_offer,blocked,0,0.0,False
2534,2024-05-06T20:12:00,48,71,1,3,22,0,0,0,1,True,,1,banner_loan_standard,exploitation,0,-0.01,False
2535,2024-05-06T08:22:00,40,19,4,2,16,0,0,1,1,False,renda_abaixo_minimo,0,no_offer,blocked,0,0.0,False
2536,2024-05-06T11:36:00,60,92,2,1,34,0,0,0,0,False,sem_relacionamento_bancario,0,no_offer,blocked,0,0.0,False
2537,2024-05-06T19:40:00,38,90,2,1,14,1,1,1,1,True,,1,banner_loan_standard,exploitation,1,1.0,False
2538,2024-05-06T09:24:00,47,22,1,3,22,0,0,1,0,False,renda_abaixo_minimo,0,no_offer,blocked,0,0.0,False
2539,2024-05-06T17:49:00,29,10,4,1,3,0,0,1,1,False,renda_abaixo_minimo,0,no_offer,blocked,0,0.0,False
2540,2024-05-06T16:05:00,57,30,3,1,31,0,0,0,0,False,sem_relacionamento_bancario,0,no_offer,blocked,0,0.0,False
2541,2024-05-07T18:56:00,40,164,1,2,14,0,0,0,0,False,sem_relacionamento_bancario,0,no_offer,blocked,0,0.0,False
2542,2024-05-07T18:13:00,59,71,2,3,33,0,0,1,1,True,,1,banner_loan_standard,exploitation,1,1.0,False
2543,2024-05-07T09:39:00,30,39,3,2,4,0,0,1,0,False,sem_relacionamento_bancario,0,no_offer,blocked,0,0.0,False
2544,2024-05-07T10:54:00,41,115,1,1,16,0,0,0,0,False,sem_relacionamento_bancario,0,no_offer,blocked,0,0.0,False
2545,2024-05-07T12:34:00,39,39,2,3,13,0,0,0,0,False,sem_relacionamento_bancario,0,no_offer,blocked,0,0.0,False
2546,2024-05-07T08:23:00,38,39,2,1,12,0,0,1,0,False,sem_relacionamento_bancario,0,no_offer,blocked,0,0.0,False
2547,2024-05-07T20:23:00,25,113,3,1,1,0,0,0,1,True,,1,banner_loan_standard,exploration,0,-0.01,False
2548,2024-05-07T20:34:00,57,19,4,2,32,0,0,1,0,False,renda_abaixo_minimo,0,no_offer,blocked,0,0.0,False
2549,2024-05-07T21:00:00,65,35,1,3,39,0,0,0,0,False,sem_relacionamento_bancario,0,no_offer,blocked,0,0.0,False
2550,2024-05-07T11:24:00,51,69,3,2,26,0,0,1,0,False,sem_relacionamento_bancario,0,no_offer,blocked,0,0.0,False
2551,2024-05-07T20:48:00,44,75,4,1,20,0,0,0,0,False,sem_relacionamento_bancario,0,no_offer,blocked,0,0.0,False
2552,2024-05-07T19:42:00,61,155,1,1,37,0,0,1,0,False,sem_relacionamento_bancario,0,no_offer,blocked,0,0.0,False
2553,2024-05-07T20:18:00,57,41,1,1,31,0,0,1,1,True,,1,banner_loan_standard,exploitation,0,-0.01,False
2554,2024-05-07T13:50:00,42,113,3,1,17,1,0,1,0,True,,1,banner_loan_standard,exploitation,0,-0.01,False
2555,2024-05-07T16:00:00,28,115,1,1,3,0,0,1,0,False,sem_relacionamento_bancario,0,no_offer,blocked,0,0.0,False
2556,2024-05-07T17:18:00,37,52,2,2,12,0,0,1,0,False,sem_relacionamento_bancario,0,no_offer,blocked,0,0.0,False
2557,2024-05-07T08:33:00,39,25,2,3,13,0,0,0,0,False,sem_relacionamento_bancario,0,no_offer,blocked,0,0.0,False
2558,2024-05-07T19:39:00,55,38,3,2,28,0,0,1,0,False,sem_relacionamento_bancario,0,no_offer,blocked,0,0.0,False
2559,2024-05-07T14:17:00,50,124,1,1,24,0,0,1,0,False,sem_relacionamento_bancario,0,no_offer,blocked,0,0.0,False
2560,2024-05-07T13:20:00,39,80,2,2,15,0,0,1,1,True,,1,banner_loan_standard,exploitation,0,-0.01,False
2561,2024-05-08T18:38:00,33,145,2,1,9,0,0,0,1,True,,1,banner_loan_standard,exploitation,0,-0.01,False
2562,2024-05-08T17:09:00,31,65,4,2,5,0,0,1,0,False,sem_relacionamento_bancario,0,no_offer,blocked,0,0.0,False
2563,2024-05-08T19:23:00,34,71,1,1,10,0,0,1,1,True,,1,banner_loan_standard,exploitation,0,-0.01,False
2564,2024-05-08T11:08:00,28,11,1,2,2,0,0,1,1,False,renda_abaixo_minimo,0,no_offer,blocked,0,0.0,False
2565,2024-05-08T15:08:00,42,131,1,1,18,0,0,0,1,True,,1,banner_loan_standard,exploitation,0,-0.01,False
2566,2024-05-08T08:15:00,49,33,1,3,23,0,1,1,1,True,,1,banner_loan_standard,exploitation,0,-0.01,False
2567,2024-05-08T10:56:00,32,84,4,1,8,0,0,1,0,False,sem_relacionamento_bancario,0,no_offer,blocked,0,0.0,False
2568,2024-05-08T11:04:00,60,22,2,1,36,1,1,1,1,False,renda_abaixo_minimo,0,no_offer,blocked,0,0.0,False
2569,2024-05-08T14:04:00,61,30,2,3,35,0,0,1,0,False,sem_relacionamento_bancario,0,no_offer,blocked,0,0.0,False
2570,2024-05-08T11:14:00,29,62,1,1,5,0,0,1,0,False,sem_relacionamento_bancario,0,no_offer,blocked,0,0.0,False
2571,2024-05-08T09:46:00,30,41,4,2,5,0,0,1,0,False,sem_relacionamento_bancario,0,no_offer,blocked,0,0.0,False
2572,2024-05-08T09:28:00,37,22,3,2,11,0,0,1,1,False,renda_abaixo_minimo,0,no_offer,blocked,0,0.0,False
2573,2024-05-08T20:03:00,54,61,1,3,30,0,0,1,0,False,sem_relacionamento_bancario,0,no_offer,blocked,0,0.0,False
2574,2024-05-08T17:44:00,30,30,3,1,4,0,0,1,0,False,sem_relacionamento_bancario,0,no_offer,blocked,0,0.0,False
2575,2024-05-08T15:02:00,33,131,3,3,9,1,0,0,0,True,,1,banner_loan_standard,exploitation,0,-0.01,False
2576,2024-05-08T21:52:00,28,74,2,2,3,1,0,0,0,True,,1,banner_loan_standard,exploration,1,1.0,False
2577,2024-05-08T20:41:00,41,113,1,3,16,0,0,0,1,True,,0,no_offer,exploration,0,0.0,False
2578,2024-05-08T19:36:00,28,48,4,3,2,0,0,1,1,True,,1,banner_loan_standard,exploitation,0,-0.01,False
2579,2024-05-08T17:59:00,27,119,1,1,3,0,0,1,0,False,sem_relacionamento_bancario,0,no_offer,blocked,0,0.0,False
2580,2024-05-08T15:08:00,52,178,1,1,26,0,0,0,0,False,sem_relacionamento_bancario,0,no_offer,blocked,0,0.0,False
2581,2024-05-09T15:59:00,42,49,3,3,18,1,0,1,0,True,,1,banner_loan_standard,exploitation,0,-0.01,False
2582,2024-05-09T14:20:00,52,154,1,3,22,1,1,1,0,True,,1,banner_loan_standard,exploitation,0,-0.01,False
2583,2024-05-09T14:28:00,54,45,4,2,30,0,0,1,0,False,sem_relacionamento_bancario,0,no_offer,blocked,0,0.0,False
2584,2024-05-09T21:25:00,29,149,1,1,5,0,0,1,0,False,sem_relacionamento_bancario,0,no_offer,blocked,0,0.0,False
2585,2024-05-09T10:04:00,54,183,1,1,28,0,0,0,0,False,sem_relacionamento_bancario,0,no_offer,blocked,0,0.0,False
2586,2024-05-09T14:30:00,50,9,1,2,23,0,0,1,0,False,renda_abaixo_minimo,0,no_offer,blocked,0,0.0,False
2587,2024-05-09T19:54:00,38,119,1,2,13,0,1,1,1,True,,1,banner_loan_standard,exploitation,0,-0.01,False
2588,2024-05-09T17:38:00,32,169,1,3,8,1,1,1,0,True,,1,banner_loan_standard,exploration,0,-0.01,False
2589,2024-05-09T19:41:00,57,170,2,2,33,0,0,0,0,False,sem_relacionamento_bancario,0,no_offer,blocked,0,0.0,False
2590,2024-05-09T14:05:00,62,43,4,2,38,0,0,1,0,False,sem_relacionamento_bancario,0,no_offer,blocked,0,0.0,False
2591,2024-05-09T10:57:00,60,50,1,3,36,0,0,1,0,False,sem_relacionamento_bancario,0,no_offer,blocked,0,0.0,False
2592,2024-05-09T10:17:00,58,125,1,1,34,0,0,0,0,False,sem_relacionamento_bancario,0,no_offer,blocked,0,0.0,False
2593,2024-05-09T12:18:00,64,181,2,2,40,0,1,1,1,True,,1,banner_loan_standard,exploitation,1,1.0,False
2594,2024-05-09T21:46:00,55,61,4,2,29,0,0,1,1,True,,1,banner_loan_standard,exploitation,1,1.0,False
2595,2024-05-09T16:03:00,39,54,2,2,14,0,0,0,1,True,,1,banner_loan_standard,exploitation,0,-0.01,False
2596,2024-05-09T16:43:00,47,81,1,1,22,0,0,0,0,False,sem_relacionamento_bancario,0,no_offer,blocked,0,0.0,False
2597,2024-05-09T08:18:00,42,185,3,2,16,1,1,1,1,True,,1,banner_loan_standard,exploitation,0,-0.01,False
2598,2024-05-09T10:48:00,51,71,1,2,27,0,0,0,1,True,,1,banner_loan_standard,exploitation,0,-0.01,False
2599,2024-05-09T16:15:00,59,23,4,2,34,0,0,0,0,False,renda_abaixo_minimo,0,no_offer,blocked,0,0.0,False
2600,2024-05-09T13:39:00,43,123,3,1,19,0,0,1,0,False,sem_relacionamento_bancario,0,no_offer,blocked,0,0.0,False
2601,2024-05-10T10:07:00,55,44,2,2,30,0,0,1,0,False,sem_relacionamento_bancario,0,no_offer,blocked,0,0.0,False
2602,2024-05-10T17:16:00,62,45,3,2,37,0,0,1,1,True,,1,banner_loan_standard,exploration,0,-0.01,False
2603,2024-05-10T20:12:00,31,50,4,3,5,0,0,1,0,False,sem_relacionamento_bancario,0,no_offer,blocked,0,0.0,False
2604,2024-05-10T11:24:00,52,104,2,2,26,0,0,1,1,True,,1,banner_loan_standard,exploitation,0,-0.01,False
2605,2024-05-10T13:23:00,49,38,1,3,24,0,0,0,0,False,sem_relacionamento_bancario,0,no_offer,blocked,0,0.0,False
2606,2024-05-10T09:22:00,46,34,1,1,21,0,0,1,0,False,sem_relacionamento_bancario,0,no_offer,blocked,0,0.0,False
2607,2024-05-10T14:16:00,26,150,2,1,0,0,0,0,1,True,,1,banner_loan_standard,exploitation,0,-0.01,False
2608,2024-05-10T21:23:00,44,84,3,1,18,0,0,0,0,False,sem_relacionamento_bancario,0,no_offer,blocked,0,0.0,False
2609,2024-05-10T21:33:00,58,80,2,3,28,0,0,0,1,True,,1,banner_loan_standard,exploitation,0,-0.01,False
2610,2024-05-10T19:02:00,46,34,1,1,21,0,0,1,0,False,sem_relacionamento_bancario,0,no_offer,blocked,0,0.0,False
2611,2024-05-10T21:50:00,42,74,3,1,17,0,0,0,1,True,,0,no_offer,exploration,0,0.0,False
2612,2024-05-10T15:38:00,57,135,3,2,32,1,1,1,0,True,,1,banner_loan_standard,exploitation,1,1.0,False
2613,2024-05-10T11:47:00,26,71,4,2,0,1,0,1,0,True,,1,banner_loan_standard,exploitation,0,-0.01,False
2614,2024-05-10T13:58:00,52,44,3,2,25,0,0,1,0,False,sem_relacionamento_bancario,0,no_offer,blocked,0,0.0,False
2615,2024-05-10T14:08:00,49,103,3,2,22,0,0,0,0,False,sem_relacionamento_bancario,0,no_offer,blocked,0,0.0,False
2616,2024-05-10T15:55:00,44,33,3,1,18,0,0,1,1,True,,1,banner_loan_standard,exploitation,0,-0.01,False
2617,2024-05-10T13:03:00,56,73,2,1,30,0,0,0,0,False,sem_relacionamento_bancario,0,no_offer,blocked,0,0.0,False
2618,2024-05-10T20:39:00,28,188,2,1,2,1,0,1,0,True,,1,banner_loan_standard,exploitation,0,-0.01,False
2619,2024-05-10T14:26:00,55,103,3,2,31,0,0,0,0,False,sem_relacionamento_bancario,0,no_offer,blocked,0,0.0,False
2620,2024-05-10T08:26:00,33,58,2,1,8,0,0,1,0,False,sem_relacionamento_bancario,0,no_offer,blocked,0,0.0,False
2621,2024-05-11T13:06:00,61,188,1,2,36,0,0,0,0,False,sem_relacionamento_bancario,0,no_offer,blocked,0,0.0,False
2622,2024-05-11T19:22:00,48,94,4,3,22,0,0,1,0,False,sem_relacionamento_bancario,0,no_offer,blocked,0,0.0,False
2623,2024-05-11T17:52:00,57,49,4,1,33,1,1,1,1,True,,0,no_offer,exploration,0,0.0,False
2624,2024-05-11T12:40:00,38,58,3,3,12,0,0,0,1,True,,1,banner_loan_standard,exploitation,0,-0.01,False
2625,2024-05-11T18:16:00,30,78,1,2,5,0,0,1,0,False,sem_relacionamento_bancario,0,no_offer,blocked,0,0.0,False
2626,2024-05-11T10:47:00,61,35,2,3,35,0,0,1,0,False,sem_relacionamento_bancario,0,no_offer,blocked,0,0.0,False
2627,2024-05-11T12:47:00,44,84,3,1,18,0,0,0,0,False,sem_relacionamento_bancario,0,no_offer,blocked,0,0.0,False
2628,2024-05-11T10:51:00,53,30,4,2,28,0,0,1,0,False,sem_relacionamento_bancario,0,no_offer,blocked,0,0.0,False
2629,2024-05-11T21:34:00,28,191,1,1,4,0,0,1,0,False,sem_relacionamento_bancario,0,no_offer,blocked,0,0.0,False
2630,2024-05-11T11:13:00,43,35,3,1,19,0,0,1,0,False,sem_relacionamento_bancario,0,no_offer,blocked,0,0.0,False
2631,2024-05-11T20:30:00,53,41,2,1,29,0,0,1,0,False,sem_relacionamento_bancario,0,no_offer,blocked,0,0.0,False
2632,2024-05-11T14:17:00,55,28,2,2,29,0,0,1,1,True,,1,banner_loan_standard,exploration,0,-0.01,False
2633,2024-05-11T09:53:00,62,15,3,3,37,0,0,0,0,False,renda_abaixo_minimo,0,no_offer,blocked,0,0.0,False
2634,2024-05-11T21:49:00,32,13,4,1,6,1,1,1,1,False,renda_abaixo_minimo,0,no_offer,blocked,0,0.0,False
2635,2024-05-11T13:26:00,42,145,2,1,18,0,0,0,0,False,sem_relacionamento_bancario,0,no_offer,blocked,0,0.0,False
2636,2024-05-11T15:14:00,46,72,2,3,20,0,0,1,1,True,,1,banner_loan_standard,exploitation,0,-0.01,False
2637,2024-05-11T10:46:00,63,84,4,2,37,0,0,1,0,False,sem_relacionamento_bancario,0,no_offer,blocked,0,0.0,False
2638,2024-05-11T20:40:00,43,58,1,1,18,0,0,0,0,False,sem_relacionamento_bancario,0,no_offer,blocked,0,0.0,False
2639,2024-05-11T09:23:00,46,42,4,3,21,0,0,1,0,False,sem_relacionamento_bancario,0,no_offer,blocked,0,0.0,False
2640,2024-05-11T15:31:00,53,61,4,2,29,0,0,1,0,False,sem_relacionamento_bancario,0,no_offer,blocked,0,0.0,False
2641,2024-05-12T11:48:00,62,44,1,2,38,0,0,0,1,True,,1,banner_loan_standard,exploitation,0,-0.01,False
2642,2024-05-12T20:00:00,63,15,1,2,37,0,0,1,0,False,renda_abaixo_minimo,0,no_offer,blocked,0,0.0,False
2643,2024-05-12T09:14:00,36,85,3,3,11,0,0,1,0,False,sem_relacionamento_bancario,0,no_offer,blocked,0,0.0,False
2644,2024-05-12T09:17:00,46,70,4,1,22,0,0,0,1,True,,1,banner_loan_standard,exploitation,0,-0.01,False
2645,2024-05-12T20:24:00,33,80,4,1,9,0,0,1,1,True,,1,banner_loan_standard,exploitation,0,-0.01,False
2646,2024-05-12T13:13:00,51,19,1,1,27,0,0,0,0,False,renda_abaixo_minimo,0,no_offer,blocked,0,0.0,False
2647,2024-05-12T08:36:00,29,83,4,2,4,0,0,1,1,True,,1,banner_loan_standard,exploitation,0,-0.01,False
2648,2024-05-12T21:24:00,56,25,1,2,32,0,0,1,0,False,sem_relacionamento_bancario,0,no_offer,blocked,0,0.0,False
2649,2024-05-12T12:52:00,49,130,4,1,24,0,1,1,0,True,,1,banner_loan_standard,exploitation,0,-0.01,False
2650,2024-05-12T13:34:00,35,55,4,1,10,0,0,0,0,False,sem_relacionamento_bancario,0,no_offer,blocked,0,0.0,False
2651,2024-05-12T12:15:00,63,28,2,2,38,0,0,1,0,False,sem_relacionamento_bancario,0,no_offer,blocked,0,0.0,False
2652,2024-05-12T09:57:00,37,22,3,2,11,0,0,0,0,False,renda_abaixo_minimo,0,no_offer,blocked,0,0.0,False
2653,2024-05-12T08:42:00,53,145,1,1,27,0,0,0,0,False,sem_relacionamento_bancario,0,no_offer,blocked,0,0.0,False
2654,2024-05-12T09:03:00,65,78,3,3,41,0,1,1,1,True,,1,banner_loan_standard,exploitation,0,-0.01,False
2655,2024-05-12T12:38:00,31,54,4,2,5,0,0,0,0,False,sem_relacionamento_bancario,0,no_offer,blocked,0,0.0,False
2656,2024-05-12T09:29:00,26,172,2,2,2,0,0,1,0,False,sem_relacionamento_bancario,0,no_offer,blocked,0,0.0,False
2657,2024-05-12T13:16:00,38,41,4,1,13,0,0,1,0,False,sem_relacionamento_bancario,0,no_offer,blocked,0,0.0,False
2658,2024-05-12T14:24:00,44,30,1,3,19,0,0,1,0,False,sem_relacionamento_bancario,0,no_offer,blocked,0,0.0,False
2659,2024-05-12T12:04:00,51,80,1,1,25,0,0,0,0,False,sem_relacionamento_bancario,0,no_offer,blocked,0,0.0,False
2660,2024-05-12T11:15:00,52,19,1,3,26,0,0,1,0,False,renda_abaixo_minimo,0,no_offer,blocked,0,0.0,False
2661,2024-05-13T16:04:00,33,139,1,3,7,0,1,1,1,True,,1,banner_loan_standard,exploitation,0,-0.01,False
2662,2024-05-13T18:35:00,31,72,4,2,5,0,0,1,1,True,,1,banner_loan_standard,exploitation,1,1.0,False
2663,2024-05-13T09:54:00,57,55,3,1,31,0,1,1,1,True,,1,banner_loan_standard,exploitation,0,-0.01,False
2664,2024-05-13T20:37:00,56,55,1,1,30,0,0,1,0,False,sem_relacionamento_bancario,0,no_offer,blocked,0,0.0,False
2665,2024-05-13T14:00:00,55,41,2,3,30,0,0,1,1,True,,1,banner_loan_standard,exploitation,0,-0.01,False
2666,2024-05-13T11:03:00,55,153,2,2,30,1,1,1,0,True,,1,banner_loan_standard,exploitation,0,-0.01,False
2667,2024-05-13T20:17:00,47,22,1,3,22,0,0,1,0,False,renda_abaixo_minimo,0,no_offer,blocked,0,0.0,False
2668,2024-05-13T18:42:00,45,70,3,1,19,0,0,1,0,False,sem_relacionamento_bancario,0,no_offer,blocked,0,0.0,False
2669,2024-05-13T17:40:00,61,39,4,1,37,0,0,1,1,True,,1,banner_loan_standard,exploitation,0,-0.01,False
2670,2024-05-13T14:35:00,62,45,4,2,38,0,0,1,0,False,sem_relacionamento_bancario,0,no_offer,blocked,0,0.0,False
2671,2024-05-13T09:22:00,57,74,4,1,32,0,0,0,1,True,,1,banner_loan_standard,exploitation,1,1.0,False
2672,2024-05-13T08:12:00,35,43,4,2,9,1,0,1,0,True,,1,banner_loan_standard,exploitation,0,-0.01,False
2673,2024-05-13T15:17:00,60,33,2,2,35,0,0,1,0,False,sem_relacionamento_bancario,0,no_offer,blocked,0,0.0,False
2674,2024-05-13T13:12:00,55,84,2,3,30,0,0,0,0,False,sem_relacionamento_bancario,0,no_offer,blocked,0,0.0,False
2675,2024-05-13T08:36:00,34,40,2,3,8,0,0,0,0,False,sem_relacionamento_bancario,0,no_offer,blocked,0,0.0,False
2676,2024-05-13T18:38:00,43,22,2,2,18,0,0,0,0,False,renda_abaixo_minimo,0,no_offer,blocked,0,0.0,False
2677,2024-05-13T20:41:00,64,138,2,2,37,0,0,1,0,False,sem_relacionamento_bancario,0,no_offer,blocked,0,0.0,False
2678,2024-05-13T08:14:00,41,63,2,1,17,0,0,0,0,False,sem_relacionamento_bancario,0,no_offer,blocked,0,0.0,False
2679,2024-05-13T09:22:00,57,19,1,1,32,0,0,1,0,False,renda_abaixo_minimo,0,no_offer,blocked,0,0.0,False
2680,2024-05-13T13:50:00,61,81,3,2,36,0,0,1,0,False,sem_relacionamento_bancario,0,no_offer,blocked,0,0.0,False
2681,2024-05-14T10:06:00,26,132,3,3,0,0,0,0,1,True,,1,banner_loan_standard,exploration,0,-0.01,False
2682,2024-05-14T15:17:00,51,21,2,3,25,1,0,1,0,False,renda_abaixo_minimo,0,no_offer,blocked,0,0.0,False
2683,2024-05-14T17:06:00,64,23,3,1,39,1,0,0,0,False,renda_abaixo_minimo,0,no_offer,blocked,0,0.0,False
2684,2024-05-14T08:03:00,29,80,2,2,5,0,0,1,1,True,,1,banner_loan_standard,exploitation,0,-0.01,False
2685,2024-05-14T18:28:00,40,85,4,3,16,0,0,1,1,True,,1,banner_loan_standard,exploitation,0,-0.01,False
2686,2024-05-14T12:25:00,30,121,2,1,5,0,0,1,0,False,sem_relacionamento_bancario,0,no_offer,blocked,0,0.0,False
2687,2024-05-14T21:08:00,57,24,2,3,32,0,0,1,0,False,renda_abaixo_minimo,0,no_offer,blocked,0,0.0,False
2688,2024-05-14T15:50:00,33,130,3,2,8,0,0,0,1,True,,1,banner_loan_standard,exploration,0,-0.01,False
2689,2024-05-14T13:07:00,65,105,1,2,41,1,1,1,0,True,,1,banner_loan_standard,exploration,0,-0.01,False
2690,2024-05-14T15:46:00,34,41,1,1,10,0,0,0,1,True,,1,banner_loan_standard,exploitation,0,-0.01,False
2691,2024-05-14T14:59:00,44,201,2,1,19,0,0,1,1,True,,1,banner_loan_standard,exploration,0,-0.01,False
2692,2024-05-14T10:29:00,66,18,3,1,41,0,0,0,1,False,renda_abaixo_minimo,0,no_offer,blocked,0,0.0,False
2693,2024-05-14T21:28:00,52,93,4,2,27,0,0,0,1,True,,1,banner_loan_standard,exploitation,0,-0.01,False
2694,2024-05-14T10:40:00,41,140,1,1,17,0,0,0,0,False,sem_relacionamento_bancario,0,no_offer,blocked,0,0.0,False
2695,2024-05-14T17:33:00,49,13,3,1,25,0,0,1,0,False,renda_abaixo_minimo,0,no_offer,blocked,0,0.0,False
2696,2024-05-14T09:54:00,35,85,4,3,10,0,0,0,1,True,,1,banner_loan_standard,exploitation,0,-0.01,False
2697,2024-05-14T14:24:00,56,81,2,3,26,0,0,0,1,True,,1,banner_loan_standard,exploitation,0,-0.01,False
2698,2024-05-14T21:55:00,56,82,4,3,31,0,0,1,0,False,sem_relacionamento_bancario,0,no_offer,blocked,0,0.0,False
2699,2024-05-14T13:02:00,44,162,4,1,18,0,0,0,0,False,sem_relacionamento_bancario,0,no_offer,blocked,0,0.0,False
2700,2024-05-14T19:33:00,46,144,2,1,22,0,0,1,1,True,,1,banner_loan_standard,exploitation,0,-0.01,False
2701,2024-05-15T11:20:00,53,95,4,2,29,0,0,1,1,True,,1,banner_loan_standard,exploitation,0,-0.01,False
2702,2024-05-15T20:05:00,51,78,1,2,24,0,0,1,0,False,sem_relacionamento_bancario,0,no_offer,blocked,0,0.0,False
2703,2024-05-15T12:00:00,50,42,1,2,26,0,0,1,0,False,sem_relacionamento_bancario,0,no_offer,blocked,0,0.0,False
2704,2024-05-15T10:00:00,51,43,1,2,26,0,0,1,0,False,sem_relacionamento_bancario,0,no_offer,blocked,0,0.0,False
2705,2024-05-15T18:20:00,48,84,3,1,24,0,0,1,0,False,sem_relacionamento_bancario,0,no_offer,blocked,0,0.0,False
2706,2024-05-15T12:15:00,45,80,3,2,18,0,0,0,0,False,sem_relacionamento_bancario,0,no_offer,blocked,0,0.0,False
2707,2024-05-15T19:58:00,64,73,3,1,39,0,0,1,0,False,sem_relacionamento_bancario,0,no_offer,blocked,0,0.0,False
2708,2024-05-15T20:53:00,53,8,1,2,26,0,0,0,1,False,renda_abaixo_minimo,0,no_offer,blocked,0,0.0,False
2709,2024-05-15T15:25:00,31,72,3,1,5,0,0,1,0,False,sem_relacionamento_bancario,0,no_offer,blocked,0,0.0,False
2710,2024-05-15T19:00:00,47,12,4,2,23,0,0,0,0,False,renda_abaixo_minimo,0,no_offer,blocked,0,0.0,False
2711,2024-05-15T11:09:00,50,23,2,2,23,1,0,0,0,False,renda_abaixo_minimo,0,no_offer,blocked,0,0.0,False
2712,2024-05-15T18:16:00,29,134,4,3,0,0,0,0,0,False,sem_relacionamento_bancario,0,no_offer,blocked,0,0.0,False
2713,2024-05-15T19:52:00,31,54,2,2,4,0,0,0,1,True,,1,banner_loan_standard,exploitation,0,-0.01,False
2714,2024-05-15T14:43:00,45,20,1,3,15,0,0,1,0,False,renda_abaixo_minimo,0,no_offer,blocked,0,0.0,False
2715,2024-05-15T11:13:00,45,85,4,2,20,1,0,1,0,True,,1,banner_loan_standard,exploitation,0,-0.01,False
2716,2024-05-15T10:01:00,60,145,4,1,36,0,0,0,1,True,,1,banner_loan_standard,exploitation,0,-0.01,False
2717,2024-05-15T17:49:00,27,103,1,1,2,0,0,1,0,False,sem_relacionamento_bancario,0,no_offer,blocked,0,0.0,False
2718,2024-05-15T13:21:00,28,103,2,1,4,0,0,1,1,True,,1,banner_loan_standard,exploitation,0,-0.01,False
2719,2024-05-15T16:19:00,39,42,1,3,14,0,0,1,0,False,sem_relacionamento_bancario,0,no_offer,blocked,0,0.0,False
2720,2024-05-15T08:53:00,49,68,1,2,24,0,0,0,0,False,sem_relacionamento_bancario,0,no_offer,blocked,0,0.0,False
2721,2024-05-16T12:57:00,52,62,1,3,28,0,0,1,0,False,sem_relacionamento_bancario,0,no_offer,blocked,0,0.0,False
2722,2024-05-16T13:18:00,61,38,2,3,35,0,0,0,0,False,sem_relacionamento_bancario,0,no_offer,blocked,0,0.0,False
2723,2024-05-16T09:05:00,30,15,4,1,4,0,0,1,0,False,renda_abaixo_minimo,0,no_offer,blocked,0,0.0,False
2724,2024-05-16T20:32:00,33,101,1,2,7,0,0,0,0,False,sem_relacionamento_bancario,0,no_offer,blocked,0,0.0,False
2725,2024-05-16T14:22:00,47,24,4,2,22,0,0,1,0,False,renda_abaixo_minimo,0,no_offer,blocked,0,0.0,False
2726,2024-05-16T17:12:00,29,153,2,1,3,0,0,0,0,False,sem_relacionamento_bancario,0,no_offer,blocked,0,0.0,False
2727,2024-05-16T14:14:00,38,12,2,2,13,1,0,1,0,False,renda_abaixo_minimo,0,no_offer,blocked,0,0.0,False
2728,2024-05-16T19:26:00,56,53,2,3,31,0,0,0,0,False,sem_relacionamento_bancario,0,no_offer,blocked,0,0.0,False
2729,2024-05-16T17:32:00,47,71,1,3,23,0,0,1,0,False,sem_relacionamento_bancario,0,no_offer,blocked,0,0.0,False
2730,2024-05-16T11:44:00,39,178,1,1,14,0,0,1,0,False,sem_relacionamento_bancario,0,no_offer,blocked,0,0.0,False
2731,2024-05-16T12:01:00,24,82,2,3,-2,0,0,1,1,True,,1,banner_loan_standard,exploitation,1,1.0,False
2732,2024-05-16T14:37:00,44,62,3,3,20,0,0,0,1,True,,1,banner_loan_standard,exploitation,1,1.0,False
2733,2024-05-16T14:15:00,26,40,1,3,2,0,0,1,0,False,sem_relacionamento_bancario,0,no_offer,blocked,0,0.0,False
2734,2024-05-16T21:28:00,44,38,2,3,20,0,0,1,0,False,sem_relacionamento_bancario,0,no_offer,blocked,0,0.0,False
2735,2024-05-16T14:28:00,32,128,2,1,8,0,1,1,1,True,,1,banner_loan_standard,exploitation,0,-0.01,False
2736,2024-05-16T09:32:00,33,39,2,3,7,0,0,0,0,False,sem_relacionamento_bancario,0,no_offer,blocked,0,0.0,False
2737,2024-05-16T10:57:00,39,71,3,1,13,1,0,1,0,True,,1,banner_loan_standard,exploitation,0,-0.01,False
2738,2024-05-16T09:42:00,39,10,2,2,14,1,0,0,1,False,renda_abaixo_minimo,0,no_offer,blocked,0,0.0,False
2739,2024-05-16T14:40:00,27,20,4,1,3,0,0,0,0,False,renda_abaixo_minimo,0,no_offer,blocked,0,0.0,False
2740,2024-05-16T08:13:00,38,143,1,1,13,0,0,0,0,False,sem_relacionamento_bancario,0,no_offer,blocked,0,0.0,False
2741,2024-05-17T11:31:00,61,20,2,3,37,0,0,1,0,False,renda_abaixo_minimo,0,no_offer,blocked,0,0.0,False
2742,2024-05-17T13:38:00,51,21,4,1,26,0,0,1,0,False,renda_abaixo_minimo,0,no_offer,blocked,0,0.0,False
2743,2024-05-17T21:35:00,51,90,1,2,26,0,0,1,1,True,,1,banner_loan_standard,exploitation,0,-0.01,False
2744,2024-05-17T12:59:00,48,29,1,1,24,0,0,0,0,False,sem_relacionamento_bancario,0,no_offer,blocked,0,0.0,False
2745,2024-05-17T17:50:00,44,62,2,1,20,1,0,1,0,True,,1,banner_loan_standard,exploration,0,-0.01,False
2746,2024-05-17T19:55:00,46,53,4,3,21,0,0,0,0,False,sem_relacionamento_bancario,0,no_offer,blocked,0,0.0,False
2747,2024-05-17T16:31:00,34,89,1,1,9,0,0,1,0,False,sem_relacionamento_bancario,0,no_offer,blocked,0,0.0,False
2748,2024-05-17T21:26:00,53,39,3,1,29,0,0,1,0,False,sem_relacionamento_bancario,0,no_offer,blocked,0,0.0,False
2749,2024-05-17T18:49:00,59,91,2,2,33,0,0,1,1,True,,1,banner_loan_standard,exploitation,0,-0.01,False
2750,2024-05-17T09:06:00,34,82,4,2,7,0,0,1,1,True,,1,banner_loan_standard,exploitation,0,-0.01,False
2751,2024-05-17T20:14:00,51,173,1,2,25,0,0,1,0,False,sem_relacionamento_bancario,0,no_offer,blocked,0,0.0,False
2752,2024-05-17T16:22:00,31,20,2,1,5,0,0,0,0,False,renda_abaixo_minimo,0,no_offer,blocked,0,0.0,False
2753,2024-05-17T17:32:00,64,38,2,1,38,0,0,1,1,True,,1,banner_loan_standard,exploitation,1,1.0,False
2754,2024-05-17T18:09:00,50,32,2,2,25,0,0,1,0,False,sem_relacionamento_bancario,0,no_offer,blocked,0,0.0,False
2755,2024-05-17T12:37:00,52,31,4,2,28,1,0,1,0,True,,1,banner_loan_standard,exploitation,0,-0.01,False
2756,2024-05-17T16:44:00,64,89,1,1,40,0,0,0,0,False,sem_relacionamento_bancario,0,no_offer,blocked,0,0.0,False
2757,2024-05-17T08:16:00,28,85,1,2,3,0,0,1,1,True,,1,banner_loan_standard,exploitation,0,-0.01,False
2758,2024-05-17T15:36:00,55,78,1,3,29,0,0,1,0,False,sem_relacionamento_bancario,0,no_offer,blocked,0,0.0,False
2759,2024-05-17T19:23:00,37,69,3,1,11,1,0,0,0,True,,1,banner_loan_standard,exploitation,0,-0.01,False
2760,2024-05-17T12:49:00,26,132,2,3,2,0,0,0,1,True,,1,banner_loan_standard,exploitation,0,-0.01,False
2761,2024-05-18T18:20:00,36,98,3,3,11,1,0,0,1,True,,1,banner_loan_standard,exploitation,0,-0.01,False
2762,2024-05-18T12:17:00,57,163,1,1,33,0,0,1,0,False,sem_relacionamento_bancario,0,no_offer,blocked,0,0.0,False
2763,2024-05-18T14:28:00,55,91,2,1,31,0,0,1,0,False,sem_relacionamento_bancario,0,no_offer,blocked,0,0.0,False
2764,2024-05-18T15:09:00,30,51,1,1,5,0,0,1,0,False,sem_relacionamento_bancario,0,no_offer,blocked,0,0.0,False
2765,2024-05-18T11:36:00,63,41,2,1,38,0,0,1,1,True,,1,banner_loan_standard,exploitation,0,-0.01,False
2766,2024-05-18T20:17:00,38,130,4,3,14,0,0,0,0,False,sem_relacionamento_bancario,0,no_offer,blocked,0,0.0,False
2767,2024-05-18T20:30:00,42,131,1,1,18,0,0,0,1,True,,1,banner_loan_standard,exploitation,0,-0.01,False
2768,2024-05-18T11:55:00,48,32,1,1,23,0,0,0,1,True,,0,no_offer,exploration,0,0.0,False
2769,2024-05-18T16:12:00,36,101,3,3,11,1,0,0,1,True,,1,banner_loan_standard,exploitation,0,-0.01,False
2770,2024-05-18T18:14:00,32,42,1,2,8,0,0,0,0,False,sem_relacionamento_bancario,0,no_offer,blocked,0,0.0,False
2771,2024-05-18T19:36:00,51,69,3,2,26,0,0,1,0,False,sem_relacionamento_bancario,0,no_offer,blocked,0,0.0,False
2772,2024-05-18T14:18:00,46,51,4,3,21,0,0,0,0,False,sem_relacionamento_bancario,0,no_offer,blocked,0,0.0,False
2773,2024-05-18T17:51:00,59,58,1,2,35,0,0,1,0,False,sem_relacionamento_bancario,0,no_offer,blocked,0,0.0,False
2774,2024-05-18T21:27:00,28,70,4,1,3,0,0,0,1,True,,1,banner_loan_standard,exploitation,0,-0.01,False
2775,2024-05-18T08:17:00,48,133,2,2,22,0,0,1,0,False,sem_relacionamento_bancario,0,no_offer,blocked,0,0.0,False
2776,2024-05-18T08:41:00,35,52,2,2,8,0,0,0,1,True,,1,banner_loan_standard,exploitation,0,-0.01,False
2777,2024-05-18T10:16:00,35,24,4,2,11,0,0,0,0,False,renda_abaixo_minimo,0,no_offer,blocked,0,0.0,False
2778,2024-05-18T19:32:00,32,128,2,1,8,0,0,1,0,False,sem_relacionamento_bancario,0,no_offer,blocked,0,0.0,False
2779,2024-05-18T19:48:00,63,49,1,1,39,0,0,1,0,False,sem_relacionamento_bancario,0,no_offer,blocked,0,0.0,False
2780,2024-05-18T15:02:00,65,121,2,1,41,0,0,1,0,False,sem_relacionamento_bancario,0,no_offer,blocked,0,0.0,False
2781,2024-05-19T18:48:00,33,39,2,3,7,0,0,0,0,False,sem_relacionamento_bancario,0,no_offer,blocked,0,0.0,False
2782,2024-05-19T11:35:00,39,59,4,3,13,1,0,0,1,True,,1,banner_loan_standard,exploitation,0,-0.01,False
2783,2024-05-19T12:53:00,24,44,4,1,0,0,0,1,0,False,sem_relacionamento_bancario,0,no_offer,blocked,0,0.0,False
2784,2024-05-19T14:45:00,66,35,1,2,42,0,0,1,0,False,sem_relacionamento_bancario,0,no_offer,blocked,0,0.0,False
2785,2024-05-19T21:35:00,49,109,2,1,25,0,0,0,0,False,sem_relacionamento_bancario,0,no_offer,blocked,0,0.0,False
2786,2024-05-19T15:53:00,42,54,1,1,18,0,0,1,0,False,sem_relacionamento_bancario,0,no_offer,blocked,0,0.0,False
2787,2024-05-19T17:53:00,41,119,2,1,17,1,0,1,0,True,,1,banner_loan_standard,exploitation,1,1.0,False
2788,2024-05-19T17:07:00,48,78,4,3,23,0,0,1,0,False,sem_relacionamento_bancario,0,no_offer,blocked,0,0.0,False
2789,2024-05-19T20:38:00,55,54,2,3,29,0,0,0,0,False,sem_relacionamento_bancario,0,no_offer,blocked,0,0.0,False
2790,2024-05-19T14:40:00,42,49,3,3,18,1,0,1,0,True,,1,banner_loan_standard,exploitation,0,-0.01,False
2791,2024-05-19T21:06:00,52,33,2,2,27,0,0,0,1,True,,1,banner_loan_standard,exploitation,1,1.0,False
2792,2024-05-19T11:02:00,26,35,2,2,1,0,0,0,1,True,,1,banner_loan_standard,exploitation,1,1.0,False
2793,2024-05-19T18:01:00,59,121,1,1,35,0,0,0,1,True,,1,banner_loan_standard,exploitation,0,-0.01,False
2794,2024-05-19T21:43:00,32,25,3,1,6,0,0,1,0,False,sem_relacionamento_bancario,0,no_offer,blocked,0,0.0,False
2795,2024-05-19T21:48:00,46,74,3,1,22,0,0,1,0,False,sem_relacionamento_bancario,0,no_offer,blocked,0,0.0,False
2796,2024-05-19T20:13:00,30,35,4,1,4,0,0,1,1,True,,1,banner_loan_standard,exploitation,0,-0.01,False
2797,2024-05-19T15:33:00,63,153,1,1,38,0,0,0,0,False,sem_relacionamento_bancario,0,no_offer,blocked,0,0.0,False
2798,2024-05-19T19:25:00,46,83,3,1,22,0,0,0,0,False,sem_relacionamento_bancario,0,no_offer,blocked,0,0.0,False
2799,2024-05-19T15:01:00,32,79,2,3,6,0,0,1,1,True,,1,banner_loan_standard,exploitation,0,-0.01,False
2800,2024-05-19T17:08:00,53,19,4,1,28,0,0,0,1,False,renda_abaixo_minimo,0,no_offer,blocked,0,0.0,False
2801,2024-05-20T08:47:00,41,25,2,2,16,1,0,0,0,True,,1,banner_loan_standard,exploitation,0,-0.01,False
2802,2024-05-20T19:01:00,45,83,2,2,19,0,0,1,0,False,sem_relacionamento_bancario,0,no_offer,blocked,0,0.0,False
2803,2024-05-20T11:19:00,28,114,2,1,4,0,0,1,0,False,sem_relacionamento_bancario,0,no_offer,blocked,0,0.0,False
2804,2024-05-20T18:45:00,61,152,3,3,35,0,0,1,0,False,sem_relacionamento_bancario,0,no_offer,blocked,0,0.0,False
2805,2024-05-20T10:54:00,36,9,4,3,11,0,0,0,1,False,renda_abaixo_minimo,0,no_offer,blocked,0,0.0,False
2806,2024-05-20T19:39:00,58,53,4,1,33,0,0,1,0,False,sem_relacionamento_bancario,0,no_offer,blocked,0,0.0,False
2807,2024-05-20T10:33:00,40,44,1,1,16,1,0,1,0,True,,1,banner_loan_standard,exploitation,0,-0.01,False
2808,2024-05-20T19:45:00,29,10,4,1,3,0,0,1,1,False,renda_abaixo_minimo,0,no_offer,blocked,0,0.0,False
2809,2024-05-20T13:12:00,49,81,2,3,23,0,0,0,0,False,sem_relacionamento_bancario,0,no_offer,blocked,0,0.0,False
2810,2024-05-20T19:51:00,57,74,4,1,32,0,0,0,1,True,,1,banner_loan_standard,exploitation,1,1.0,False
2811,2024-05-20T10:39:00,64,32,2,1,38,0,0,1,1,True,,1,banner_loan_standard,exploitation,0,-0.01,False
2812,2024-05-20T14:31:00,63,103,1,1,38,0,0,1,0,False,sem_relacionamento_bancario,0,no_offer,blocked,0,0.0,False
2813,2024-05-20T10:05:00,56,158,3,3,32,0,0,1,0,False,sem_relacionamento_bancario,0,no_offer,blocked,0,0.0,False
2814,2024-05-20T11:26:00,45,83,2,2,19,0,0,1,0,False,sem_relacionamento_bancario,0,no_offer,blocked,0,0.0,False
2815,2024-05-20T12:42:00,33,182,1,1,8,0,0,0,0,False,sem_relacionamento_bancario,0,no_offer,blocked,0,0.0,False
2816,2024-05-20T18:04:00,52,93,4,2,27,0,0,0,1,True,,0,no_offer,exploration,0,0.0,False
2817,2024-05-20T18:14:00,38,129,4,3,13,0,0,1,0,False,sem_relacionamento_bancario,0,no_offer,blocked,0,0.0,False
2818,2024-05-20T10:57:00,49,80,1,1,24,0,0,1,0,False,sem_relacionamento_bancario,0,no_offer,blocked,0,0.0,False
2819,2024-05-20T16:14:00,49,25,4,1,25,0,0,1,1,True,,1,banner_loan_standard,exploitation,0,-0.01,False
2820,2024-05-20T10:28:00,35,68,4,3,5,0,0,0,0,False,sem_relacionamento_bancario,0,no_offer,blocked,0,0.0,False
2821,2024-05-21T13:16:00,64,50,4,3,34,0,0,1,0,False,sem_relacionamento_bancario,0,no_offer,blocked,0,0.0,False
2822,2024-05-21T17:20:00,29,121,2,1,3,0,0,0,0,False,sem_relacionamento_bancario,0,no_offer,blocked,0,0.0,False
2823,2024-05-21T15:20:00,54,69,3,3,24,0,0,1,0,False,sem_relacionamento_bancario,0,no_offer,blocked,0,0.0,False
2824,2024-05-21T16:10:00,62,42,1,3,36,0,0,1,0,False,sem_relacionamento_bancario,0,no_offer,blocked,0,0.0,False
2825,2024-05-21T13:07:00,32,84,4,2,6,0,0,0,0,False,sem_relacionamento_bancario,0,no_offer,blocked,0,0.0,False
2826,2024-05-21T17:23:00,59,24,2,3,34,0,0,1,0,False,renda_abaixo_minimo,0,no_offer,blocked,0,0.0,False
2827,2024-05-21T20:34:00,57,25,2,2,31,0,0,0,0,False,sem_relacionamento_bancario,0,no_offer,blocked,0,0.0,False
2828,2024-05-21T17:11:00,47,61,3,2,22,0,0,1,1,True,,1,banner_loan_standard,exploitation,0,-0.01,False
2829,2024-05-21T21:33:00,32,61,3,1,7,0,0,1,1,True,,0,no_offer,exploration,0,0.0,False
2830,2024-05-21T10:30:00,50,115,1,3,26,0,0,0,1,True,,1,banner_loan_standard,exploration,1,1.0,False
2831,2024-05-21T10:00:00,40,179,1,3,14,0,0,1,0,False,sem_relacionamento_bancario,0,no_offer,blocked,0,0.0,False
2832,2024-05-21T19:38:00,36,40,2,2,9,0,0,1,0,False,sem_relacionamento_bancario,0,no_offer,blocked,0,0.0,False
2833,2024-05-21T17:20:00,37,59,1,3,13,0,0,0,1,True,,1,banner_loan_standard,exploitation,0,-0.01,False
2834,2024-05-21T13:56:00,34,49,1,3,9,0,0,0,0,False,sem_relacionamento_bancario,0,no_offer,blocked,0,0.0,False
2835,2024-05-21T11:17:00,54,31,2,3,28,0,0,0,0,False,sem_relacionamento_bancario,0,no_offer,blocked,0,0.0,False
2836,2024-05-21T12:18:00,49,30,4,1,25,0,0,0,0,False,sem_relacionamento_bancario,0,no_offer,blocked,0,0.0,False
2837,2024-05-21T09:05:00,41,42,4,2,17,1,0,1,0,True,,1,banner_loan_standard,exploitation,0,-0.01,False
2838,2024-05-21T15:50:00,54,43,3,2,27,0,0,0,0,False,sem_relacionamento_bancario,0,no_offer,blocked,0,0.0,False
2839,2024-05-21T18:56:00,51,148,1,1,25,0,0,0,0,False,sem_relacionamento_bancario,0,no_offer,blocked,0,0.0,False
2840,2024-05-21T15:57:00,60,145,4,1,36,0,0,0,1,True,,1,banner_loan_standard,exploitation,0,-0.01,False
2841,2024-05-22T18:59:00,41,80,1,1,17,0,0,0,0,False,sem_relacionamento_bancario,0,no_offer,blocked,0,0.0,False
2842,2024-05-22T11:47:00,39,59,3,3,13,1,0,1,0,True,,1,banner_loan_standard,exploitation,0,-0.01,False
2843,2024-05-22T17:11:00,34,92,2,1,10,1,1,0,1,True,,0,no_offer,exploration,0,0.0,False
2844,2024-05-22T20:13:00,34,41,1,1,9,0,0,1,0,False,sem_relacionamento_bancario,0,no_offer,blocked,0,0.0,False
2845,2024-05-22T13:49:00,43,70,3,1,19,0,0,1,0,False,sem_relacionamento_bancario,0,no_offer,blocked,0,0.0,False
2846,2024-05-22T12:21:00,49,125,1,1,23,0,0,0,0,False,sem_relacionamento_bancario,0,no_offer,blocked,0,0.0,False
2847,2024-05-22T14:19:00,33,53,1,1,9,0,0,0,1,True,,1,banner_loan_standard,exploitation,0,-0.01,False
2848,2024-05-22T08:25:00,34,43,1,1,10,0,0,0,1,True,,1,banner_loan_standard,exploitation,0,-0.01,False
2849,2024-05-22T13:37:00,57,15,2,3,32,0,0,0,1,False,renda_abaixo_minimo,0,no_offer,blocked,0,0.0,False
2850,2024-05-22T13:43:00,62,44,2,3,36,0,0,0,0,False,sem_relacionamento_bancario,0,no_offer,blocked,0,0.0,False
2851,2024-05-22T21:57:00,43,28,3,1,19,0,0,1,1,True,,1,banner_loan_standard,exploitation,0,-0.01,False
2852,2024-05-22T13:16:00,36,55,1,1,10,0,0,1,0,False,sem_relacionamento_bancario,0,no_offer,blocked,0,0.0,False
2853,2024-05-22T10:49:00,55,81,3,1,31,0,0,1,0,False,sem_relacionamento_bancario,0,no_offer,blocked,0,0.0,False
2854,2024-05-22T13:23:00,50,18,1,2,23,0,0,1,1,False,renda_abaixo_minimo,0,no_offer,blocked,0,0.0,False
2855,2024-05-22T10:09:00,53,174,1,2,27,0,0,1,0,False,sem_relacionamento_bancario,0,no_offer,blocked,0,0.0,False
2856,2024-05-22T15:07:00,34,41,4,1,8,0,0,0,0,False,sem_relacionamento_bancario,0,no_offer,blocked,0,0.0,False
2857,2024-05-22T12:55:00,56,51,4,1,32,0,0,0,0,False,sem_relacionamento_bancario,0,no_offer,blocked,0,0.0,False
2858,2024-05-22T13:20:00,63,40,4,2,39,0,0,1,0,False,sem_relacionamento_bancario,0,no_offer,blocked,0,0.0,False
2859,2024-05-22T16:38:00,34,78,3,2,9,0,0,1,0,False,sem_relacionamento_bancario,0,no_offer,blocked,0,0.0,False
2860,2024-05-22T15:32:00,31,18,1,3,7,0,0,1,0,False,renda_abaixo_minimo,0,no_offer,blocked,0,0.0,False
2861,2024-05-23T18:17:00,51,43,1,2,26,0,0,1,0,False,sem_relacionamento_bancario,0,no_offer,blocked,0,0.0,False
2862,2024-05-23T15:27:00,58,65,3,1,32,0,0,1,0,False,sem_relacionamento_bancario,0,no_offer,blocked,0,0.0,False
2863,2024-05-23T16:51:00,51,21,4,3,25,0,0,1,1,False,renda_abaixo_minimo,0,no_offer,blocked,0,0.0,False
2864,2024-05-23T19:47:00,38,69,3,2,11,0,0,0,0,False,sem_relacionamento_bancario,0,no_offer,blocked,0,0.0,False
2865,2024-05-23T17:26:00,53,14,2,2,26,0,0,0,0,False,renda_abaixo_minimo,0,no_offer,blocked,0,0.0,False
2866,2024-05-23T17:45:00,58,84,4,2,34,0,0,1,0,False,sem_relacionamento_bancario,0,no_offer,blocked,0,0.0,False
2867,2024-05-23T16:51:00,57,31,3,2,32,0,0,1,0,False,sem_relacionamento_bancario,0,no_offer,blocked,0,0.0,False
2868,2024-05-23T16:10:00,45,42,2,1,21,1,0,1,0,True,,1,banner_loan_standard,exploitation,0,-0.01,False
2869,2024-05-23T14:33:00,63,40,4,3,33,0,0,1,0,False,sem_relacionamento_bancario,0,no_offer,blocked,0,0.0,False
2870,2024-05-23T14:28:00,62,103,2,1,36,1,1,1,0,True,,1,banner_loan_standard,exploitation,0,-0.01,False
2871,2024-05-23T08:20:00,54,29,2,1,30,0,0,0,1,True,,1,banner_loan_standard,exploitation,0,-0.01,False
2872,2024-05-23T09:17:00,54,29,1,2,29,0,0,1,0,False,sem_relacionamento_bancario,0,no_offer,blocked,0,0.0,False
2873,2024-05-23T08:36:00,24,39,2,2,-1,0,0,0,0,False,sem_relacionamento_bancario,0,no_offer,blocked,0,0.0,False
2874,2024-05-23T09:19:00,32,112,1,1,7,0,0,1,0,False,sem_relacionamento_bancario,0,no_offer,blocked,0,0.0,False
2875,2024-05-23T10:50:00,62,129,1,1,37,0,0,1,0,False,sem_relacionamento_bancario,0,no_offer,blocked,0,0.0,False
2876,2024-05-23T21:23:00,67,79,4,2,43,0,1,1,1,True,,1,banner_loan_standard,exploitation,0,-0.01,False
2877,2024-05-23T15:29:00,52,28,1,3,26,0,0,1,0,False,sem_relacionamento_bancario,0,no_offer,blocked,0,0.0,False
2878,2024-05-23T19:52:00,54,72,2,1,29,0,0,1,0,False,sem_relacionamento_bancario,0,no_offer,blocked,0,0.0,False
2879,2024-05-23T17:22:00,56,25,3,2,31,0,0,0,0,False,sem_relacionamento_bancario,0,no_offer,blocked,0,0.0,False
2880,2024-05-23T17:25:00,49,75,1,2,23,0,0,0,1,True,,1,banner_loan_standard,exploitation,0,-0.01,False
2881,2024-05-24T11:32:00,42,78,1,3,17,0,0,1,0,False,sem_relacionamento_bancario,0,no_offer,blocked,0,0.0,False
2882,2024-05-24T11:41:00,31,184,4,2,5,0,1,1,1,True,,1,banner_loan_standard,exploitation,1,1.0,False
2883,2024-05-24T10:17:00,49,25,2,3,24,0,0,1,0,False,sem_relacionamento_bancario,0,no_offer,blocked,0,0.0,False
2884,2024-05-24T12:29:00,47,65,3,2,22,0,0,1,0,False,sem_relacionamento_bancario,0,no_offer,blocked,0,0.0,False
2885,2024-05-24T10:57:00,51,71,1,3,25,0,0,0,0,False,sem_relacionamento_bancario,0,no_offer,blocked,0,0.0,False
2886,2024-05-24T14:58:00,35,29,4,3,10,0,0,1,0,False,sem_relacionamento_bancario,0,no_offer,blocked,0,0.0,False
2887,2024-05-24T13:15:00,32,13,4,1,6,0,0,1,1,False,renda_abaixo_minimo,0,no_offer,blocked,0,0.0,False
2888,2024-05-24T08:11:00,50,94,1,1,24,0,0,1,0,False,sem_relacionamento_bancario,0,no_offer,blocked,0,0.0,False
2889,2024-05-24T15:17:00,39,59,4,3,13,1,0,0,1,True,,1,banner_loan_standard,exploitation,1,1.0,False
2890,2024-05-24T21:53:00,65,55,4,3,35,0,0,1,1,True,,1,banner_loan_standard,exploitation,0,-0.01,False
2891,2024-05-24T17:39:00,43,44,1,1,17,1,1,1,0,True,,1,banner_loan_standard,exploitation,0,-0.01,False
2892,2024-05-24T18:57:00,58,111,2,1,32,0,0,1,0,False,sem_relacionamento_bancario,0,no_offer,blocked,0,0.0,False
2893,2024-05-24T17:11:00,49,23,2,2,22,0,0,1,1,False,renda_abaixo_minimo,0,no_offer,blocked,0,0.0,False
2894,2024-05-24T09:10:00,37,63,3,1,12,0,0,1,0,False,sem_relacionamento_bancario,0,no_offer,blocked,0,0.0,False
2895,2024-05-24T12:21:00,29,41,1,3,3,0,0,1,1,True,,1,banner_loan_standard,exploitation,0,-0.01,False
2896,2024-05-24T19:01:00,61,155,1,1,37,0,0,1,0,False,sem_relacionamento_bancario,0,no_offer,blocked,0,0.0,False
2897,2024-05-24T12:06:00,33,92,3,1,7,0,0,0,0,False,sem_relacionamento_bancario,0,no_offer,blocked,0,0.0,False
2898,2024-05-24T17:25:00,46,89,4,2,22,0,0,1,0,False,sem_relacionamento_bancario,0,no_offer,blocked,0,0.0,False
2899,2024-05-24T15:11:00,41,38,3,2,14,0,0,1,0,False,sem_relacionamento_bancario,0,no_offer,blocked,0,0.0,False
2900,2024-05-24T16:31:00,47,110,2,1,23,0,0,1,1,True,,1,banner_loan_standard,exploration,0,-0.01,False
2901,2024-05-25T12:12:00,26,49,3,2,0,0,0,0,0,False,sem_relacionamento_bancario,0,no_offer,blocked,0,0.0,False
2902,2024-05-25T12:10:00,28,121,2,1,2,0,0,1,0,False,sem_relacionamento_bancario,0,no_offer,blocked,0,0.0,False
2903,2024-05-25T12:45:00,32,35,3,1,7,0,0,0,1,True,,1,banner_loan_standard,exploitation,0,-0.01,False
2904,2024-05-25T14:39:00,28,103,2,1,4,0,0,1,1,True,,1,banner_loan_standard,exploitation,0,-0.01,False
2905,2024-05-25T19:31:00,41,140,1,1,17,0,0,0,0,False,sem_relacionamento_bancario,0,no_offer,blocked,0,0.0,False
2906,2024-05-25T10:14:00,61,53,1,2,35,0,0,1,0,False,sem_relacionamento_bancario,0,no_offer,blocked,0,0.0,False
2907,2024-05-25T13:00:00,31,72,4,2,5,0,0,1,1,True,,0,no_offer,exploration,0,0.0,False
2908,2024-05-25T11:10:00,51,93,1,1,25,0,0,1,0,False,sem_relacionamento_bancario,0,no_offer,blocked,0,0.0,False
2909,2024-05-25T19:25:00,25,30,2,2,0,0,0,0,0,False,sem_relacionamento_bancario,0,no_offer,blocked,0,0.0,False
2910,2024-05-25T20:36:00,27,134,1,2,1,0,0,1,0,False,sem_relacionamento_bancario,0,no_offer,blocked,0,0.0,False
2911,2024-05-25T14:28:00,65,79,3,3,41,0,0,0,0,False,sem_relacionamento_bancario,0,no_offer,blocked,0,0.0,False
2912,2024-05-25T12:47:00,61,131,1,1,36,0,0,1,0,False,sem_relacionamento_bancario,0,no_offer,blocked,0,0.0,False
2913,2024-05-25T14:39:00,45,85,4,2,20,1,0,1,0,True,,1,banner_loan_standard,exploitation,0,-0.01,False
2914,2024-05-25T20:22:00,62,63,1,1,36,0,0,1,0,False,sem_relacionamento_bancario,0,no_offer,blocked,0,0.0,False
2915,2024-05-25T11:39:00,41,104,1,3,16,0,1,1,1,True,,1,banner_loan_standard,exploitation,1,1.0,False
2916,2024-05-25T12:41:00,42,39,1,3,18,0,0,1,0,False,sem_relacionamento_bancario,0,no_offer,blocked,0,0.0,False
2917,2024-05-25T08:27:00,50,84,1,3,25,1,0,1,0,True,,1,banner_loan_standard,exploration,0,-0.01,False
2918,2024-05-25T11:53:00,47,81,4,3,22,0,0,1,1,True,,1,banner_loan_standard,exploitation,0,-0.01,False
2919,2024-05-25T09:45:00,56,38,3,3,26,1,0,1,0,True,,1,banner_loan_standard,exploitation,0,-0.01,False
2920,2024-05-25T09:12:00,30,68,4,2,3,0,0,1,0,False,sem_relacionamento_bancario,0,no_offer,blocked,0,0.0,False
2921,2024-05-26T14:41:00,50,82,1,3,25,0,0,1,0,False,sem_relacionamento_bancario,0,no_offer,blocked,0,0.0,False
2922,2024-05-26T20:47:00,48,152,1,1,22,0,0,0,0,False,sem_relacionamento_bancario,0,no_offer,blocked,0,0.0,False
2923,2024-05-26T17:13:00,57,22,3,2,32,0,0,1,0,False,renda_abaixo_minimo,0,no_offer,blocked,0,0.0,False
2924,2024-05-26T08:06:00,48,74,1,3,22,1,0,0,0,True,,1,banner_loan_standard,exploration,0,-0.01,False
2925,2024-05-26T10:09:00,26,85,2,3,0,0,0,1,1,True,,1,banner_loan_standard,exploitation,0,-0.01,False
2926,2024-05-26T18:56:00,36,91,1,3,10,0,0,1,0,False,sem_relacionamento_bancario,0,no_offer,blocked,0,0.0,False
2927,2024-05-26T13:14:00,62,123,1,1,38,0,0,0,0,False,sem_relacionamento_bancario,0,no_offer,blocked,0,0.0,False
2928,2024-05-26T12:28:00,30,11,1,2,4,0,0,1,1,False,renda_abaixo_minimo,0,no_offer,blocked,0,0.0,False
2929,2024-05-26T10:53:00,54,79,3,3,29,0,0,0,0,False,sem_relacionamento_bancario,0,no_offer,blocked,0,0.0,False
2930,2024-05-26T10:09:00,50,112,1,1,25,0,0,0,0,False,sem_relacionamento_bancario,0,no_offer,blocked,0,0.0,False
2931,2024-05-26T19:53:00,29,81,1,3,3,0,0,0,0,False,sem_relacionamento_bancario,0,no_offer,blocked,0,0.0,False
2932,2024-05-26T15:35:00,31,84,1,3,5,0,0,0,1,True,,1,banner_loan_standard,exploitation,0,-0.01,False
2933,2024-05-26T16:22:00,53,10,2,1,29,0,0,0,0,False,renda_abaixo_minimo,0,no_offer,blocked,0,0.0,False
2934,2024-05-26T19:33:00,54,22,2,1,30,0,0,1,0,False,renda_abaixo_minimo,0,no_offer,blocked,0,0.0,False
2935,2024-05-26T11:36:00,56,50,3,3,26,0,0,0,0,False,sem_relacionamento_bancario,0,no_offer,blocked,0,0.0,False
2936,2024-05-26T10:08:00,62,183,2,3,36,0,0,0,0,False,sem_relacionamento_bancario,0,no_offer,blocked,0,0.0,False
2937,2024-05-26T20:52:00,52,178,1,1,26,0,0,0,0,False,sem_relacionamento_bancario,0,no_offer,blocked,0,0.0,False
2938,2024-05-26T09:42:00,52,44,4,2,28,0,0,1,0,False,sem_relacionamento_bancario,0,no_offer,blocked,0,0.0,False
2939,2024-05-26T14:33:00,42,131,1,1,18,0,0,0,1,True,,1,banner_loan_standard,exploitation,0,-0.01,False
2940,2024-05-26T16:13:00,57,113,1,3,32,0,0,1,0,False,sem_relacionamento_bancario,0,no_offer,blocked,0,0.0,False
2941,2024-05-27T11:28:00,44,199,2,1,20,0,0,1,0,False,sem_relacionamento_bancario,0,no_offer,blocked,0,0.0,False
2942,2024-05-27T16:44:00,59,34,2,1,33,0,0,0,0,False,sem_relacionamento_bancario,0,no_offer,blocked,0,0.0,False
2943,2024-05-27T09:14:00,54,81,1,3,29,0,0,0,0,False,sem_relacionamento_bancario,0,no_offer,blocked,0,0.0,False
2944,2024-05-27T19:41:00,49,22,1,3,23,0,0,0,0,False,renda_abaixo_minimo,0,no_offer,blocked,0,0.0,False
2945,2024-05-27T09:41:00,39,88,4,2,13,0,0,1,1,True,,1,banner_loan_standard,exploitation,0,-0.01,False
2946,2024-05-27T08:47:00,64,95,2,3,40,0,0,1,1,True,,1,banner_loan_standard,exploitation,0,-0.01,False
2947,2024-05-27T18:26:00,45,89,4,3,20,0,0,1,0,False,sem_relacionamento_bancario,0,no_offer,blocked,0,0.0,False
2948,2024-05-27T13:38:00,33,139,1,3,7,0,1,1,1,True,,1,banner_loan_standard,exploitation,0,-0.01,False
2949,2024-05-27T17:48:00,46,9,2,3,21,0,0,1,0,False,renda_abaixo_minimo,0,no_offer,blocked,0,0.0,False
2950,2024-05-27T21:37:00,39,24,1,1,15,0,0,1,1,False,renda_abaixo_minimo,0,no_offer,blocked,0,0.0,False
2951,2024-05-27T18:08:00,35,160,4,3,11,1,0,0,0,True,,1,banner_loan_standard,exploitation,1,1.0,False
2952,2024-05-27T08:23:00,54,53,1,3,28,0,0,1,1,True,,1,banner_loan_standard,exploitation,0,-0.01,False
2953,2024-05-27T15:54:00,58,19,4,3,32,0,0,0,0,False,renda_abaixo_minimo,0,no_offer,blocked,0,0.0,False
2954,2024-05-27T21:30:00,51,32,2,3,25,0,0,1,0,False,sem_relacionamento_bancario,0,no_offer,blocked,0,0.0,False
2955,2024-05-27T10:42:00,61,78,2,1,35,0,0,1,1,True,,1,banner_loan_standard,exploitation,0,-0.01,False
2956,2024-05-27T09:54:00,62,39,2,1,36,0,0,1,0,False,sem_relacionamento_bancario,0,no_offer,blocked,0,0.0,False
2957,2024-05-27T15:48:00,33,140,1,1,8,0,0,1,0,False,sem_relacionamento_bancario,0,no_offer,blocked,0,0.0,False
2958,2024-05-27T19:25:00,30,51,1,1,5,0,0,1,0,False,sem_relacionamento_bancario,0,no_offer,blocked,0,0.0,False
2959,2024-05-27T18:03:00,31,29,2,2,5,0,0,1,1,True,,1,banner_loan_standard,exploitation,0,-0.01,False
2960,2024-05-27T21:43:00,49,109,1,1,24,0,0,0,0,False,sem_relacionamento_bancario,0,no_offer,blocked,0,0.0,False
2961,2024-05-28T08:21:00,45,134,4,2,21,0,1,1,1,True,,1,banner_loan_standard,exploitation,0,-0.01,False
2962,2024-05-28T09:56:00,58,11,2,1,34,0,0,1,0,False,renda_abaixo_minimo,0,no_offer,blocked,0,0.0,False
2963,2024-05-28T09:54:00,41,38,2,1,15,0,0,1,0,False,sem_relacionamento_bancario,0,no_offer,blocked,0,0.0,False
2964,2024-05-28T19:48:00,29,49,4,3,3,0,0,0,0,False,sem_relacionamento_bancario,0,no_offer,blocked,0,0.0,False
2965,2024-05-28T19:54:00,56,11,2,3,31,0,0,0,0,False,renda_abaixo_minimo,0,no_offer,blocked,0,0.0,False
2966,2024-05-28T12:55:00,59,111,1,1,35,0,0,1,0,False,sem_relacionamento_bancario,0,no_offer,blocked,0,0.0,False
2967,2024-05-28T11:30:00,53,12,1,1,29,0,0,0,0,False,renda_abaixo_minimo,0,no_offer,blocked,0,0.0,False
2968,2024-05-28T19:30:00,41,143,2,3,17,0,0,1,0,False,sem_relacionamento_bancario,0,no_offer,blocked,0,0.0,False
2969,2024-05-28T11:14:00,38,91,1,1,13,0,0,1,1,True,,1,banner_loan_standard,exploitation,0,-0.01,False
2970,2024-05-28T12:14:00,34,82,2,3,8,1,1,1,1,True,,1,banner_loan_standard,exploitation,0,-0.01,False
2971,2024-05-28T08:49:00,36,179,3,1,10,0,0,1,0,False,sem_relacionamento_bancario,0,no_offer,blocked,0,0.0,False
2972,2024-05-28T12:12:00,40,18,2,2,15,0,0,1,1,False,renda_abaixo_minimo,0,no_offer,blocked,0,0.0,False
2973,2024-05-28T10:29:00,62,44,1,3,37,0,0,0,0,False,sem_relacionamento_bancario,0,no_offer,blocked,0,0.0,False
2974,2024-05-28T20:17:00,47,19,1,3,22,0,0,1,0,False,renda_abaixo_minimo,0,no_offer,blocked,0,0.0,False
2975,2024-05-28T21:35:00,27,130,3,2,1,0,0,0,0,False,sem_relacionamento_bancario,0,no_offer,blocked,0,0.0,False
2976,2024-05-28T11:19:00,56,90,1,2,30,0,0,1,0,False,sem_relacionamento_bancario,0,no_offer,blocked,0,0.0,False
2977,2024-05-28T11:18:00,28,29,4,1,3,0,0,1,0,False,sem_relacionamento_bancario,0,no_offer,blocked,0,0.0,False
2978,2024-05-28T19:52:00,58,63,1,1,32,1,0,1,0,True,,1,banner_loan_standard,exploitation,0,-0.01,False
2979,2024-05-28T12:54:00,31,42,1,2,7,0,0,1,1,True,,1,banner_loan_standard,exploitation,0,-0.01,False
2980,2024-05-28T20:38:00,50,188,3,1,24,0,0,0,1,True,,1,banner_loan_standard,exploitation,0,-0.01,False
2981,2024-05-29T12:57:00,49,71,1,3,23,0,0,0,0,False,sem_relacionamento_bancario,0,no_offer,blocked,0,0.0,False
2982,2024-05-29T19:50:00,55,131,2,2,29,0,0,0,1,True,,1,banner_loan_standard,exploitation,0,-0.01,False
2983,2024-05-29T12:07:00,67,75,4,2,42,0,0,1,0,False,sem_relacionamento_bancario,0,no_offer,blocked,0,0.0,False
2984,2024-05-29T08:27:00,30,110,1,3,4,0,0,1,0,False,sem_relacionamento_bancario,0,no_offer,blocked,0,0.0,False
2985,2024-05-29T21:20:00,25,54,4,1,1,0,0,1,1,True,,1,banner_loan_standard,exploitation,0,-0.01,False
2986,2024-05-29T08:08:00,24,131,1,1,0,0,0,1,0,False,sem_relacionamento_bancario,0,no_offer,blocked,0,0.0,False
2987,2024-05-29T11:39:00,29,113,2,1,3,0,0,1,1,True,,1,banner_loan_standard,exploration,0,-0.01,False
2988,2024-05-29T13:42:00,55,73,4,2,31,0,0,0,0,False,sem_relacionamento_bancario,0,no_offer,blocked,0,0.0,False
2989,2024-05-29T10:35:00,50,42,1,2,26,0,0,1,0,False,sem_relacionamento_bancario,0,no_offer,blocked,0,0.0,False
2990,2024-05-29T09:32:00,43,113,1,1,19,0,0,0,0,False,sem_relacionamento_bancario,0,no_offer,blocked,0,0.0,False
2991,2024-05-29T20:13:00,64,169,2,1,40,0,0,1,0,False,sem_relacionamento_bancario,0,no_offer,blocked,0,0.0,False
2992,2024-05-29T18:48:00,59,52,4,1,34,1,0,0,0,True,,1,banner_loan_standard,exploitation,0,-0.01,False
2993,2024-05-29T11:57:00,64,145,1,1,39,0,0,0,0,False,sem_relacionamento_bancario,0,no_offer,blocked,0,0.0,False
2994,2024-05-29T16:00:00,44,130,1,1,20,0,0,0,1,True,,1,banner_loan_standard,exploitation,0,-0.01,False
2995,2024-05-29T14:57:00,40,119,2,2,16,0,0,1,0,False,sem_relacionamento_bancario,0,no_offer,blocked,0,0.0,False
2996,2024-05-29T18:20:00,37,30,2,1,11,0,0,0,0,False,sem_relacionamento_bancario,0,no_offer,blocked,0,0.0,False
2997,2024-05-29T19:15:00,34,35,3,1,9,0,0,0,0,False,sem_relacionamento_bancario,0,no_offer,blocked,0,0.0,False
2998,2024-05-29T15:45:00,62,24,2,1,38,0,0,0,1,False,renda_abaixo_minimo,0,no_offer,blocked,0,0.0,False
2999,2024-05-29T13:24:00,38,92,2,1,14,0,0,1,1,True,,1,banner_loan_standard,exploitation,0,-0.01,False
3000,2024-05-29T19:04:00,52,28,3,2,27,0,0,0,0,False,sem_relacionamento_bancario,0,no_offer,blocked,0,0.0,False
3001,2024-05-30T15:20:00,46,73,1,2,20,0,0,1,0,False,sem_relacionamento_bancario,0,no_offer,blocked,0,0.0,False
3002,2024-05-30T09:46:00,32,42,3,1,7,0,0,1,0,False,sem_relacionamento_bancario,0,no_offer,blocked,0,0.0,False
3003,2024-05-30T13:56:00,61,122,2,1,37,0,0,1,0,False,sem_relacionamento_bancario,0,no_offer,blocked,0,0.0,False
3004,2024-05-30T08:44:00,42,164,1,3,18,1,1,1,1,True,,1,banner_loan_standard,exploitation,0,-0.01,False
3005,2024-05-30T10:41:00,30,39,3,2,4,0,0,1,0,False,sem_relacionamento_bancario,0,no_offer,blocked,0,0.0,False
3006,2024-05-30T12:34:00,45,73,1,3,21,0,0,1,0,False,sem_relacionamento_bancario,0,no_offer,blocked,0,0.0,False
3007,2024-05-30T16:44:00,57,43,3,1,33,0,0,0,1,True,,0,no_offer,exploration,0,0.0,False
3008,2024-05-30T13:44:00,36,42,1,1,12,0,0,1,0,False,sem_relacionamento_bancario,0,no_offer,blocked,0,0.0,False
3009,2024-05-30T20:33:00,47,110,2,1,23,0,0,1,1,True,,1,banner_loan_standard,exploitation,0,-0.01,False
3010,2024-05-30T14:05:00,58,74,2,3,32,0,0,0,1,True,,1,banner_loan_standard,exploitation,0,-0.01,False
3011,2024-05-30T10:52:00,30,42,1,1,5,0,0,0,0,False,sem_relacionamento_bancario,0,no_offer,blocked,0,0.0,False
3012,2024-05-30T20:48:00,29,190,2,1,3,0,0,1,0,False,sem_relacionamento_bancario,0,no_offer,blocked,0,0.0,False
3013,2024-05-30T09:18:00,65,195,3,1,41,1,1,0,1,True,,1,banner_loan_standard,exploitation,1,1.0,False
3014,2024-05-30T10:55:00,53,12,1,1,29,0,0,0,0,False,renda_abaixo_minimo,0,no_offer,blocked,0,0.0,False
3015,2024-05-30T14:53:00,38,49,3,1,14,0,0,0,0,False,sem_relacionamento_bancario,0,no_offer,blocked,0,0.0,False
3016,2024-05-30T17:41:00,53,51,2,3,29,0,0,1,0,False,sem_relacionamento_bancario,0,no_offer,blocked,0,0.0,False
3017,2024-05-30T18:19:00,48,42,1,2,22,0,0,0,0,False,sem_relacionamento_bancario,0,no_offer,blocked,0,0.0,False
3018,2024-05-30T16:16:00,56,42,4,2,29,0,0,0,0,False,sem_relacionamento_bancario,0,no_offer,blocked,0,0.0,False
3019,2024-05-30T18:46:00,51,53,1,2,27,0,0,1,0,False,sem_relacionamento_bancario,0,no_offer,blocked,0,0.0,False
3020,2024-05-30T09:35:00,51,55,3,2,26,0,0,1,0,False,sem_relacionamento_bancario,0,no_offer,blocked,0,0.0,False
3021,2024-05-31T10:16:00,56,33,3,1,32,0,0,0,0,False,sem_relacionamento_bancario,0,no_offer,blocked,0,0.0,False
3022,2024-05-31T12:38:00,40,61,3,3,14,0,0,1,0,False,sem_relacionamento_bancario,0,no_offer,blocked,0,0.0,False
3023,2024-05-31T09:52:00,43,28,4,1,19,0,0,1,0,False,sem_relacionamento_bancario,0,no_offer,blocked,0,0.0,False
3024,2024-05-31T13:58:00,36,39,1,1,10,0,0,0,0,False,sem_relacionamento_bancario,0,no_offer,blocked,0,0.0,False
3025,2024-05-31T14:16:00,29,34,1,3,5,0,0,0,0,False,sem_relacionamento_bancario,0,no_offer,blocked,0,0.0,False
3026,2024-05-31T14:35:00,63,135,2,3,38,0,0,0,0,False,sem_relacionamento_bancario,0,no_offer,blocked,0,0.0,False
3027,2024-05-31T15:44:00,62,92,3,1,37,0,0,1,0,False,sem_relacionamento_bancario,0,no_offer,blocked,0,0.0,False
3028,2024-05-31T12:29:00,30,74,4,1,5,1,0,0,1,True,,0,no_offer,exploration,0,0.0,False
3029,2024-05-31T19:03:00,43,41,3,2,17,0,0,1,0,False,sem_relacionamento_bancario,0,no_offer,blocked,0,0.0,False
3030,2024-05-31T10:23:00,61,110,3,1,35,1,0,1,0,True,,1,banner_loan_standard,exploitation,0,-0.01,False
3031,2024-05-31T16:18:00,54,69,1,3,30,0,0,1,1,True,,1,banner_loan_standard,exploitation,0,-0.01,False
3032,2024-05-31T15:10:00,33,139,1,3,7,0,1,1,1,True,,1,banner_loan_standard,exploitation,1,1.0,False
3033,2024-05-31T10:22:00,28,82,3,1,4,0,0,1,0,False,sem_relacionamento_bancario,0,no_offer,blocked,0,0.0,False
3034,2024-05-31T08:00:00,29,30,3,2,5,0,0,0,0,False,sem_relacionamento_bancario,0,no_offer,blocked,0,0.0,False
3035,2024-05-31T19:08:00,57,43,1,1,31,0,0,0,0,False,sem_relacionamento_bancario,0,no_offer,blocked,0,0.0,False
3036,2024-05-31T20:34:00,28,45,2,3,3,0,0,1,1,True,,1,banner_loan_standard,exploitation,0,-0.01,False
3037,2024-05-31T13:26:00,34,134,1,1,10,0,0,0,0,False,sem_relacionamento_bancario,0,no_offer,blocked,0,0.0,False
3038,2024-05-31T10:44:00,26,195,1,1,2,0,0,0,0,False,sem_relacionamento_bancario,0,no_offer,blocked,0,0.0,False
3039,2024-05-31T19:19:00,57,64,3,3,27,0,0,1,0,False,sem_relacionamento_bancario,0,no_offer,blocked,0,0.0,False
3040,2024-05-31T08:20:00,60,90,4,2,34,0,0,1,0,False,sem_relacionamento_bancario,0,no_offer,blocked,0,0.0,False
3041,2024-06-01T18:58:00,56,43,2,1,30,1,0,0,0,True,,1,banner_loan_standard,exploitation,0,-0.01,False
3042,2024-06-01T21:38:00,61,128,1,1,36,0,0,1,0,False,sem_relacionamento_bancario,0,no_offer,blocked,0,0.0,False
3043,2024-06-01T19:21:00,37,59,1,2,13,0,0,0,0,False,sem_relacionamento_bancario,0,no_offer,blocked,0,0.0,False
3044,2024-06-01T18:27:00,57,41,1,1,31,0,0,1,1,True,,1,banner_loan_standard,exploitation,0,-0.01,False
3045,2024-06-01T09:58:00,42,20,2,3,16,0,0,1,1,False,renda_abaixo_minimo,0,no_offer,blocked,0,0.0,False
3046,2024-06-01T14:48:00,35,72,3,1,10,0,0,0,0,False,sem_relacionamento_bancario,0,no_offer,blocked,0,0.0,False
3047,2024-06-01T13:30:00,41,42,4,2,17,1,0,1,0,True,,1,banner_loan_standard,exploitation,0,-0.01,False
3048,2024-06-01T21:33:00,59,111,1,1,35,0,0,1,0,False,sem_relacionamento_bancario,0,no_offer,blocked,0,0.0,False
3049,2024-06-01T13:58:00,32,84,3,2,7,0,0,1,1,True,,1,banner_loan_standard,exploitation,1,1.0,False
3050,2024-06-01T16:58:00,32,119,4,3,8,0,0,1,0,False,sem_relacionamento_bancario,0,no_offer,blocked,0,0.0,False
3051,2024-06-01T10:34:00,35,93,2,1,11,0,0,1,1,True,,1,banner_loan_standard,exploitation,0,-0.01,False
3052,2024-06-01T21:03:00,44,62,2,1,20,1,0,1,0,True,,1,banner_loan_standard,exploitation,0,-0.01,False
3053,2024-06-01T14:19:00,44,119,2,1,20,0,0,1,0,False,sem_relacionamento_bancario,0,no_offer,blocked,0,0.0,False
3054,2024-06-01T09:42:00,32,84,3,2,7,0,0,1,1,True,,1,banner_loan_standard,exploitation,0,-0.01,False
3055,2024-06-01T14:47:00,27,135,3,3,3,0,0,0,1,True,,0,no_offer,exploration,0,0.0,False
3056,2024-06-01T11:37:00,45,122,4,2,19,0,0,1,0,False,sem_relacionamento_bancario,0,no_offer,blocked,0,0.0,False
3057,2024-06-01T14:03:00,39,153,2,1,14,0,0,0,0,False,sem_relacionamento_bancario,0,no_offer,blocked,0,0.0,False
3058,2024-06-01T14:56:00,55,78,4,3,29,0,0,0,1,True,,1,banner_loan_standard,exploitation,0,-0.01,False
3059,2024-06-01T09:41:00,54,32,2,3,29,0,0,1,1,True,,1,banner_loan_standard,exploration,0,-0.01,False
3060,2024-06-01T13:59:00,65,121,2,1,41,0,0,1,0,False,sem_relacionamento_bancario,0,no_offer,blocked,0,0.0,False
3061,2024-06-02T17:14:00,51,33,3,3,25,0,0,1,1,True,,1,banner_loan_standard,exploitation,0,-0.01,False
3062,2024-06-02T11:06:00,49,65,2,3,25,0,0,1,1,True,,1,banner_loan_standard,exploitation,0,-0.01,False
3063,2024-06-02T19:58:00,59,31,3,2,35,0,0,1,1,True,,1,banner_loan_standard,exploitation,0,-0.01,False
3064,2024-06-02T14:38:00,57,21,3,2,32,1,1,1,0,False,renda_abaixo_minimo,0,no_offer,blocked,0,0.0,False
3065,2024-06-02T13:44:00,50,40,1,2,25,0,0,1,1,True,,1,banner_loan_standard,exploitation,1,1.0,False
3066,2024-06-02T17:50:00,27,18,1,3,3,0,0,0,0,False,renda_abaixo_minimo,0,no_offer,blocked,0,0.0,False
3067,2024-06-02T21:33:00,59,34,1,1,33,0,0,1,0,False,sem_relacionamento_bancario,0,no_offer,blocked,0,0.0,False
3068,2024-06-02T19:14:00,67,18,2,1,41,0,0,1,0,False,renda_abaixo_minimo,0,no_offer,blocked,0,0.0,False
3069,2024-06-02T21:05:00,32,119,4,3,8,0,0,1,0,False,sem_relacionamento_bancario,0,no_offer,blocked,0,0.0,False
3070,2024-06-02T09:36:00,23,12,4,1,-1,0,0,1,0,False,renda_abaixo_minimo,0,no_offer,blocked,0,0.0,False
3071,2024-06-02T09:31:00,65,63,3,2,40,0,0,1,0,False,sem_relacionamento_bancario,0,no_offer,blocked,0,0.0,False
3072,2024-06-02T17:50:00,50,79,1,1,25,0,0,0,1,True,,1,banner_loan_standard,exploitation,0,-0.01,False
3073,2024-06-02T10:11:00,38,19,2,2,13,0,0,0,1,False,renda_abaixo_minimo,0,no_offer,blocked,0,0.0,False
3074,2024-06-02T20:47:00,42,64,3,3,16,0,0,0,0,False,sem_relacionamento_bancario,0,no_offer,blocked,0,0.0,False
3075,2024-06-02T08:06:00,44,61,3,2,19,0,0,0,0,False,sem_relacionamento_bancario,0,no_offer,blocked,0,0.0,False
3076,2024-06-02T20:55:00,46,40,4,3,21,0,0,1,0,False,sem_relacionamento_bancario,0,no_offer,blocked,0,0.0,False
3077,2024-06-02T15:16:00,44,150,2,1,20,0,0,0,1,True,,1,banner_loan_standard,exploitation,1,1.0,False
3078,2024-06-02T17:08:00,51,80,1,2,27,0,0,1,1,True,,1,banner_loan_standard,exploitation,0,-0.01,False
3079,2024-06-02T18:12:00,52,21,2,1,28,1,0,1,0,False,renda_abaixo_minimo,0,no_offer,blocked,0,0.0,False
3080,2024-06-02T10:20:00,28,58,3,1,4,0,0,0,0,False,sem_relacionamento_bancario,0,no_offer,blocked,0,0.0,False
3081,2024-06-03T15:37:00,56,32,2,3,30,0,0,1,0,False,sem_relacionamento_bancario,0,no_offer,blocked,0,0.0,False
3082,2024-06-03T11:23:00,43,21,3,1,17,0,0,0,0,False,renda_abaixo_minimo,0,no_offer,blocked,0,0.0,False
3083,2024-06-03T16:36:00,51,88,1,2,27,1,0,0,1,True,,1,banner_loan_standard,exploitation,0,-0.01,False
3084,2024-06-03T15:47:00,53,72,2,2,27,0,0,1,0,False,sem_relacionamento_bancario,0,no_offer,blocked,0,0.0,False
3085,2024-06-03T13:34:00,26,54,4,2,1,0,0,0,0,False,sem_relacionamento_bancario,0,no_offer,blocked,0,0.0,False
3086,2024-06-03T15:12:00,32,25,2,1,6,0,0,0,1,True,,1,banner_loan_standard,exploitation,0,-0.01,False
3087,2024-06-03T11:45:00,27,35,1,2,3,0,0,0,0,False,sem_relacionamento_bancario,0,no_offer,blocked,0,0.0,False
3088,2024-06-03T21:12:00,31,28,3,1,5,0,0,1,0,False,sem_relacionamento_bancario,0,no_offer,blocked,0,0.0,False
3089,2024-06-03T18:05:00,37,61,3,2,11,0,0,0,0,False,sem_relacionamento_bancario,0,no_offer,blocked,0,0.0,False
3090,2024-06-03T10:16:00,29,55,4,2,4,1,0,1,0,True,,1,banner_loan_standard,exploitation,0,-0.01,False
3091,2024-06-03T11:01:00,35,68,2,1,11,0,0,0,1,True,,1,banner_loan_standard,exploitation,1,1.0,False
3092,2024-06-03T17:21:00,39,161,1,1,14,1,0,0,0,True,,1,banner_loan_standard,exploitation,0,-0.01,False
3093,2024-06-03T18:54:00,30,18,3,3,6,0,0,0,0,False,renda_abaixo_minimo,0,no_offer,blocked,0,0.0,False
3094,2024-06-03T10:34:00,35,139,1,1,10,0,0,0,0,False,sem_relacionamento_bancario,0,no_offer,blocked,0,0.0,False
3095,2024-06-03T19:57:00,64,122,4,1,39,0,0,1,0,False,sem_relacionamento_bancario,0,no_offer,blocked,0,0.0,False
3096,2024-06-03T14:38:00,47,33,1,1,23,0,0,1,1,True,,1,banner_loan_standard,exploitation,0,-0.01,False
3097,2024-06-03T20:40:00,37,111,1,2,13,0,0,0,0,False,sem_relacionamento_bancario,0,no_offer,blocked,0,0.0,False
3098,2024-06-03T19:12:00,29,81,2,1,5,0,0,0,1,True,,0,no_offer,exploration,0,0.0,False
3099,2024-06-03T15:53:00,32,42,4,1,7,0,0,1,1,True,,1,banner_loan_standard,exploitation,0,-0.01,False
3100,2024-06-03T20:34:00,37,33,4,2,13,0,0,0,0,False,sem_relacionamento_bancario,0,no_offer,blocked,0,0.0,False
3101,2024-06-04T10:55:00,54,81,1,3,29,0,0,0,0,False,sem_relacionamento_bancario,0,no_offer,blocked,0,0.0,False
3102,2024-06-04T12:25:00,30,68,4,2,3,0,0,1,0,False,sem_relacionamento_bancario,0,no_offer,blocked,0,0.0,False
3103,2024-06-04T18:06:00,60,122,1,1,35,0,0,0,0,False,sem_relacionamento_bancario,0,no_offer,blocked,0,0.0,False
3104,2024-06-04T09:02:00,61,55,3,3,36,0,0,1,1,True,,1,banner_loan_standard,exploration,0,-0.01,False
3105,2024-06-04T20:06:00,49,125,1,1,23,0,0,0,1,True,,0,no_offer,exploration,0,0.0,False
3106,2024-06-04T11:56:00,55,28,4,3,30,0,0,1,1,True,,1,banner_loan_standard,exploitation,0,-0.01,False
3107,2024-06-04T14:38:00,39,68,3,1,13,1,0,1,0,True,,1,banner_loan_standard,exploration,0,-0.01,False
3108,2024-06-04T08:44:00,29,160,1,1,5,0,0,1,0,False,sem_relacionamento_bancario,0,no_offer,blocked,0,0.0,False
3109,2024-06-04T18:05:00,51,39,1,2,25,0,0,1,0,False,sem_relacionamento_bancario,0,no_offer,blocked,0,0.0,False
3110,2024-06-04T20:22:00,62,183,2,3,36,0,0,0,0,False,sem_relacionamento_bancario,0,no_offer,blocked,0,0.0,False
3111,2024-06-04T13:19:00,25,101,4,3,-1,0,0,0,1,True,,1,banner_loan_standard,exploration,0,-0.01,False
3112,2024-06-04T15:36:00,54,42,4,1,28,0,0,1,1,True,,1,banner_loan_standard,exploration,1,1.0,False
3113,2024-06-04T08:51:00,52,62,4,2,26,0,0,1,0,False,sem_relacionamento_bancario,0,no_offer,blocked,0,0.0,False
3114,2024-06-04T12:38:00,32,79,2,3,6,0,0,1,1,True,,1,banner_loan_standard,exploitation,0,-0.01,False
3115,2024-06-04T09:37:00,34,78,3,2,9,0,0,1,0,False,sem_relacionamento_bancario,0,no_offer,blocked,0,0.0,False
3116,2024-06-04T21:50:00,58,41,4,1,32,0,0,1,1,True,,0,no_offer,exploration,0,0.0,False
3117,2024-06-04T17:58:00,63,41,1,3,37,0,0,0,1,True,,1,banner_loan_standard,exploitation,0,-0.01,False
3118,2024-06-04T19:17:00,54,129,4,3,29,0,0,0,0,False,sem_relacionamento_bancario,0,no_offer,blocked,0,0.0,False
3119,2024-06-04T14:32:00,34,141,3,2,9,0,0,1,0,False,sem_relacionamento_bancario,0,no_offer,blocked,0,0.0,False
3120,2024-06-04T19:01:00,43,73,3,1,19,1,1,1,1,True,,1,banner_loan_standard,exploration,0,-0.01,False
3121,2024-06-05T21:12:00,50,91,1,3,24,0,0,1,0,False,sem_relacionamento_bancario,0,no_offer,blocked,0,0.0,False
3122,2024-06-05T14:27:00,31,54,2,2,4,0,0,0,1,True,,1,banner_loan_standard,exploitation,1,1.0,False
3123,2024-06-05T12:38:00,32,84,4,2,6,0,0,0,0,False,sem_relacionamento_bancario,0,no_offer,blocked,0,0.0,False
3124,2024-06-05T20:19:00,47,22,4,1,23,0,0,1,1,False,renda_abaixo_minimo,0,no_offer,blocked,0,0.0,False
3125,2024-06-05T15:26:00,53,144,2,1,29,0,0,1,0,False,sem_relacionamento_bancario,0,no_offer,blocked,0,0.0,False
3126,2024-06-05T21:57:00,38,78,4,3,13,0,0,1,0,False,sem_relacionamento_bancario,0,no_offer,blocked,0,0.0,False
3127,2024-06-05T20:26:00,28,69,3,2,4,0,0,1,0,False,sem_relacionamento_bancario,0,no_offer,blocked,0,0.0,False
3128,2024-06-05T17:06:00,45,121,1,1,21,0,0,0,0,False,sem_relacionamento_bancario,0,no_offer,blocked,0,0.0,False
3129,2024-06-05T18:37:00,37,38,1,2,13,0,0,0,1,True,,0,no_offer,exploration,0,0.0,False
3130,2024-06-05T12:22:00,63,109,1,1,37,0,0,1,0,False,sem_relacionamento_bancario,0,no_offer,blocked,0,0.0,False
3131,2024-06-05T19:33:00,54,22,2,1,30,0,0,1,0,False,renda_abaixo_minimo,0,no_offer,blocked,0,0.0,False
3132,2024-06-05T12:14:00,48,19,1,1,23,0,0,1,0,False,renda_abaixo_minimo,0,no_offer,blocked,0,0.0,False
3133,2024-06-05T17:47:00,59,94,1,1,35,0,0,0,0,False,sem_relacionamento_bancario,0,no_offer,blocked,0,0.0,False
3134,2024-06-05T10:08:00,31,92,2,1,6,0,0,0,0,False,sem_relacionamento_bancario,0,no_offer,blocked,0,0.0,False
3135,2024-06-05T20:53:00,50,19,4,3,20,0,0,0,0,False,renda_abaixo_minimo,0,no_offer,blocked,0,0.0,False
3136,2024-06-05T20:57:00,33,84,1,3,7,0,0,1,0,False,sem_relacionamento_bancario,0,no_offer,blocked,0,0.0,False
3137,2024-06-05T10:55:00,32,29,1,3,8,0,0,1,1,True,,1,banner_loan_standard,exploitation,0,-0.01,False
3138,2024-06-05T20:51:00,24,78,2,2,-1,0,0,0,0,False,sem_relacionamento_bancario,0,no_offer,blocked,0,0.0,False
3139,2024-06-05T18:26:00,54,155,1,1,28,0,0,1,1,True,,1,banner_loan_standard,exploitation,0,-0.01,False
3140,2024-06-05T13:45:00,39,94,1,3,13,0,0,0,1,True,,1,banner_loan_standard,exploitation,0,-0.01,False
3141,2024-06-06T09:58:00,54,28,4,3,28,0,0,1,1,True,,1,banner_loan_standard,exploration,0,-0.01,False
3142,2024-06-06T08:34:00,34,165,1,3,8,0,0,0,0,False,sem_relacionamento_bancario,0,no_offer,blocked,0,0.0,False
3143,2024-06-06T08:24:00,66,25,4,2,41,0,0,1,1,True,,1,banner_loan_standard,exploitation,0,-0.01,False
3144,2024-06-06T10:01:00,62,52,4,2,38,0,0,1,1,True,,1,banner_loan_standard,exploitation,0,-0.01,False
3145,2024-06-06T09:43:00,48,28,1,3,22,0,0,1,0,False,sem_relacionamento_bancario,0,no_offer,blocked,0,0.0,False
3146,2024-06-06T20:09:00,58,58,3,3,28,0,0,1,0,False,sem_relacionamento_bancario,0,no_offer,blocked,0,0.0,False
3147,2024-06-06T12:08:00,46,83,3,1,22,0,0,0,0,False,sem_relacionamento_bancario,0,no_offer,blocked,0,0.0,False
3148,2024-06-06T09:33:00,51,41,4,1,25,0,0,0,0,False,sem_relacionamento_bancario,0,no_offer,blocked,0,0.0,False
3149,2024-06-06T17:49:00,39,28,1,3,15,0,0,1,1,True,,1,banner_loan_standard,exploitation,0,-0.01,False
3150,2024-06-06T19:35:00,58,19,1,3,34,0,0,0,0,False,renda_abaixo_minimo,0,no_offer,blocked,0,0.0,False
3151,2024-06-06T13:47:00,42,158,2,2,18,0,0,0,1,True,,1,banner_loan_standard,exploitation,1,1.0,False
3152,2024-06-06T21:25:00,33,41,1,2,9,0,1,1,1,True,,1,banner_loan_standard,exploitation,0,-0.01,False
3153,2024-06-06T13:43:00,59,31,3,2,35,0,0,1,1,True,,1,banner_loan_standard,exploitation,0,-0.01,False
3154,2024-06-06T21:14:00,51,181,1,1,25,0,0,1,1,True,,0,no_offer,exploration,0,0.0,False
3155,2024-06-06T18:15:00,49,65,1,1,25,0,0,1,0,False,sem_relacionamento_bancario,0,no_offer,blocked,0,0.0,False
3156,2024-06-06T08:15:00,41,18,1,3,16,0,0,0,1,False,renda_abaixo_minimo,0,no_offer,blocked,0,0.0,False
3157,2024-06-06T12:02:00,53,98,3,2,29,0,0,0,0,False,sem_relacionamento_bancario,0,no_offer,blocked,0,0.0,False
3158,2024-06-06T11:46:00,57,50,4,1,32,0,0,0,0,False,sem_relacionamento_bancario,0,no_offer,blocked,0,0.0,False
3159,2024-06-06T14:42:00,37,59,1,3,13,0,0,0,1,True,,1,banner_loan_standard,exploitation,0,-0.01,False
3160,2024-06-06T17:57:00,27,112,3,1,3,1,0,1,0,True,,1,banner_loan_standard,exploration,0,-0.01,False
3161,2024-06-07T16:10:00,55,41,2,3,30,0,0,1,1,True,,1,banner_loan_standard,exploitation,0,-0.01,False
3162,2024-06-07T15:07:00,58,10,4,1,34,0,0,0,0,False,renda_abaixo_minimo,0,no_offer,blocked,0,0.0,False
3163,2024-06-07T13:20:00,61,31,3,2,37,0,0,0,1,True,,1,banner_loan_standard,exploitation,0,-0.01,False
3164,2024-06-07T15:50:00,58,31,4,1,34,0,0,0,0,False,sem_relacionamento_bancario,0,no_offer,blocked,0,0.0,False
3165,2024-06-07T13:20:00,34,164,1,3,9,0,0,1,0,False,sem_relacionamento_bancario,0,no_offer,blocked,0,0.0,False
3166,2024-06-07T15:19:00,42,29,1,3,17,0,0,1,0,False,sem_relacionamento_bancario,0,no_offer,blocked,0,0.0,False
3167,2024-06-07T15:57:00,56,51,4,1,32,0,0,0,0,False,sem_relacionamento_bancario,0,no_offer,blocked,0,0.0,False
3168,2024-06-07T21:30:00,58,59,1,1,32,0,0,1,0,False,sem_relacionamento_bancario,0,no_offer,blocked,0,0.0,False
3169,2024-06-07T09:56:00,61,54,3,3,36,0,0,1,0,False,sem_relacionamento_bancario,0,no_offer,blocked,0,0.0,False
3170,2024-06-07T21:25:00,55,58,4,3,25,0,0,0,1,True,,1,banner_loan_standard,exploitation,0,-0.01,False
3171,2024-06-07T17:28:00,31,74,4,3,1,0,0,0,0,False,sem_relacionamento_bancario,0,no_offer,blocked,0,0.0,False
3172,2024-06-07T13:15:00,55,124,2,1,31,0,0,1,0,False,sem_relacionamento_bancario,0,no_offer,blocked,0,0.0,False
3173,2024-06-07T11:19:00,60,22,1,1,35,0,0,1,0,False,renda_abaixo_minimo,0,no_offer,blocked,0,0.0,False
3174,2024-06-07T20:53:00,58,111,2,1,32,0,0,1,0,False,sem_relacionamento_bancario,0,no_offer,blocked,0,0.0,False
3175,2024-06-07T12:21:00,59,59,3,3,33,0,0,0,0,False,sem_relacionamento_bancario,0,no_offer,blocked,0,0.0,False
3176,2024-06-07T14:22:00,45,32,1,3,15,0,0,1,0,False,sem_relacionamento_bancario,0,no_offer,blocked,0,0.0,False
3177,2024-06-07T13:27:00,39,121,1,1,15,1,0,1,0,True,,1,banner_loan_standard,exploitation,0,-0.01,False
3178,2024-06-07T21:52:00,63,33,3,3,39,0,0,0,1,True,,0,no_offer,exploration,0,0.0,False
3179,2024-06-07T08:56:00,43,28,4,1,19,0,0,1,0,False,sem_relacionamento_bancario,0,no_offer,blocked,0,0.0,False
3180,2024-06-07T15:12:00,27,99,1,3,1,0,0,0,1,True,,1,banner_loan_standard,exploitation,0,-0.01,False
3181,2024-06-08T17:28:00,64,32,3,3,40,0,0,1,0,False,sem_relacionamento_bancario,0,no_offer,blocked,0,0.0,False
3182,2024-06-08T10:48:00,39,41,1,2,15,0,0,1,0,False,sem_relacionamento_bancario,0,no_offer,blocked,0,0.0,False
3183,2024-06-08T18:27:00,33,43,4,1,7,0,0,0,0,False,sem_relacionamento_bancario,0,no_offer,blocked,0,0.0,False
3184,2024-06-08T19:07:00,55,41,3,3,25,0,0,1,0,False,sem_relacionamento_bancario,0,no_offer,blocked,0,0.0,False
3185,2024-06-08T14:28:00,40,52,3,3,15,0,0,1,0,False,sem_relacionamento_bancario,0,no_offer,blocked,0,0.0,False
3186,2024-06-08T11:40:00,62,44,1,2,38,0,0,0,1,True,,1,banner_loan_standard,exploitation,0,-0.01,False
3187,2024-06-08T18:57:00,55,91,2,1,31,0,0,0,0,False,sem_relacionamento_bancario,0,no_offer,blocked,0,0.0,False
3188,2024-06-08T16:52:00,49,130,4,1,24,0,1,1,0,True,,0,no_offer,exploration,0,0.0,False
3189,2024-06-08T17:51:00,36,183,1,3,11,0,1,1,1,True,,1,banner_loan_standard,exploitation,1,1.0,False
3190,2024-06-08T16:53:00,43,53,3,3,18,0,0,0,0,False,sem_relacionamento_bancario,0,no_offer,blocked,0,0.0,False
3191,2024-06-08T20:02:00,31,83,4,2,6,0,0,1,0,False,sem_relacionamento_bancario,0,no_offer,blocked,0,0.0,False
3192,2024-06-08T12:01:00,35,75,4,3,10,0,0,1,1,True,,1,banner_loan_standard,exploitation,0,-0.01,False
3193,2024-06-08T17:57:00,46,83,1,1,22,0,0,1,0,False,sem_relacionamento_bancario,0,no_offer,blocked,0,0.0,False
3194,2024-06-08T09:22:00,64,89,1,1,40,0,0,0,0,False,sem_relacionamento_bancario,0,no_offer,blocked,0,0.0,False
3195,2024-06-08T11:38:00,43,121,1,2,19,0,1,1,1,True,,1,banner_loan_standard,exploitation,0,-0.01,False
3196,2024-06-08T15:47:00,50,21,2,3,25,0,0,0,0,False,renda_abaixo_minimo,0,no_offer,blocked,0,0.0,False
3197,2024-06-08T18:00:00,36,82,2,1,10,0,0,0,1,True,,1,banner_loan_standard,exploitation,1,1.0,False
3198,2024-06-08T12:51:00,45,114,2,2,20,0,0,0,0,False,sem_relacionamento_bancario,0,no_offer,blocked,0,0.0,False
3199,2024-06-08T20:29:00,41,141,2,1,17,0,0,0,0,False,sem_relacionamento_bancario,0,no_offer,blocked,0,0.0,False
3200,2024-06-08T16:46:00,39,72,2,1,13,0,0,1,0,False,sem_relacionamento_bancario,0,no_offer,blocked,0,0.0,False
3201,2024-06-09T15:21:00,54,121,2,3,30,1,0,0,0,True,,1,banner_loan_standard,exploitation,0,-0.01,False
3202,2024-06-09T19:44:00,61,38,2,3,35,0,0,0,0,False,sem_relacionamento_bancario,0,no_offer,blocked,0,0.0,False
3203,2024-06-09T17:12:00,52,81,4,2,27,0,0,0,0,False,sem_relacionamento_bancario,0,no_offer,blocked,0,0.0,False
3204,2024-06-09T10:23:00,41,81,4,3,17,1,0,0,0,True,,1,banner_loan_standard,exploitation,0,-0.01,False
3205,2024-06-09T19:35:00,40,69,1,3,14,0,0,0,0,False,sem_relacionamento_bancario,0,no_offer,blocked,0,0.0,False
3206,2024-06-09T15:15:00,59,45,3,3,29,0,0,1,0,False,sem_relacionamento_bancario,0,no_offer,blocked,0,0.0,False
3207,2024-06-09T18:16:00,55,23,4,3,25,0,0,0,0,False,renda_abaixo_minimo,0,no_offer,blocked,0,0.0,False
3208,2024-06-09T16:33:00,54,49,4,2,28,1,0,0,0,True,,1,banner_loan_standard,exploitation,0,-0.01,False
3209,2024-06-09T18:00:00,29,149,1,1,5,0,0,1,0,False,sem_relacionamento_bancario,0,no_offer,blocked,0,0.0,False
3210,2024-06-09T17:50:00,44,182,2,1,20,0,0,0,0,False,sem_relacionamento_bancario,0,no_offer,blocked,0,0.0,False
3211,2024-06-09T20:09:00,60,50,3,3,34,0,0,1,1,True,,1,banner_loan_standard,exploitation,0,-0.01,False
3212,2024-06-09T17:49:00,44,30,4,1,20,0,0,0,1,True,,1,banner_loan_standard,exploration,0,-0.01,False
3213,2024-06-09T10:11:00,58,80,2,1,34,0,0,1,1,True,,1,banner_loan_standard,exploitation,0,-0.01,False
3214,2024-06-09T12:47:00,49,90,4,2,25,1,0,1,0,True,,1,banner_loan_standard,exploitation,0,-0.01,False
3215,2024-06-09T09:40:00,59,19,2,2,34,0,0,1,0,False,renda_abaixo_minimo,0,no_offer,blocked,0,0.0,False
3216,2024-06-09T14:31:00,33,73,1,1,7,0,0,0,0,False,sem_relacionamento_bancario,0,no_offer,blocked,0,0.0,False
3217,2024-06-09T11:31:00,53,45,2,3,27,0,0,1,1,True,,1,banner_loan_standard,exploitation,0,-0.01,False
3218,2024-06-09T19:12:00,66,15,3,3,41,0,0,1,0,False,renda_abaixo_minimo,0,no_offer,blocked,0,0.0,False
3219,2024-06-09T08:59:00,59,41,4,1,33,0,0,0,0,False,sem_relacionamento_bancario,0,no_offer,blocked,0,0.0,False
3220,2024-06-09T15:34:00,24,80,2,3,-2,0,0,0,0,False,sem_relacionamento_bancario,0,no_offer,blocked,0,0.0,False
3221,2024-06-10T21:53:00,42,139,2,3,17,0,0,1,0,False,sem_relacionamento_bancario,0,no_offer,blocked,0,0.0,False
3222,2024-06-10T11:56:00,59,61,3,3,29,0,0,1,0,False,sem_relacionamento_bancario,0,no_offer,blocked,0,0.0,False
3223,2024-06-10T14:24:00,56,41,4,2,29,0,0,0,0,False,sem_relacionamento_bancario,0,no_offer,blocked,0,0.0,False
3224,2024-06-10T17:18:00,53,192,1,1,27,0,0,1,0,False,sem_relacionamento_bancario,0,no_offer,blocked,0,0.0,False
3225,2024-06-10T13:23:00,40,155,4,3,16,0,1,1,1,True,,1,banner_loan_standard,exploitation,1,1.0,False
3226,2024-06-10T18:44:00,36,51,3,1,12,0,0,1,0,False,sem_relacionamento_bancario,0,no_offer,blocked,0,0.0,False
3227,2024-06-10T11:36:00,30,33,4,2,3,0,0,0,0,False,sem_relacionamento_bancario,0,no_offer,blocked,0,0.0,False
3228,2024-06-10T12:35:00,28,22,1,2,2,0,0,1,0,False,renda_abaixo_minimo,0,no_offer,blocked,0,0.0,False
3229,2024-06-10T09:49:00,56,81,2,1,31,0,0,1,1,True,,1,banner_loan_standard,exploration,0,-0.01,False
3230,2024-06-10T12:35:00,49,75,1,2,24,0,0,0,1,True,,1,banner_loan_standard,exploration,0,-0.01,False
3231,2024-06-10T19:38:00,58,65,3,1,32,0,0,1,0,False,sem_relacionamento_bancario,0,no_offer,blocked,0,0.0,False
3232,2024-06-10T14:28:00,34,28,3,1,8,0,0,0,0,False,sem_relacionamento_bancario,0,no_offer,blocked,0,0.0,False
3233,2024-06-10T13:25:00,52,71,1,3,26,0,0,0,0,False,sem_relacionamento_bancario,0,no_offer,blocked,0,0.0,False
3234,2024-06-10T10:08:00,53,34,2,3,28,0,0,1,1,True,,1,banner_loan_standard,exploitation,0,-0.01,False
3235,2024-06-10T21:48:00,38,89,4,2,12,0,0,0,0,False,sem_relacionamento_bancario,0,no_offer,blocked,0,0.0,False
3236,2024-06-10T12:01:00,62,28,3,2,36,0,0,1,0,False,sem_relacionamento_bancario,0,no_offer,blocked,0,0.0,False
3237,2024-06-10T18:32:00,41,104,1,3,16,0,1,1,1,True,,1,banner_loan_standard,exploitation,0,-0.01,False
3238,2024-06-10T10:57:00,58,44,3,3,32,0,0,0,0,False,sem_relacionamento_bancario,0,no_offer,blocked,0,0.0,False
3239,2024-06-10T14:57:00,67,75,4,2,42,0,0,1,0,False,sem_relacionamento_bancario,0,no_offer,blocked,0,0.0,False
3240,2024-06-10T10:19:00,28,11,4,3,3,0,0,0,0,False,renda_abaixo_minimo,0,no_offer,blocked,0,0.0,False
3241,2024-06-11T18:36:00,55,79,2,1,29,1,0,1,0,True,,1,banner_loan_standard,exploitation,0,-0.01,False
3242,2024-06-11T09:15:00,28,193,3,2,3,0,0,1,0,False,sem_relacionamento_bancario,0,no_offer,blocked,0,0.0,False
3243,2024-06-11T11:11:00,36,9,2,2,11,1,0,0,0,False,renda_abaixo_minimo,0,no_offer,blocked,0,0.0,False
3244,2024-06-11T20:06:00,43,44,3,2,16,0,0,1,0,False,sem_relacionamento_bancario,0,no_offer,blocked,0,0.0,False
3245,2024-06-11T12:16:00,47,68,1,2,20,0,0,1,1,True,,1,banner_loan_standard,exploitation,1,1.0,False
3246,2024-06-11T17:41:00,57,21,4,2,32,1,0,0,0,False,renda_abaixo_minimo,0,no_offer,blocked,0,0.0,False
3247,2024-06-11T17:42:00,33,14,3,3,9,0,0,0,0,False,renda_abaixo_minimo,0,no_offer,blocked,0,0.0,False
3248,2024-06-11T17:08:00,36,44,4,2,9,1,0,1,0,True,,0,no_offer,exploration,0,0.0,False
3249,2024-06-11T09:08:00,66,38,1,3,41,0,0,0,1,True,,1,banner_loan_standard,exploitation,0,-0.01,False
3250,2024-06-11T09:13:00,57,55,3,1,31,0,1,1,1,True,,1,banner_loan_standard,exploitation,1,1.0,False
3251,2024-06-11T16:14:00,55,62,1,3,31,0,0,1,0,False,sem_relacionamento_bancario,0,no_offer,blocked,0,0.0,False
3252,2024-06-11T13:55:00,39,39,2,3,13,0,0,0,0,False,sem_relacionamento_bancario,0,no_offer,blocked,0,0.0,False
3253,2024-06-11T11:17:00,52,32,2,2,27,0,0,0,1,True,,1,banner_loan_standard,exploitation,0,-0.01,False
3254,2024-06-11T14:15:00,40,35,1,3,16,0,0,1,1,True,,1,banner_loan_standard,exploitation,1,1.0,False
3255,2024-06-11T18:13:00,28,149,1,1,3,0,0,1,0,False,sem_relacionamento_bancario,0,no_offer,blocked,0,0.0,False
3256,2024-06-11T10:50:00,48,163,1,1,22,0,0,1,0,False,sem_relacionamento_bancario,0,no_offer,blocked,0,0.0,False
3257,2024-06-11T09:41:00,62,85,2,3,36,0,0,0,0,False,sem_relacionamento_bancario,0,no_offer,blocked,0,0.0,False
3258,2024-06-11T13:44:00,42,145,2,1,18,0,0,0,0,False,sem_relacionamento_bancario,0,no_offer,blocked,0,0.0,False
3259,2024-06-11T17:17:00,27,72,4,1,3,0,0,1,0,False,sem_relacionamento_bancario,0,no_offer,blocked,0,0.0,False
3260,2024-06-11T17:19:00,65,121,2,1,41,0,0,1,0,False,sem_relacionamento_bancario,0,no_offer,blocked,0,0.0,False
3261,2024-06-12T17:47:00,57,28,1,3,33,0,0,1,0,False,sem_relacionamento_bancario,0,no_offer,blocked,0,0.0,False
3262,2024-06-12T16:56:00,58,90,1,2,34,0,0,0,0,False,sem_relacionamento_bancario,0,no_offer,blocked,0,0.0,False
3263,2024-06-12T13:12:00,35,190,3,2,11,0,0,0,0,False,sem_relacionamento_bancario,0,no_offer,blocked,0,0.0,False
3264,2024-06-12T11:54:00,58,128,2,1,32,0,0,0,0,False,sem_relacionamento_bancario,0,no_offer,blocked,0,0.0,False
3265,2024-06-12T21:32:00,65,128,1,1,40,0,0,1,0,False,sem_relacionamento_bancario,0,no_offer,blocked,0,0.0,False
3266,2024-06-12T19:33:00,35,30,4,2,8,1,0,0,0,True,,1,banner_loan_standard,exploitation,0,-0.01,False
3267,2024-06-12T19:04:00,37,111,1,2,13,0,0,0,0,False,sem_relacionamento_bancario,0,no_offer,blocked,0,0.0,False
3268,2024-06-12T13:04:00,64,22,3,1,39,1,1,1,1,False,renda_abaixo_minimo,0,no_offer,blocked,0,0.0,False
3269,2024-06-12T20:08:00,60,125,2,1,35,0,0,0,0,False,sem_relacionamento_bancario,0,no_offer,blocked,0,0.0,False
3270,2024-06-12T21:02:00,32,45,3,1,7,1,0,1,0,True,,0,no_offer,exploration,0,0.0,False
3271,2024-06-12T17:56:00,31,140,1,1,7,0,0,0,1,True,,1,banner_loan_standard,exploration,0,-0.01,False
3272,2024-06-12T20:29:00,40,154,2,1,16,0,0,1,0,False,sem_relacionamento_bancario,0,no_offer,blocked,0,0.0,False
3273,2024-06-12T16:25:00,40,54,3,3,15,0,0,1,0,False,sem_relacionamento_bancario,0,no_offer,blocked,0,0.0,False
3274,2024-06-12T09:02:00,56,84,1,3,31,0,0,1,0,False,sem_relacionamento_bancario,0,no_offer,blocked,0,0.0,False
3275,2024-06-12T21:03:00,40,18,2,2,15,0,0,1,1,False,renda_abaixo_minimo,0,no_offer,blocked,0,0.0,False
3276,2024-06-12T19:34:00,60,59,1,2,36,1,0,0,0,True,,1,banner_loan_standard,exploitation,0,-0.01,False
3277,2024-06-12T20:53:00,39,41,2,1,13,0,0,1,1,True,,1,banner_loan_standard,exploitation,0,-0.01,False
3278,2024-06-12T09:31:00,26,35,2,2,1,0,0,0,1,True,,1,banner_loan_standard,exploration,0,-0.01,False
3279,2024-06-12T09:12:00,52,19,2,2,26,0,0,0,1,False,renda_abaixo_minimo,0,no_offer,blocked,0,0.0,False
3280,2024-06-12T21:04:00,26,171,3,2,2,0,0,1,0,False,sem_relacionamento_bancario,0,no_offer,blocked,0,0.0,False
3281,2024-06-13T17:41:00,53,192,1,1,27,0,0,1,0,False,sem_relacionamento_bancario,0,no_offer,blocked,0,0.0,False
3282,2024-06-13T19:09:00,52,28,3,2,27,0,0,0,0,False,sem_relacionamento_bancario,0,no_offer,blocked,0,0.0,False
3283,2024-06-13T16:33:00,44,81,4,1,20,0,0,0,1,True,,1,banner_loan_standard,exploitation,0,-0.01,False
3284,2024-06-13T12:29:00,28,69,3,2,4,0,0,1,0,False,sem_relacionamento_bancario,0,no_offer,blocked,0,0.0,False
3285,2024-06-13T10:12:00,53,95,4,2,29,0,0,1,1,True,,1,banner_loan_standard,exploration,0,-0.01,False
3286,2024-06-13T10:25:00,49,65,1,1,25,0,0,1,0,False,sem_relacionamento_bancario,0,no_offer,blocked,0,0.0,False
3287,2024-06-13T16:23:00,63,15,4,2,38,0,0,0,0,False,renda_abaixo_minimo,0,no_offer,blocked,0,0.0,False
3288,2024-06-13T17:48:00,35,45,1,1,9,0,0,1,1,True,,1,banner_loan_standard,exploitation,0,-0.01,False
3289,2024-06-13T17:11:00,42,32,4,2,17,0,0,1,0,False,sem_relacionamento_bancario,0,no_offer,blocked,0,0.0,False
3290,2024-06-13T08:35:00,60,105,2,1,34,0,0,1,0,False,sem_relacionamento_bancario,0,no_offer,blocked,0,0.0,False
3291,2024-06-13T09:10:00,60,122,1,1,35,0,0,0,0,False,sem_relacionamento_bancario,0,no_offer,blocked,0,0.0,False
3292,2024-06-13T12:35:00,62,54,1,1,38,1,0,0,1,True,,1,banner_loan_standard,exploitation,0,-0.01,False
3293,2024-06-13T12:58:00,26,39,4,2,1,0,0,0,1,True,,1,banner_loan_standard,exploration,0,-0.01,False
3294,2024-06-13T21:49:00,58,65,3,3,32,0,0,1,0,False,sem_relacionamento_bancario,0,no_offer,blocked,0,0.0,False
3295,2024-06-13T18:59:00,58,19,4,1,34,0,0,0,0,False,renda_abaixo_minimo,0,no_offer,blocked,0,0.0,False
3296,2024-06-13T21:07:00,49,82,1,2,22,0,0,1,0,False,sem_relacionamento_bancario,0,no_offer,blocked,0,0.0,False
3297,2024-06-13T09:56:00,55,85,1,3,30,0,0,0,0,False,sem_relacionamento_bancario,0,no_offer,blocked,0,0.0,False
3298,2024-06-13T15:24:00,36,195,2,1,11,0,0,1,1,True,,1,banner_loan_standard,exploitation,0,-0.01,False
3299,2024-06-13T10:04:00,54,69,3,3,24,0,0,1,0,False,sem_relacionamento_bancario,0,no_offer,blocked,0,0.0,False
3300,2024-06-13T10:22:00,44,122,1,1,20,1,0,1,0,True,,1,banner_loan_standard,exploitation,1,1.0,False
3301,2024-06-14T18:18:00,28,103,2,1,4,0,0,1,1,True,,1,banner_loan_standard,exploitation,0,-0.01,False
3302,2024-06-14T14:59:00,27,83,2,1,1,0,0,0,1,True,,1,banner_loan_standard,exploitation,1,1.0,False
3303,2024-06-14T16:32:00,40,120,2,1,16,0,0,1,0,False,sem_relacionamento_bancario,0,no_offer,blocked,0,0.0,False
3304,2024-06-14T10:36:00,57,63,4,1,32,0,0,1,0,False,sem_relacionamento_bancario,0,no_offer,blocked,0,0.0,False
3305,2024-06-14T10:32:00,34,52,2,2,7,0,0,1,0,False,sem_relacionamento_bancario,0,no_offer,blocked,0,0.0,False
3306,2024-06-14T14:06:00,62,69,2,3,36,0,0,1,0,False,sem_relacionamento_bancario,0,no_offer,blocked,0,0.0,False
3307,2024-06-14T17:31:00,61,119,2,2,36,0,0,1,0,False,sem_relacionamento_bancario,0,no_offer,blocked,0,0.0,False
3308,2024-06-14T19:07:00,30,160,1,1,6,0,0,1,0,False,sem_relacionamento_bancario,0,no_offer,blocked,0,0.0,False
3309,2024-06-14T12:41:00,56,11,2,1,32,0,0,0,0,False,renda_abaixo_minimo,0,no_offer,blocked,0,0.0,False
3310,2024-06-14T19:52:00,39,43,3,3,13,0,0,1,0,False,sem_relacionamento_bancario,0,no_offer,blocked,0,0.0,False
3311,2024-06-14T12:48:00,54,112,2,1,30,0,0,1,0,False,sem_relacionamento_bancario,0,no_offer,blocked,0,0.0,False
3312,2024-06-14T20:27:00,55,28,2,2,30,0,0,1,1,True,,1,banner_loan_standard,exploitation,0,-0.01,False
3313,2024-06-14T08:42:00,43,21,2,2,18,0,0,1,1,False,renda_abaixo_minimo,0,no_offer,blocked,0,0.0,False
3314,2024-06-14T14:32:00,34,19,4,2,10,0,0,0,0,False,renda_abaixo_minimo,0,no_offer,blocked,0,0.0,False
3315,2024-06-14T18:17:00,56,23,4,1,32,0,0,1,1,False,renda_abaixo_minimo,0,no_offer,blocked,0,0.0,False
3316,2024-06-14T09:52:00,41,14,1,1,17,0,0,0,0,False,renda_abaixo_minimo,0,no_offer,blocked,0,0.0,False
3317,2024-06-14T21:25:00,57,64,3,3,27,0,0,1,0,False,sem_relacionamento_bancario,0,no_offer,blocked,0,0.0,False
3318,2024-06-14T17:47:00,31,129,3,3,5,1,1,0,1,True,,1,banner_loan_standard,exploitation,0,-0.01,False
3319,2024-06-14T08:05:00,57,64,3,1,31,0,0,0,1,True,,1,banner_loan_standard,exploitation,0,-0.01,False
3320,2024-06-14T21:49:00,44,70,1,2,19,0,0,0,0,False,sem_relacionamento_bancario,0,no_offer,blocked,0,0.0,False
3321,2024-06-15T13:41:00,47,35,2,1,22,0,0,1,0,False,sem_relacionamento_bancario,0,no_offer,blocked,0,0.0,False
3322,2024-06-15T15:17:00,37,190,2,1,12,0,0,1,0,False,sem_relacionamento_bancario,0,no_offer,blocked,0,0.0,False
3323,2024-06-15T17:16:00,50,150,1,1,24,0,0,1,1,True,,1,banner_loan_standard,exploitation,0,-0.01,False
3324,2024-06-15T14:28:00,47,62,1,2,20,0,0,1,0,False,sem_relacionamento_bancario,0,no_offer,blocked,0,0.0,False
3325,2024-06-15T13:05:00,46,28,1,1,22,0,0,1,1,True,,1,banner_loan_standard,exploitation,0,-0.01,False
3326,2024-06-15T21:21:00,32,82,1,2,7,0,1,1,1,True,,1,banner_loan_standard,exploitation,0,-0.01,False
3327,2024-06-15T10:22:00,45,50,3,2,18,0,0,1,0,False,sem_relacionamento_bancario,0,no_offer,blocked,0,0.0,False
3328,2024-06-15T16:12:00,44,180,2,1,20,0,0,0,1,True,,1,banner_loan_standard,exploitation,0,-0.01,False
3329,2024-06-15T14:58:00,64,88,1,1,40,0,0,1,1,True,,1,banner_loan_standard,exploitation,0,-0.01,False
3330,2024-06-15T20:33:00,48,41,1,3,23,0,0,0,1,True,,1,banner_loan_standard,exploration,0,-0.01,False
3331,2024-06-15T10:57:00,34,88,2,1,10,0,0,1,0,False,sem_relacionamento_bancario,0,no_offer,blocked,0,0.0,False
3332,2024-06-15T09:34:00,41,75,1,3,15,0,0,1,0,False,sem_relacionamento_bancario,0,no_offer,blocked,0,0.0,False
3333,2024-06-15T13:02:00,53,14,4,1,28,0,0,1,1,False,renda_abaixo_minimo,0,no_offer,blocked,0,0.0,False
3334,2024-06-15T17:55:00,55,35,3,1,29,0,0,0,0,False,sem_relacionamento_bancario,0,no_offer,blocked,0,0.0,False
3335,2024-06-15T18:05:00,58,43,2,3,33,0,0,1,0,False,sem_relacionamento_bancario,0,no_offer,blocked,0,0.0,False
3336,2024-06-15T14:47:00,60,39,2,3,35,0,0,1,0,False,sem_relacionamento_bancario,0,no_offer,blocked,0,0.0,False
3337,2024-06-15T08:18:00,50,24,4,2,26,0,0,0,1,False,renda_abaixo_minimo,0,no_offer,blocked,0,0.0,False
3338,2024-06-15T16:51:00,31,85,3,1,5,0,0,1,1,True,,0,no_offer,exploration,0,0.0,False
3339,2024-06-15T19:04:00,57,69,4,1,32,0,0,0,0,False,sem_relacionamento_bancario,0,no_offer,blocked,0,0.0,False
3340,2024-06-15T10:10:00,56,45,4,2,29,0,0,1,0,False,sem_relacionamento_bancario,0,no_offer,blocked,0,0.0,False
3341,2024-06-16T16:29:00,28,114,2,1,4,0,0,1,0,False,sem_relacionamento_bancario,0,no_offer,blocked,0,0.0,False
3342,2024-06-16T11:04:00,48,84,2,3,22,0,0,0,0,False,sem_relacionamento_bancario,0,no_offer,blocked,0,0.0,False
3343,2024-06-16T08:26:00,35,105,2,3,9,0,0,0,0,False,sem_relacionamento_bancario,0,no_offer,blocked,0,0.0,False
3344,2024-06-16T09:11:00,41,54,3,3,15,0,0,1,1,True,,0,no_offer,exploration,0,0.0,False
3345,2024-06-16T15:34:00,44,105,1,1,20,0,0,0,1,True,,1,banner_loan_standard,exploration,1,1.0,False
3346,2024-06-16T13:35:00,49,23,4,3,23,1,0,0,0,False,renda_abaixo_minimo,0,no_offer,blocked,0,0.0,False
3347,2024-06-16T18:54:00,40,33,2,3,14,0,0,1,0,False,sem_relacionamento_bancario,0,no_offer,blocked,0,0.0,False
3348,2024-06-16T13:14:00,27,99,1,3,1,0,0,0,1,True,,1,banner_loan_standard,exploitation,0,-0.01,False
3349,2024-06-16T19:30:00,50,61,4,1,24,0,0,1,0,False,sem_relacionamento_bancario,0,no_offer,blocked,0,0.0,False
3350,2024-06-16T17:40:00,43,35,3,1,19,0,0,1,0,False,sem_relacionamento_bancario,0,no_offer,blocked,0,0.0,False
3351,2024-06-16T18:15:00,23,81,2,2,-2,0,0,0,0,False,sem_relacionamento_bancario,0,no_offer,blocked,0,0.0,False
3352,2024-06-16T17:48:00,43,42,1,3,18,0,0,1,0,False,sem_relacionamento_bancario,0,no_offer,blocked,0,0.0,False
3353,2024-06-16T09:23:00,49,35,4,2,24,0,0,0,1,True,,1,banner_loan_standard,exploitation,0,-0.01,False
3354,2024-06-16T14:01:00,52,58,4,3,27,0,0,0,0,False,sem_relacionamento_bancario,0,no_offer,blocked,0,0.0,False
3355,2024-06-16T17:28:00,31,84,4,2,5,1,0,1,0,True,,1,banner_loan_standard,exploitation,0,-0.01,False
3356,2024-06-16T10:57:00,42,139,2,3,17,0,0,1,0,False,sem_relacionamento_bancario,0,no_offer,blocked,0,0.0,False
3357,2024-06-16T08:52:00,56,59,3,1,30,1,0,1,0,True,,1,banner_loan_standard,exploitation,0,-0.01,False
3358,2024-06-16T10:53:00,47,203,2,1,22,0,0,1,0,False,sem_relacionamento_bancario,0,no_offer,blocked,0,0.0,False
3359,2024-06-16T17:17:00,48,58,2,1,24,0,0,0,0,False,sem_relacionamento_bancario,0,no_offer,blocked,0,0.0,False
3360,2024-06-16T16:00:00,63,40,1,1,39,0,0,0,1,True,,1,banner_loan_standard,exploitation,0,-0.01,False
3361,2024-06-17T12:26:00,53,84,2,1,27,0,0,1,0,False,sem_relacionamento_bancario,0,no_offer,blocked,0,0.0,False
3362,2024-06-17T19:35:00,31,184,4,2,5,0,1,1,1,True,,1,banner_loan_standard,exploitation,1,1.0,False
3363,2024-06-17T19:44:00,40,59,3,3,14,0,0,1,0,False,sem_relacionamento_bancario,0,no_offer,blocked,0,0.0,False
3364,2024-06-17T17:51:00,49,35,4,2,24,0,0,0,1,True,,1,banner_loan_standard,exploitation,0,-0.01,False
3365,2024-06-17T09:55:00,48,45,1,1,23,0,0,1,1,True,,1,banner_loan_standard,exploitation,0,-0.01,False
3366,2024-06-17T21:21:00,60,122,1,1,35,0,0,0,0,False,sem_relacionamento_bancario,0,no_offer,blocked,0,0.0,False
3367,2024-06-17T14:29:00,50,21,1,1,26,0,0,1,0,False,renda_abaixo_minimo,0,no_offer,blocked,0,0.0,False
3368,2024-06-17T12:08:00,44,111,2,2,20,0,0,1,0,False,sem_relacionamento_bancario,0,no_offer,blocked,0,0.0,False
3369,2024-06-17T18:48:00,61,64,1,2,37,0,0,0,1,True,,1,banner_loan_standard,exploitation,0,-0.01,False
3370,2024-06-17T14:29:00,52,43,3,2,25,0,1,1,1,True,,1,banner_loan_standard,exploitation,0,-0.01,False
3371,2024-06-17T19:30:00,44,70,1,2,19,1,0,0,0,True,,1,banner_loan_standard,exploitation,0,-0.01,False
3372,2024-06-17T15:40:00,57,64,3,1,31,0,0,0,1,True,,1,banner_loan_standard,exploitation,0,-0.01,False
3373,2024-06-17T12:57:00,40,53,3,3,14,1,1,1,1,True,,1,banner_loan_standard,exploration,0,-0.01,False
3374,2024-06-17T12:28:00,56,38,4,1,32,0,0,1,1,True,,0,no_offer,exploration,0,0.0,False
3375,2024-06-17T11:37:00,63,31,1,3,37,0,0,1,0,False,sem_relacionamento_bancario,0,no_offer,blocked,0,0.0,False
3376,2024-06-17T11:49:00,41,58,3,3,15,0,0,1,0,False,sem_relacionamento_bancario,0,no_offer,blocked,0,0.0,False
3377,2024-06-17T16:01:00,38,52,1,1,12,0,0,0,0,False,sem_relacionamento_bancario,0,no_offer,blocked,0,0.0,False
3378,2024-06-17T16:56:00,49,70,1,1,24,0,0,0,1,True,,1,banner_loan_standard,exploitation,0,-0.01,False
3379,2024-06-17T12:12:00,42,28,1,3,17,0,0,0,1,True,,1,banner_loan_standard,exploitation,0,-0.01,False
3380,2024-06-17T10:11:00,51,68,1,2,25,0,0,0,0,False,sem_relacionamento_bancario,0,no_offer,blocked,0,0.0,False
3381,2024-06-18T16:56:00,43,63,3,3,19,0,0,0,0,False,sem_relacionamento_bancario,0,no_offer,blocked,0,0.0,False
3382,2024-06-18T10:34:00,42,29,3,3,12,0,0,0,0,False,sem_relacionamento_bancario,0,no_offer,blocked,0,0.0,False
3383,2024-06-18T19:29:00,43,44,3,2,16,0,0,1,0,False,sem_relacionamento_bancario,0,no_offer,blocked,0,0.0,False
3384,2024-06-18T12:33:00,34,154,3,2,10,0,0,1,0,False,sem_relacionamento_bancario,0,no_offer,blocked,0,0.0,False
3385,2024-06-18T13:38:00,29,183,3,3,4,0,0,1,0,False,sem_relacionamento_bancario,0,no_offer,blocked,0,0.0,False
3386,2024-06-18T20:56:00,40,39,1,1,14,0,0,1,0,False,sem_relacionamento_bancario,0,no_offer,blocked,0,0.0,False
3387,2024-06-18T12:19:00,33,78,4,2,6,1,0,1,0,True,,1,banner_loan_standard,exploitation,0,-0.01,False
3388,2024-06-18T12:23:00,61,61,3,3,37,0,0,1,0,False,sem_relacionamento_bancario,0,no_offer,blocked,0,0.0,False
3389,2024-06-18T15:49:00,25,118,1,1,1,0,0,1,1,True,,1,banner_loan_standard,exploitation,0,-0.01,False
3390,2024-06-18T11:11:00,32,83,2,1,7,1,0,1,0,True,,1,banner_loan_standard,exploitation,0,-0.01,False
3391,2024-06-18T20:44:00,31,29,1,1,5,0,0,0,0,False,sem_relacionamento_bancario,0,no_offer,blocked,0,0.0,False
3392,2024-06-18T17:38:00,27,130,3,2,1,0,0,0,0,False,sem_relacionamento_bancario,0,no_offer,blocked,0,0.0,False
3393,2024-06-18T16:45:00,62,162,1,1,37,0,0,1,0,False,sem_relacionamento_bancario,0,no_offer,blocked,0,0.0,False
3394,2024-06-18T19:08:00,54,70,3,2,29,0,0,1,1,True,,1,banner_loan_standard,exploitation,0,-0.01,False
3395,2024-06-18T15:49:00,29,40,1,3,3,0,0,1,0,False,sem_relacionamento_bancario,0,no_offer,blocked,0,0.0,False
3396,2024-06-18T18:31:00,60,29,3,1,35,0,0,1,1,True,,1,banner_loan_standard,exploration,0,-0.01,False
3397,2024-06-18T09:14:00,42,11,1,1,16,0,0,0,1,False,renda_abaixo_minimo,0,no_offer,blocked,0,0.0,False
3398,2024-06-18T13:15:00,28,103,2,1,4,0,0,1,1,True,,1,banner_loan_standard,exploitation,0,-0.01,False
3399,2024-06-18T08:17:00,28,51,4,2,2,1,0,0,0,True,,1,banner_loan_standard,exploitation,0,-0.01,False
3400,2024-06-18T14:03:00,62,128,1,1,37,0,0,0,0,False,sem_relacionamento_bancario,0,no_offer,blocked,0,0.0,False
3401,2024-06-19T17:04:00,47,38,2,3,23,0,0,0,0,False,sem_relacionamento_bancario,0,no_offer,blocked,0,0.0,False
3402,2024-06-19T19:54:00,34,28,3,1,8,0,0,0,0,False,sem_relacionamento_bancario,0,no_offer,blocked,0,0.0,False
3403,2024-06-19T10:25:00,65,143,4,2,40,0,0,1,0,False,sem_relacionamento_bancario,0,no_offer,blocked,0,0.0,False
3404,2024-06-19T21:14:00,62,83,4,3,36,1,0,0,0,True,,1,banner_loan_standard,exploitation,0,-0.01,False
3405,2024-06-19T08:32:00,36,70,3,2,12,0,0,1,0,False,sem_relacionamento_bancario,0,no_offer,blocked,0,0.0,False
3406,2024-06-19T16:42:00,38,91,1,1,13,0,0,1,1,True,,1,banner_loan_standard,exploitation,0,-0.01,False
3407,2024-06-19T08:57:00,52,135,1,1,27,0,0,1,0,False,sem_relacionamento_bancario,0,no_offer,blocked,0,0.0,False
3408,2024-06-19T10:52:00,42,143,1,1,18,1,0,1,0,True,,1,banner_loan_standard,exploitation,0,-0.01,False
3409,2024-06-19T14:55:00,58,44,3,3,32,0,0,0,0,False,sem_relacionamento_bancario,0,no_offer,blocked,0,0.0,False
3410,2024-06-19T20:17:00,49,91,1,2,24,0,0,0,0,False,sem_relacionamento_bancario,0,no_offer,blocked,0,0.0,False
3411,2024-06-19T14:39:00,60,65,4,2,34,1,0,1,0,True,,1,banner_loan_standard,exploitation,0,-0.01,False
3412,2024-06-19T09:08:00,48,80,2,2,22,0,0,1,0,False,sem_relacionamento_bancario,0,no_offer,blocked,0,0.0,False
3413,2024-06-19T08:31:00,40,81,2,1,15,0,0,1,0,False,sem_relacionamento_bancario,0,no_offer,blocked,0,0.0,False
3414,2024-06-19T20:53:00,42,114,1,1,18,0,0,0,0,False,sem_relacionamento_bancario,0,no_offer,blocked,0,0.0,False
3415,2024-06-19T08:18:00,33,105,1,1,9,0,0,1,0,False,sem_relacionamento_bancario,0,no_offer,blocked,0,0.0,False
3416,2024-06-19T18:05:00,48,43,4,3,23,0,0,1,0,False,sem_relacionamento_bancario,0,no_offer,blocked,0,0.0,False
3417,2024-06-19T10:55:00,54,108,4,2,28,0,0,1,0,False,sem_relacionamento_bancario,0,no_offer,blocked,0,0.0,False
3418,2024-06-19T12:33:00,43,58,1,1,18,0,0,0,0,False,sem_relacionamento_bancario,0,no_offer,blocked,0,0.0,False
3419,2024-06-19T11:24:00,38,119,2,1,13,0,0,0,0,False,sem_relacionamento_bancario,0,no_offer,blocked,0,0.0,False
3420,2024-06-19T18:26:00,65,114,4,2,40,0,0,0,1,True,,1,banner_loan_standard,exploration,0,-0.01,False
3421,2024-06-20T17:29:00,51,69,3,2,26,0,0,1,0,False,sem_relacionamento_bancario,0,no_offer,blocked,0,0.0,False
3422,2024-06-20T08:15:00,36,22,4,1,12,1,0,1,0,False,renda_abaixo_minimo,0,no_offer,blocked,0,0.0,False
3423,2024-06-20T15:11:00,30,69,4,1,6,0,0,0,1,True,,1,banner_loan_standard,exploitation,0,-0.01,False
3424,2024-06-20T10:48:00,39,75,3,1,13,0,0,1,0,False,sem_relacionamento_bancario,0,no_offer,blocked,0,0.0,False
3425,2024-06-20T12:49:00,56,11,2,3,31,0,0,0,0,False,renda_abaixo_minimo,0,no_offer,blocked,0,0.0,False
3426,2024-06-20T18:35:00,44,129,2,1,20,0,0,1,0,False,sem_relacionamento_bancario,0,no_offer,blocked,0,0.0,False
3427,2024-06-20T08:31:00,44,14,2,3,18,0,0,0,1,False,renda_abaixo_minimo,0,no_offer,blocked,0,0.0,False
3428,2024-06-20T16:05:00,54,28,2,1,30,0,0,1,0,False,sem_relacionamento_bancario,0,no_offer,blocked,0,0.0,False
3429,2024-06-20T15:26:00,35,29,3,1,9,0,0,1,0,False,sem_relacionamento_bancario,0,no_offer,blocked,0,0.0,False
3430,2024-06-20T11:24:00,42,55,2,1,16,0,0,0,0,False,sem_relacionamento_bancario,0,no_offer,blocked,0,0.0,False
3431,2024-06-20T09:08:00,26,48,3,2,2,0,0,1,0,False,sem_relacionamento_bancario,0,no_offer,blocked,0,0.0,False
3432,2024-06-20T19:52:00,55,29,4,3,29,0,0,1,0,False,sem_relacionamento_bancario,0,no_offer,blocked,0,0.0,False
3433,2024-06-20T20:37:00,51,20,4,2,27,0,0,1,0,False,renda_abaixo_minimo,0,no_offer,blocked,0,0.0,False
3434,2024-06-20T10:19:00,41,83,4,1,17,0,0,1,0,False,sem_relacionamento_bancario,0,no_offer,blocked,0,0.0,False
3435,2024-06-20T13:38:00,40,43,4,1,15,0,0,0,0,False,sem_relacionamento_bancario,0,no_offer,blocked,0,0.0,False
3436,2024-06-20T08:54:00,28,173,2,1,3,0,0,1,0,False,sem_relacionamento_bancario,0,no_offer,blocked,0,0.0,False
3437,2024-06-20T08:36:00,61,193,1,3,36,0,0,1,0,False,sem_relacionamento_bancario,0,no_offer,blocked,0,0.0,False
3438,2024-06-20T13:44:00,25,98,1,1,1,0,0,1,0,False,sem_relacionamento_bancario,0,no_offer,blocked,0,0.0,False
3439,2024-06-20T09:46:00,27,142,3,1,1,0,0,0,0,False,sem_relacionamento_bancario,0,no_offer,blocked,0,0.0,False
3440,2024-06-20T20:25:00,39,18,4,3,14,1,0,0,0,False,renda_abaixo_minimo,0,no_offer,blocked,0,0.0,False
3441,2024-06-21T16:13:00,43,42,1,3,18,0,0,1,0,False,sem_relacionamento_bancario,0,no_offer,blocked,0,0.0,False
3442,2024-06-21T17:53:00,59,83,3,1,33,0,0,1,0,False,sem_relacionamento_bancario,0,no_offer,blocked,0,0.0,False
3443,2024-06-21T14:45:00,49,33,3,2,24,0,0,1,0,False,sem_relacionamento_bancario,0,no_offer,blocked,0,0.0,False
3444,2024-06-21T17:30:00,43,123,3,1,19,0,0,1,0,False,sem_relacionamento_bancario,0,no_offer,blocked,0,0.0,False
3445,2024-06-21T17:31:00,50,48,1,2,26,0,0,0,1,True,,1,banner_loan_standard,exploitation,0,-0.01,False
3446,2024-06-21T17:47:00,30,95,1,3,6,0,0,0,1,True,,1,banner_loan_standard,exploration,0,-0.01,False
3447,2024-06-21T15:44:00,61,23,3,2,37,0,0,0,0,False,renda_abaixo_minimo,0,no_offer,blocked,0,0.0,False
3448,2024-06-21T18:31:00,59,75,4,3,35,1,0,0,0,True,,1,banner_loan_standard,exploitation,0,-0.01,False
3449,2024-06-21T11:17:00,33,19,2,2,9,0,0,1,0,False,renda_abaixo_minimo,0,no_offer,blocked,0,0.0,False
3450,2024-06-21T21:17:00,62,38,1,3,37,0,0,1,0,False,sem_relacionamento_bancario,0,no_offer,blocked,0,0.0,False
3451,2024-06-21T12:25:00,34,39,4,1,8,0,0,1,0,False,sem_relacionamento_bancario,0,no_offer,blocked,0,0.0,False
3452,2024-06-21T15:19:00,27,158,3,2,2,0,1,1,0,True,,1,banner_loan_standard,exploitation,0,-0.01,False
3453,2024-06-21T21:52:00,36,90,4,3,6,1,0,0,0,True,,1,banner_loan_standard,exploitation,0,-0.01,False
3454,2024-06-21T18:30:00,59,161,1,1,35,0,0,0,1,True,,0,no_offer,exploration,0,0.0,False
3455,2024-06-21T08:47:00,38,12,2,2,13,1,0,1,0,False,renda_abaixo_minimo,0,no_offer,blocked,0,0.0,False
3456,2024-06-21T10:11:00,44,105,1,1,20,0,0,0,1,True,,1,banner_loan_standard,exploitation,0,-0.01,False
3457,2024-06-21T18:36:00,67,105,4,2,43,0,0,1,0,False,sem_relacionamento_bancario,0,no_offer,blocked,0,0.0,False
3458,2024-06-21T12:14:00,31,170,1,1,7,0,0,1,0,False,sem_relacionamento_bancario,0,no_offer,blocked,0,0.0,False
3459,2024-06-21T19:01:00,27,41,1,3,1,0,0,0,1,True,,1,banner_loan_standard,exploitation,0,-0.01,False
3460,2024-06-21T13:49:00,61,74,2,2,35,0,0,1,1,True,,1,banner_loan_standard,exploitation,0,-0.01,False
3461,2024-06-22T13:22:00,60,64,3,1,34,0,0,1,0,False,sem_relacionamento_bancario,0,no_offer,blocked,0,0.0,False
3462,2024-06-22T18:25:00,64,64,3,1,39,0,0,1,0,False,sem_relacionamento_bancario,0,no_offer,blocked,0,0.0,False
3463,2024-06-22T10:10:00,26,80,1,2,1,0,0,0,0,False,sem_relacionamento_bancario,0,no_offer,blocked,0,0.0,False
3464,2024-06-22T19:55:00,60,64,3,3,34,0,0,0,0,False,sem_relacionamento_bancario,0,no_offer,blocked,0,0.0,False
3465,2024-06-22T09:58:00,62,65,1,2,38,0,0,1,0,False,sem_relacionamento_bancario,0,no_offer,blocked,0,0.0,False
3466,2024-06-22T09:54:00,43,130,2,3,19,0,0,0,1,True,,1,banner_loan_standard,exploitation,1,1.0,False
3467,2024-06-22T21:49:00,35,29,4,3,10,0,0,1,0,False,sem_relacionamento_bancario,0,no_offer,blocked,0,0.0,False
3468,2024-06-22T21:53:00,53,75,1,2,27,0,0,1,0,False,sem_relacionamento_bancario,0,no_offer,blocked,0,0.0,False
3469,2024-06-22T18:43:00,51,179,1,1,26,1,0,1,0,True,,1,banner_loan_standard,exploitation,0,-0.01,False
3470,2024-06-22T19:02:00,57,68,1,3,27,0,0,1,0,False,sem_relacionamento_bancario,0,no_offer,blocked,0,0.0,False
3471,2024-06-22T12:38:00,49,41,4,1,23,0,0,1,0,False,sem_relacionamento_bancario,0,no_offer,blocked,0,0.0,False
3472,2024-06-22T21:55:00,61,18,1,3,31,0,0,1,1,False,renda_abaixo_minimo,0,no_offer,blocked,0,0.0,False
3473,2024-06-22T16:20:00,25,113,2,1,1,0,0,1,1,True,,0,no_offer,exploration,0,0.0,False
3474,2024-06-22T17:42:00,52,25,4,1,28,0,0,0,0,False,sem_relacionamento_bancario,0,no_offer,blocked,0,0.0,False
3475,2024-06-22T10:47:00,51,190,2,2,25,0,0,1,0,False,sem_relacionamento_bancario,0,no_offer,blocked,0,0.0,False
3476,2024-06-22T13:20:00,34,18,4,1,8,0,0,0,0,False,renda_abaixo_minimo,0,no_offer,blocked,0,0.0,False
3477,2024-06-22T19:51:00,45,25,2,3,19,0,0,1,0,False,sem_relacionamento_bancario,0,no_offer,blocked,0,0.0,False
3478,2024-06-22T19:31:00,61,50,4,1,36,0,0,1,0,False,sem_relacionamento_bancario,0,no_offer,blocked,0,0.0,False
3479,2024-06-22T09:22:00,44,18,2,3,18,0,0,1,0,False,renda_abaixo_minimo,0,no_offer,blocked,0,0.0,False
3480,2024-06-22T20:04:00,53,72,2,2,27,0,0,1,0,False,sem_relacionamento_bancario,0,no_offer,blocked,0,0.0,False
3481,2024-06-23T11:27:00,34,52,4,2,8,0,0,0,0,False,sem_relacionamento_bancario,0,no_offer,blocked,0,0.0,False
3482,2024-06-23T21:07:00,45,114,2,2,20,0,0,0,0,False,sem_relacionamento_bancario,0,no_offer,blocked,0,0.0,False
3483,2024-06-23T16:56:00,33,145,1,3,8,0,0,1,0,False,sem_relacionamento_bancario,0,no_offer,blocked,0,0.0,False
3484,2024-06-23T10:34:00,40,132,2,1,15,0,0,1,0,False,sem_relacionamento_bancario,0,no_offer,blocked,0,0.0,False
3485,2024-06-23T12:20:00,37,34,3,1,11,0,0,1,0,False,sem_relacionamento_bancario,0,no_offer,blocked,0,0.0,False
3486,2024-06-23T17:17:00,36,25,1,3,6,0,0,1,0,False,sem_relacionamento_bancario,0,no_offer,blocked,0,0.0,False
3487,2024-06-23T08:07:00,63,41,4,2,39,0,0,1,0,False,sem_relacionamento_bancario,0,no_offer,blocked,0,0.0,False
3488,2024-06-23T10:48:00,48,144,4,2,24,0,0,0,0,False,sem_relacionamento_bancario,0,no_offer,blocked,0,0.0,False
3489,2024-06-23T08:42:00,28,81,3,1,4,0,0,1,0,False,sem_relacionamento_bancario,0,no_offer,blocked,0,0.0,False
3490,2024-06-23T09:05:00,58,42,4,1,33,0,0,0,0,False,sem_relacionamento_bancario,0,no_offer,blocked,0,0.0,False
3491,2024-06-23T11:11:00,47,60,3,1,21,0,0,1,1,True,,1,banner_loan_standard,exploitation,0,-0.01,False
3492,2024-06-23T20:01:00,54,24,4,1,30,1,0,0,0,False,renda_abaixo_minimo,0,no_offer,blocked,0,0.0,False
3493,2024-06-23T08:31:00,52,31,4,1,28,0,0,1,1,True,,1,banner_loan_standard,exploitation,0,-0.01,False
3494,2024-06-23T14:29:00,53,24,2,1,29,0,0,0,1,False,renda_abaixo_minimo,0,no_offer,blocked,0,0.0,False
3495,2024-06-23T19:13:00,57,131,2,1,31,0,0,0,0,False,sem_relacionamento_bancario,0,no_offer,blocked,0,0.0,False
3496,2024-06-23T19:29:00,58,11,2,1,34,0,0,1,0,False,renda_abaixo_minimo,0,no_offer,blocked,0,0.0,False
3497,2024-06-23T08:31:00,30,85,4,3,4,0,0,1,0,False,sem_relacionamento_bancario,0,no_offer,blocked,0,0.0,False
3498,2024-06-23T13:26:00,40,78,4,1,16,1,1,1,0,True,,1,banner_loan_standard,exploitation,0,-0.01,False
3499,2024-06-23T15:23:00,44,122,1,1,20,1,0,1,0,True,,0,no_offer,exploration,0,0.0,False
3500,2024-06-23T18:21:00,54,65,4,3,29,0,0,0,1,True,,1,banner_loan_standard,exploration,0,-0.01,False
3501,2024-06-24T09:43:00,48,41,1,3,23,0,0,0,1,True,,0,no_offer,exploration,0,0.0,False
3502,2024-06-24T19:56:00,39,25,4,3,13,0,0,1,0,False,sem_relacionamento_bancario,0,no_offer,blocked,0,0.0,False
3503,2024-06-24T18:27:00,39,69,3,1,13,0,0,0,0,False,sem_relacionamento_bancario,0,no_offer,blocked,0,0.0,False
3504,2024-06-24T15:59:00,39,78,1,3,13,0,0,0,0,False,sem_relacionamento_bancario,0,no_offer,blocked,0,0.0,False
3505,2024-06-24T14:22:00,57,25,2,1,33,0,0,1,0,False,sem_relacionamento_bancario,0,no_offer,blocked,0,0.0,False
3506,2024-06-24T17:34:00,32,125,1,1,7,0,0,1,1,True,,1,banner_loan_standard,exploitation,0,-0.01,False
3507,2024-06-24T11:28:00,36,69,3,2,12,0,0,1,0,False,sem_relacionamento_bancario,0,no_offer,blocked,0,0.0,False
3508,2024-06-24T17:27:00,39,23,3,2,12,0,0,1,1,False,renda_abaixo_minimo,0,no_offer,blocked,0,0.0,False
3509,2024-06-24T19:23:00,56,190,3,1,32,0,1,1,0,True,,1,banner_loan_standard,exploitation,1,1.0,False
3510,2024-06-24T15:41:00,36,93,2,1,12,0,0,1,0,False,sem_relacionamento_bancario,0,no_offer,blocked,0,0.0,False
3511,2024-06-24T13:44:00,55,172,1,2,29,0,0,0,0,False,sem_relacionamento_bancario,0,no_offer,blocked,0,0.0,False
3512,2024-06-24T12:07:00,30,85,1,2,5,0,0,1,0,False,sem_relacionamento_bancario,0,no_offer,blocked,0,0.0,False
3513,2024-06-24T08:48:00,40,41,1,2,16,0,0,0,1,True,,1,banner_loan_standard,exploitation,0,-0.01,False
3514,2024-06-24T09:29:00,48,70,1,2,23,0,0,0,0,False,sem_relacionamento_bancario,0,no_offer,blocked,0,0.0,False
3515,2024-06-24T15:38:00,41,53,1,3,15,0,0,1,0,False,sem_relacionamento_bancario,0,no_offer,blocked,0,0.0,False
3516,2024-06-24T17:56:00,35,85,4,3,5,0,0,1,0,False,sem_relacionamento_bancario,0,no_offer,blocked,0,0.0,False
3517,2024-06-24T15:27:00,59,60,1,2,35,0,0,1,1,True,,1,banner_loan_standard,exploitation,0,-0.01,False
3518,2024-06-24T21:52:00,52,54,2,2,26,0,0,0,1,True,,1,banner_loan_standard,exploitation,0,-0.01,False
3519,2024-06-24T19:47:00,41,25,2,2,16,0,0,0,1,True,,1,banner_loan_standard,exploration,1,1.0,False
3520,2024-06-24T12:02:00,51,70,1,3,25,1,0,1,0,True,,1,banner_loan_standard,exploitation,0,-0.01,False
3521,2024-06-25T19:30:00,63,110,3,2,38,0,0,1,0,False,sem_relacionamento_bancario,0,no_offer,blocked,0,0.0,False
3522,2024-06-25T17:57:00,53,81,3,2,27,0,0,0,0,False,sem_relacionamento_bancario,0,no_offer,blocked,0,0.0,False
3523,2024-06-25T18:39:00,35,33,2,1,9,1,0,1,0,True,,1,banner_loan_standard,exploitation,0,-0.01,False
3524,2024-06-25T10:22:00,46,41,1,3,21,0,0,0,0,False,sem_relacionamento_bancario,0,no_offer,blocked,0,0.0,False
3525,2024-06-25T21:33:00,38,81,1,2,14,0,0,1,1,True,,1,banner_loan_standard,exploitation,0,-0.01,False
3526,2024-06-25T17:18:00,48,79,1,2,23,0,0,0,0,False,sem_relacionamento_bancario,0,no_offer,blocked,0,0.0,False
3527,2024-06-25T09:40:00,46,118,1,1,20,0,1,1,1,True,,1,banner_loan_standard,exploitation,0,-0.01,False
3528,2024-06-25T20:41:00,51,163,2,3,25,0,0,1,0,False,sem_relacionamento_bancario,0,no_offer,blocked,0,0.0,False
3529,2024-06-25T16:51:00,48,29,1,1,24,0,0,0,0,False,sem_relacionamento_bancario,0,no_offer,blocked,0,0.0,False
3530,2024-06-25T21:43:00,26,54,3,2,0,0,0,1,0,False,sem_relacionamento_bancario,0,no_offer,blocked,0,0.0,False
3531,2024-06-25T16:18:00,54,195,2,2,27,0,0,0,0,False,sem_relacionamento_bancario,0,no_offer,blocked,0,0.0,False
3532,2024-06-25T18:39:00,59,91,2,2,33,0,0,1,1,True,,1,banner_loan_standard,exploitation,0,-0.01,False
3533,2024-06-25T19:20:00,60,28,1,3,30,1,0,1,0,True,,1,banner_loan_standard,exploration,0,-0.01,False
3534,2024-06-25T17:18:00,62,54,1,1,38,1,0,0,1,True,,1,banner_loan_standard,exploitation,0,-0.01,False
3535,2024-06-25T21:21:00,63,15,1,2,37,0,0,1,0,False,renda_abaixo_minimo,0,no_offer,blocked,0,0.0,False
3536,2024-06-25T10:36:00,54,79,4,3,28,0,0,0,0,False,sem_relacionamento_bancario,0,no_offer,blocked,0,0.0,False
3537,2024-06-25T09:11:00,53,41,2,3,28,1,0,0,0,True,,1,banner_loan_standard,exploitation,0,-0.01,False
3538,2024-06-25T15:43:00,26,99,4,3,0,0,0,0,1,True,,1,banner_loan_standard,exploitation,1,1.0,False
3539,2024-06-25T20:58:00,58,138,2,1,33,0,0,1,0,False,sem_relacionamento_bancario,0,no_offer,blocked,0,0.0,False
3540,2024-06-25T09:28:00,59,32,3,2,35,0,0,0,1,True,,1,banner_loan_standard,exploitation,0,-0.01,False
3541,2024-06-26T08:09:00,34,75,1,1,9,0,0,0,0,False,sem_relacionamento_bancario,0,no_offer,blocked,0,0.0,False
3542,2024-06-26T09:43:00,39,58,2,2,13,0,0,1,0,False,sem_relacionamento_bancario,0,no_offer,blocked,0,0.0,False
3543,2024-06-26T14:07:00,37,78,4,2,13,0,0,1,0,False,sem_relacionamento_bancario,0,no_offer,blocked,0,0.0,False
3544,2024-06-26T13:43:00,51,88,1,2,27,1,0,0,1,True,,1,banner_loan_standard,exploitation,0,-0.01,False
3545,2024-06-26T15:44:00,51,23,1,1,27,0,0,1,0,False,renda_abaixo_minimo,0,no_offer,blocked,0,0.0,False
3546,2024-06-26T18:51:00,44,172,2,3,19,1,1,1,0,True,,1,banner_loan_standard,exploitation,0,-0.01,False
3547,2024-06-26T12:16:00,47,138,2,1,23,0,0,1,1,True,,1,banner_loan_standard,exploitation,0,-0.01,False
3548,2024-06-26T21:07:00,50,19,4,3,20,0,0,0,0,False,renda_abaixo_minimo,0,no_offer,blocked,0,0.0,False
3549,2024-06-26T15:22:00,46,52,3,2,21,0,0,0,1,True,,1,banner_loan_standard,exploitation,0,-0.01,False
3550,2024-06-26T12:53:00,46,25,4,1,22,0,0,1,1,True,,1,banner_loan_standard,exploitation,0,-0.01,False
3551,2024-06-26T11:49:00,33,120,1,3,7,0,0,1,0,False,sem_relacionamento_bancario,0,no_offer,blocked,0,0.0,False
3552,2024-06-26T14:45:00,41,81,4,3,17,1,0,0,0,True,,1,banner_loan_standard,exploitation,0,-0.01,False
3553,2024-06-26T18:47:00,50,179,1,3,26,0,0,0,1,True,,1,banner_loan_standard,exploitation,0,-0.01,False
3554,2024-06-26T15:38:00,52,95,1,1,26,0,0,1,0,False,sem_relacionamento_bancario,0,no_offer,blocked,0,0.0,False
3555,2024-06-26T18:34:00,50,29,2,1,25,0,0,0,0,False,sem_relacionamento_bancario,0,no_offer,blocked,0,0.0,False
3556,2024-06-26T13:36:00,28,84,1,3,2,1,1,0,1,True,,1,banner_loan_standard,exploitation,0,-0.01,False
3557,2024-06-26T18:27:00,44,54,1,1,18,0,0,0,0,False,sem_relacionamento_bancario,0,no_offer,blocked,0,0.0,False
3558,2024-06-26T15:33:00,39,109,1,1,15,0,0,1,0,False,sem_relacionamento_bancario,0,no_offer,blocked,0,0.0,False
3559,2024-06-26T19:16:00,59,42,4,1,35,0,0,1,0,False,sem_relacionamento_bancario,0,no_offer,blocked,0,0.0,False
3560,2024-06-26T08:46:00,65,23,3,2,39,0,0,0,1,False,renda_abaixo_minimo,0,no_offer,blocked,0,0.0,False
3561,2024-06-27T21:51:00,51,62,1,2,26,0,0,1,0,False,sem_relacionamento_bancario,0,no_offer,blocked,0,0.0,False
3562,2024-06-27T08:59:00,39,104,1,3,14,0,1,1,1,True,,1,banner_loan_standard,exploitation,1,1.0,False
3563,2024-06-27T08:28:00,43,74,4,1,18,0,0,0,0,False,sem_relacionamento_bancario,0,no_offer,blocked,0,0.0,False
3564,2024-06-27T12:09:00,33,80,2,3,7,0,0,1,1,True,,1,banner_loan_standard,exploitation,0,-0.01,False
3565,2024-06-27T13:55:00,40,140,3,1,16,0,0,0,0,False,sem_relacionamento_bancario,0,no_offer,blocked,0,0.0,False
3566,2024-06-27T10:56:00,66,95,2,3,42,0,0,1,0,False,sem_relacionamento_bancario,0,no_offer,blocked,0,0.0,False
3567,2024-06-27T21:07:00,39,68,3,1,13,1,0,1,0,True,,1,banner_loan_standard,exploitation,1,1.0,False
3568,2024-06-27T17:08:00,49,109,1,1,24,0,0,0,0,False,sem_relacionamento_bancario,0,no_offer,blocked,0,0.0,False
3569,2024-06-27T08:40:00,41,18,1,3,16,0,0,0,1,False,renda_abaixo_minimo,0,no_offer,blocked,0,0.0,False
3570,2024-06-27T16:48:00,60,64,2,3,34,0,0,0,1,True,,1,banner_loan_standard,exploitation,0,-0.01,False
3571,2024-06-27T08:24:00,46,152,2,1,22,0,0,1,0,False,sem_relacionamento_bancario,0,no_offer,blocked,0,0.0,False
3572,2024-06-27T14:52:00,39,30,4,1,15,1,0,0,1,True,,1,banner_loan_standard,exploitation,0,-0.01,False
3573,2024-06-27T17:13:00,41,79,1,3,16,0,0,1,0,False,sem_relacionamento_bancario,0,no_offer,blocked,0,0.0,False
3574,2024-06-27T14:55:00,53,174,1,2,27,0,0,1,0,False,sem_relacionamento_bancario,0,no_offer,blocked,0,0.0,False
3575,2024-06-27T15:00:00,37,160,2,1,12,0,0,0,0,False,sem_relacionamento_bancario,0,no_offer,blocked,0,0.0,False
3576,2024-06-27T19:55:00,55,162,1,1,29,0,0,1,1,True,,1,banner_loan_standard,exploration,0,-0.01,False
3577,2024-06-27T18:22:00,24,125,2,1,-2,1,0,0,1,True,,1,banner_loan_standard,exploration,0,-0.01,False
3578,2024-06-27T11:51:00,53,22,2,1,29,0,0,1,0,False,renda_abaixo_minimo,0,no_offer,blocked,0,0.0,False
3579,2024-06-27T15:32:00,54,33,2,2,28,0,0,0,1,True,,1,banner_loan_standard,exploration,0,-0.01,False
3580,2024-06-27T17:28:00,63,20,2,1,37,0,0,0,0,False,renda_abaixo_minimo,0,no_offer,blocked,0,0.0,False
3581,2024-06-28T18:38:00,50,38,3,2,24,0,0,1,0,False,sem_relacionamento_bancario,0,no_offer,blocked,0,0.0,False
3582,2024-06-28T19:06:00,31,111,2,1,5,0,0,0,0,False,sem_relacionamento_bancario,0,no_offer,blocked,0,0.0,False
3583,2024-06-28T18:54:00,50,79,1,1,24,0,0,1,0,False,sem_relacionamento_bancario,0,no_offer,blocked,0,0.0,False
3584,2024-06-28T17:39:00,51,155,2,1,27,0,0,0,1,True,,1,banner_loan_standard,exploitation,0,-0.01,False
3585,2024-06-28T16:40:00,41,78,4,1,16,0,0,1,0,False,sem_relacionamento_bancario,0,no_offer,blocked,0,0.0,False
3586,2024-06-28T14:35:00,26,132,3,3,0,0,0,0,1,True,,1,banner_loan_standard,exploitation,0,-0.01,False
3587,2024-06-28T16:23:00,54,74,2,1,28,0,0,1,0,False,sem_relacionamento_bancario,0,no_offer,blocked,0,0.0,False
3588,2024-06-28T20:49:00,63,64,1,3,39,0,0,1,1,True,,1,banner_loan_standard,exploitation,0,-0.01,False
3589,2024-06-28T19:59:00,29,84,1,3,3,0,0,1,0,False,sem_relacionamento_bancario,0,no_offer,blocked,0,0.0,False
3590,2024-06-28T08:19:00,52,43,3,2,25,0,1,1,1,True,,1,banner_loan_standard,exploitation,0,-0.01,False
3591,2024-06-28T14:07:00,44,68,4,1,18,1,0,0,1,True,,1,banner_loan_standard,exploitation,0,-0.01,False
3592,2024-06-28T21:26:00,43,53,3,3,18,0,0,0,0,False,sem_relacionamento_bancario,0,no_offer,blocked,0,0.0,False
3593,2024-06-28T16:12:00,39,80,2,1,13,0,0,1,0,False,sem_relacionamento_bancario,0,no_offer,blocked,0,0.0,False
3594,2024-06-28T14:20:00,61,49,4,3,31,0,0,1,0,False,sem_relacionamento_bancario,0,no_offer,blocked,0,0.0,False
3595,2024-06-28T20:30:00,52,11,3,1,28,1,0,0,0,False,renda_abaixo_minimo,0,no_offer,blocked,0,0.0,False
3596,2024-06-28T13:04:00,46,205,2,1,21,1,0,1,0,True,,1,banner_loan_standard,exploitation,1,1.0,False
3597,2024-06-28T16:50:00,49,64,4,1,23,0,0,1,1,True,,0,no_offer,exploration,0,0.0,False
3598,2024-06-28T10:46:00,42,110,2,1,18,0,0,1,0,False,sem_relacionamento_bancario,0,no_offer,blocked,0,0.0,False
3599,2024-06-28T14:06:00,60,22,1,1,35,0,0,1,0,False,renda_abaixo_minimo,0,no_offer,blocked,0,0.0,False
3600,2024-06-28T20:38:00,43,129,1,1,19,1,0,1,0,True,,1,banner_loan_standard,exploitation,0,-0.01,False
3601,2024-06-29T21:07:00,30,109,4,2,5,0,0,0,1,True,,1,banner_loan_standard,exploitation,0,-0.01,False
3602,2024-06-29T21:16:00,50,99,1,1,25,1,1,0,1,True,,1,banner_loan_standard,exploitation,0,-0.01,False
3603,2024-06-29T21:26:00,34,41,3,1,9,0,0,0,1,True,,1,banner_loan_standard,exploitation,0,-0.01,False
3604,2024-06-29T15:22:00,28,82,3,1,4,0,0,1,0,False,sem_relacionamento_bancario,0,no_offer,blocked,0,0.0,False
3605,2024-06-29T19:41:00,30,25,2,2,4,0,0,0,0,False,sem_relacionamento_bancario,0,no_offer,blocked,0,0.0,False
3606,2024-06-29T20:48:00,61,50,3,3,35,0,0,1,0,False,sem_relacionamento_bancario,0,no_offer,blocked,0,0.0,False
3607,2024-06-29T18:28:00,43,153,2,1,19,0,0,1,0,False,sem_relacionamento_bancario,0,no_offer,blocked,0,0.0,False
3608,2024-06-29T09:19:00,48,12,3,1,24,0,0,0,0,False,renda_abaixo_minimo,0,no_offer,blocked,0,0.0,False
3609,2024-06-29T08:15:00,40,154,2,1,16,0,0,1,0,False,sem_relacionamento_bancario,0,no_offer,blocked,0,0.0,False
3610,2024-06-29T10:55:00,35,29,4,3,10,0,0,1,0,False,sem_relacionamento_bancario,0,no_offer,blocked,0,0.0,False
3611,2024-06-29T15:07:00,64,18,2,3,40,1,1,1,1,False,renda_abaixo_minimo,0,no_offer,blocked,0,0.0,False
3612,2024-06-29T13:37:00,48,65,2,2,22,0,0,1,0,False,sem_relacionamento_bancario,0,no_offer,blocked,0,0.0,False
3613,2024-06-29T12:28:00,35,33,4,1,10,0,0,1,0,False,sem_relacionamento_bancario,0,no_offer,blocked,0,0.0,False
3614,2024-06-29T19:59:00,39,168,2,1,15,1,0,0,0,True,,1,banner_loan_standard,exploitation,1,1.0,False
3615,2024-06-29T19:54:00,44,22,1,1,20,0,0,0,0,False,renda_abaixo_minimo,0,no_offer,blocked,0,0.0,False
3616,2024-06-29T17:47:00,50,180,1,1,24,0,0,1,1,True,,1,banner_loan_standard,exploitation,0,-0.01,False
3617,2024-06-29T09:14:00,46,70,4,1,22,0,0,0,1,True,,1,banner_loan_standard,exploitation,0,-0.01,False
3618,2024-06-29T18:51:00,61,25,2,2,36,0,0,1,1,True,,1,banner_loan_standard,exploitation,0,-0.01,False
3619,2024-06-29T10:33:00,23,149,2,1,-3,0,0,1,0,False,sem_relacionamento_bancario,0,no_offer,blocked,0,0.0,False
3620,2024-06-29T13:55:00,59,110,3,1,33,0,0,1,0,False,sem_relacionamento_bancario,0,no_offer,blocked,0,0.0,False
3621,2024-06-30T09:15:00,30,112,4,2,5,0,0,0,1,True,,1,banner_loan_standard,exploitation,0,-0.01,False
3622,2024-06-30T17:51:00,60,38,3,3,34,1,0,0,0,True,,1,banner_loan_standard,exploitation,0,-0.01,False
3623,2024-06-30T15:56:00,43,59,3,3,17,0,0,1,1,True,,1,banner_loan_standard,exploitation,0,-0.01,False
3624,2024-06-30T19:52:00,49,81,2,3,23,0,0,0,0,False,sem_relacionamento_bancario,0,no_offer,blocked,0,0.0,False
3625,2024-06-30T12:22:00,27,34,1,3,3,0,0,1,1,True,,1,banner_loan_standard,exploitation,0,-0.01,False
3626,2024-06-30T16:57:00,62,148,3,2,36,0,0,1,0,False,sem_relacionamento_bancario,0,no_offer,blocked,0,0.0,False
3627,2024-06-30T18:28:00,42,83,4,3,18,0,0,1,0,False,sem_relacionamento_bancario,0,no_offer,blocked,0,0.0,False
3628,2024-06-30T13:45:00,28,58,3,1,4,0,0,0,0,False,sem_relacionamento_bancario,0,no_offer,blocked,0,0.0,False
3629,2024-06-30T13:07:00,47,22,4,1,23,0,0,1,1,False,renda_abaixo_minimo,0,no_offer,blocked,0,0.0,False
3630,2024-06-30T14:36:00,36,42,4,2,10,0,0,1,1,True,,1,banner_loan_standard,exploitation,1,1.0,False
3631,2024-06-30T09:33:00,45,60,1,3,19,0,0,1,0,False,sem_relacionamento_bancario,0,no_offer,blocked,0,0.0,False
3632,2024-06-30T18:53:00,26,48,3,2,2,0,0,1,0,False,sem_relacionamento_bancario,0,no_offer,blocked,0,0.0,False
3633,2024-06-30T15:32:00,26,155,2,1,0,0,0,0,0,False,sem_relacionamento_bancario,0,no_offer,blocked,0,0.0,False
3634,2024-06-30T18:53:00,31,55,4,2,6,0,0,1,0,False,sem_relacionamento_bancario,0,no_offer,blocked,0,0.0,False
3635,2024-06-30T19:33:00,43,81,2,1,19,0,0,0,0,False,sem_relacionamento_bancario,0,no_offer,blocked,0,0.0,False
3636,2024-06-30T09:06:00,43,74,4,1,18,0,0,0,0,False,sem_relacionamento_bancario,0,no_offer,blocked,0,0.0,False
3637,2024-06-30T17:48:00,26,80,1,2,1,0,0,0,0,False,sem_relacionamento_bancario,0,no_offer,blocked,0,0.0,False
3638,2024-06-30T13:22:00,49,20,4,1,25,0,0,1,1,False,renda_abaixo_minimo,0,no_offer,blocked,0,0.0,False
3639,2024-06-30T16:02:00,50,83,1,2,25,0,0,1,1,True,,1,banner_loan_standard,exploitation,0,-0.01,False
3640,2024-06-30T18:37:00,48,43,3,2,24,0,0,1,0,False,sem_relacionamento_bancario,0,no_offer,blocked,0,0.0,False
3641,2024-07-01T19:29:00,39,54,3,1,14,0,0,0,1,True,,1,banner_loan_standard,exploitation,0,-0.01,False
3642,2024-07-01T11:17:00,58,180,1,1,32,0,0,0,1,True,,1,banner_loan_standard,exploitation,0,-0.01,False
3643,2024-07-01T21:58:00,45,71,4,1,19,0,1,1,1,True,,1,banner_loan_standard,exploitation,0,-0.01,False
3644,2024-07-01T08:35:00,54,91,2,3,24,0,0,1,0,False,sem_relacionamento_bancario,0,no_offer,blocked,0,0.0,False
3645,2024-07-01T18:37:00,57,149,1,1,33,1,0,0,0,True,,1,banner_loan_standard,exploitation,0,-0.01,False
3646,2024-07-01T13:58:00,46,53,4,1,22,0,0,0,0,False,sem_relacionamento_bancario,0,no_offer,blocked,0,0.0,False
3647,2024-07-01T16:46:00,54,133,2,3,30,0,0,0,0,False,sem_relacionamento_bancario,0,no_offer,blocked,0,0.0,False
3648,2024-07-01T15:39:00,44,145,1,1,20,0,0,0,1,True,,1,banner_loan_standard,exploitation,0,-0.01,False
3649,2024-07-01T13:11:00,61,49,4,2,35,0,0,0,0,False,sem_relacionamento_bancario,0,no_offer,blocked,0,0.0,False
3650,2024-07-01T12:39:00,32,22,4,2,8,0,0,1,1,False,renda_abaixo_minimo,0,no_offer,blocked,0,0.0,False
3651,2024-07-01T10:18:00,27,158,3,2,2,0,1,1,0,True,,1,banner_loan_standard,exploitation,0,-0.01,False
3652,2024-07-01T13:15:00,38,112,2,1,14,0,0,0,0,False,sem_relacionamento_bancario,0,no_offer,blocked,0,0.0,False
3653,2024-07-01T15:47:00,48,12,4,1,24,0,0,0,0,False,renda_abaixo_minimo,0,no_offer,blocked,0,0.0,False
3654,2024-07-01T09:51:00,62,30,3,2,36,0,0,1,0,False,sem_relacionamento_bancario,0,no_offer,blocked,0,0.0,False
3655,2024-07-01T18:38:00,31,18,4,2,5,0,0,0,1,False,renda_abaixo_minimo,0,no_offer,blocked,0,0.0,False
3656,2024-07-01T19:44:00,39,72,4,1,15,1,0,1,0,True,,0,no_offer,exploration,0,0.0,False
3657,2024-07-01T17:06:00,61,22,1,3,37,0,0,1,0,False,renda_abaixo_minimo,0,no_offer,blocked,0,0.0,False
3658,2024-07-01T21:54:00,50,32,4,1,24,0,0,1,0,False,sem_relacionamento_bancario,0,no_offer,blocked,0,0.0,False
3659,2024-07-01T12:51:00,56,89,4,2,32,1,0,1,0,True,,1,banner_loan_standard,exploitation,0,-0.01,False
3660,2024-07-01T15:54:00,50,83,4,3,25,0,0,1,0,False,sem_relacionamento_bancario,0,no_offer,blocked,0,0.0,False
3661,2024-07-02T16:06:00,53,85,1,3,28,0,0,1,0,False,sem_relacionamento_bancario,0,no_offer,blocked,0,0.0,False
3662,2024-07-02T21:06:00,59,52,4,1,34,1,0,0,0,True,,1,banner_loan_standard,exploitation,0,-0.01,False
3663,2024-07-02T08:06:00,40,54,3,3,15,0,0,1,0,False,sem_relacionamento_bancario,0,no_offer,blocked,0,0.0,False
3664,2024-07-02T17:23:00,56,62,3,3,26,0,0,1,0,False,sem_relacionamento_bancario,0,no_offer,blocked,0,0.0,False
3665,2024-07-02T18:08:00,48,83,2,2,22,0,0,1,0,False,sem_relacionamento_bancario,0,no_offer,blocked,0,0.0,False
3666,2024-07-02T19:34:00,64,131,1,1,40,0,0,0,0,False,sem_relacionamento_bancario,0,no_offer,blocked,0,0.0,False
3667,2024-07-02T16:12:00,42,88,4,1,18,0,0,1,1,True,,1,banner_loan_standard,exploitation,0,-0.01,False
3668,2024-07-02T14:18:00,35,30,4,1,9,0,0,1,0,False,sem_relacionamento_bancario,0,no_offer,blocked,0,0.0,False
3669,2024-07-02T17:36:00,51,65,3,2,25,0,0,0,0,False,sem_relacionamento_bancario,0,no_offer,blocked,0,0.0,False
3670,2024-07-02T09:06:00,41,28,1,1,17,0,0,0,1,True,,1,banner_loan_standard,exploration,0,-0.01,False
3671,2024-07-02T18:30:00,32,28,2,2,6,0,0,1,0,False,sem_relacionamento_bancario,0,no_offer,blocked,0,0.0,False
3672,2024-07-02T09:38:00,52,91,1,2,26,0,1,1,1,True,,1,banner_loan_standard,exploitation,0,-0.01,False
3673,2024-07-02T16:10:00,54,58,4,3,29,0,0,0,0,False,sem_relacionamento_bancario,0,no_offer,blocked,0,0.0,False
3674,2024-07-02T09:38:00,64,21,2,3,40,0,0,0,0,False,renda_abaixo_minimo,0,no_offer,blocked,0,0.0,False
3675,2024-07-02T11:10:00,48,125,1,1,22,0,0,1,0,False,sem_relacionamento_bancario,0,no_offer,blocked,0,0.0,False
3676,2024-07-02T20:01:00,26,61,4,1,1,0,0,0,0,False,sem_relacionamento_bancario,0,no_offer,blocked,0,0.0,False
3677,2024-07-02T12:16:00,44,82,2,1,19,0,0,1,1,True,,1,banner_loan_standard,exploitation,0,-0.01,False
3678,2024-07-02T12:43:00,57,61,1,3,31,0,0,0,0,False,sem_relacionamento_bancario,0,no_offer,blocked,0,0.0,False
3679,2024-07-02T15:12:00,25,101,4,3,-1,0,0,0,1,True,,1,banner_loan_standard,exploitation,1,1.0,False
3680,2024-07-02T12:01:00,57,75,2,1,32,0,0,1,0,False,sem_relacionamento_bancario,0,no_offer,blocked,0,0.0,False
3681,2024-07-03T16:10:00,46,83,3,1,22,0,0,0,0,False,sem_relacionamento_bancario,0,no_offer,blocked,0,0.0,False
3682,2024-07-03T15:05:00,41,53,2,1,17,0,0,1,0,False,sem_relacionamento_bancario,0,no_offer,blocked,0,0.0,False
3683,2024-07-03T20:25:00,28,22,1,2,2,0,0,1,0,False,renda_abaixo_minimo,0,no_offer,blocked,0,0.0,False
3684,2024-07-03T10:05:00,51,28,1,2,26,1,0,1,0,True,,0,no_offer,exploration,0,0.0,False
3685,2024-07-03T18:28:00,59,45,1,3,35,0,0,1,0,False,sem_relacionamento_bancario,0,no_offer,blocked,0,0.0,False
3686,2024-07-03T18:38:00,53,59,2,2,28,0,0,1,0,False,sem_relacionamento_bancario,0,no_offer,blocked,0,0.0,False
3687,2024-07-03T09:18:00,65,69,4,2,40,0,0,1,0,False,sem_relacionamento_bancario,0,no_offer,blocked,0,0.0,False
3688,2024-07-03T11:57:00,32,44,1,2,8,0,0,1,0,False,sem_relacionamento_bancario,0,no_offer,blocked,0,0.0,False
3689,2024-07-03T13:48:00,33,133,1,1,8,0,0,1,0,False,sem_relacionamento_bancario,0,no_offer,blocked,0,0.0,False
3690,2024-07-03T16:36:00,30,142,3,1,4,0,0,0,0,False,sem_relacionamento_bancario,0,no_offer,blocked,0,0.0,False
3691,2024-07-03T20:27:00,27,40,4,3,0,0,0,1,0,False,sem_relacionamento_bancario,0,no_offer,blocked,0,0.0,False
3692,2024-07-03T21:06:00,26,179,4,2,0,0,0,0,0,False,sem_relacionamento_bancario,0,no_offer,blocked,0,0.0,False
3693,2024-07-03T16:24:00,33,14,3,3,9,0,0,0,0,False,renda_abaixo_minimo,0,no_offer,blocked,0,0.0,False
3694,2024-07-03T08:00:00,62,132,1,1,38,0,0,0,0,False,sem_relacionamento_bancario,0,no_offer,blocked,0,0.0,False
3695,2024-07-03T10:05:00,27,72,4,1,3,0,0,1,0,False,sem_relacionamento_bancario,0,no_offer,blocked,0,0.0,False
3696,2024-07-03T09:09:00,42,85,1,3,17,0,0,0,0,False,sem_relacionamento_bancario,0,no_offer,blocked,0,0.0,False
3697,2024-07-03T19:10:00,62,99,4,2,38,0,0,1,0,False,sem_relacionamento_bancario,0,no_offer,blocked,0,0.0,False
3698,2024-07-03T11:00:00,54,33,2,2,28,0,0,0,1,True,,1,banner_loan_standard,exploitation,0,-0.01,False
3699,2024-07-03T18:16:00,40,161,2,1,15,1,0,0,1,True,,1,banner_loan_standard,exploration,1,1.0,False
3700,2024-07-03T14:45:00,29,195,1,1,5,0,0,0,0,False,sem_relacionamento_bancario,0,no_offer,blocked,0,0.0,False
3701,2024-07-04T20:35:00,55,54,2,3,29,0,0,0,0,False,sem_relacionamento_bancario,0,no_offer,blocked,0,0.0,False
3702,2024-07-04T12:25:00,56,64,2,3,31,0,0,0,0,False,sem_relacionamento_bancario,0,no_offer,blocked,0,0.0,False
3703,2024-07-04T16:01:00,65,48,3,1,40,0,0,0,1,True,,1,banner_loan_standard,exploitation,0,-0.01,False
3704,2024-07-04T14:21:00,43,65,3,2,16,0,0,0,0,False,sem_relacionamento_bancario,0,no_offer,blocked,0,0.0,False
3705,2024-07-04T12:03:00,50,43,4,1,24,0,0,1,0,False,sem_relacionamento_bancario,0,no_offer,blocked,0,0.0,False
3706,2024-07-04T20:53:00,42,135,2,1,18,1,1,1,1,True,,1,banner_loan_standard,exploitation,0,-0.01,False
3707,2024-07-04T14:38:00,27,68,3,3,2,1,0,0,0,True,,1,banner_loan_standard,exploitation,0,-0.01,False
3708,2024-07-04T11:32:00,32,119,4,3,8,0,0,1,0,False,sem_relacionamento_bancario,0,no_offer,blocked,0,0.0,False
3709,2024-07-04T21:15:00,28,51,4,2,2,1,0,0,0,True,,1,banner_loan_standard,exploration,0,-0.01,False
3710,2024-07-04T20:27:00,50,180,1,1,24,0,0,1,1,True,,1,banner_loan_standard,exploitation,1,1.0,False
3711,2024-07-04T15:23:00,63,20,1,2,37,1,0,0,1,False,renda_abaixo_minimo,0,no_offer,blocked,0,0.0,False
3712,2024-07-04T10:24:00,25,20,4,1,1,0,0,0,1,False,renda_abaixo_minimo,0,no_offer,blocked,0,0.0,False
3713,2024-07-04T10:32:00,38,112,2,1,14,0,0,0,0,False,sem_relacionamento_bancario,0,no_offer,blocked,0,0.0,False
3714,2024-07-04T17:17:00,43,44,1,1,17,1,1,1,0,True,,1,banner_loan_standard,exploitation,0,-0.01,False
3715,2024-07-04T13:45:00,57,19,1,1,32,0,0,1,0,False,renda_abaixo_minimo,0,no_offer,blocked,0,0.0,False
3716,2024-07-04T08:26:00,36,38,1,2,12,0,0,0,0,False,sem_relacionamento_bancario,0,no_offer,blocked,0,0.0,False
3717,2024-07-04T20:32:00,26,85,2,3,0,0,0,0,0,False,sem_relacionamento_bancario,0,no_offer,blocked,0,0.0,False
3718,2024-07-04T16:13:00,46,82,2,2,20,0,0,1,1,True,,1,banner_loan_standard,exploitation,0,-0.01,False
3719,2024-07-04T08:29:00,42,49,3,3,18,1,0,1,0,True,,1,banner_loan_standard,exploitation,0,-0.01,False
3720,2024-07-04T19:27:00,53,63,2,3,27,1,0,1,0,True,,1,banner_loan_standard,exploitation,0,-0.01,False
3721,2024-07-05T19:28:00,53,44,3,1,28,0,0,0,0,False,sem_relacionamento_bancario,0,no_offer,blocked,0,0.0,False
3722,2024-07-05T18:16:00,65,25,2,1,39,0,0,1,0,False,sem_relacionamento_bancario,0,no_offer,blocked,0,0.0,False
3723,2024-07-05T15:48:00,32,81,1,1,6,0,0,1,0,False,sem_relacionamento_bancario,0,no_offer,blocked,0,0.0,False
3724,2024-07-05T18:56:00,52,81,3,2,28,1,0,0,0,True,,1,banner_loan_standard,exploitation,0,-0.01,False
3725,2024-07-05T16:33:00,46,13,2,3,21,0,0,1,0,False,renda_abaixo_minimo,0,no_offer,blocked,0,0.0,False
3726,2024-07-05T17:09:00,39,41,1,2,15,0,0,1,0,False,sem_relacionamento_bancario,0,no_offer,blocked,0,0.0,False
3727,2024-07-05T18:59:00,60,60,3,1,34,0,0,1,0,False,sem_relacionamento_bancario,0,no_offer,blocked,0,0.0,False
3728,2024-07-05T13:35:00,26,23,1,2,0,0,0,0,0,False,renda_abaixo_minimo,0,no_offer,blocked,0,0.0,False
3729,2024-07-05T14:26:00,40,125,2,1,16,0,0,0,1,True,,1,banner_loan_standard,exploitation,0,-0.01,False
3730,2024-07-05T17:56:00,31,188,2,1,5,0,0,0,0,False,sem_relacionamento_bancario,0,no_offer,blocked,0,0.0,False
3731,2024-07-05T20:36:00,51,91,1,3,25,0,0,0,0,False,sem_relacionamento_bancario,0,no_offer,blocked,0,0.0,False
3732,2024-07-05T16:23:00,25,88,2,2,0,0,0,1,1,True,,1,banner_loan_standard,exploration,0,-0.01,False
3733,2024-07-05T16:14:00,45,71,4,1,21,0,0,1,0,False,sem_relacionamento_bancario,0,no_offer,blocked,0,0.0,False
3734,2024-07-05T17:07:00,41,89,3,1,15,0,0,1,0,False,sem_relacionamento_bancario,0,no_offer,blocked,0,0.0,False
3735,2024-07-05T10:23:00,50,52,4,3,26,0,0,0,0,False,sem_relacionamento_bancario,0,no_offer,blocked,0,0.0,False
3736,2024-07-05T13:05:00,63,11,1,2,37,0,0,0,1,False,renda_abaixo_minimo,0,no_offer,blocked,0,0.0,False
3737,2024-07-05T13:34:00,62,154,1,1,38,0,0,1,0,False,sem_relacionamento_bancario,0,no_offer,blocked,0,0.0,False
3738,2024-07-05T17:00:00,57,58,1,1,31,0,0,1,0,False,sem_relacionamento_bancario,0,no_offer,blocked,0,0.0,False
3739,2024-07-05T19:45:00,58,148,1,1,34,0,0,1,0,False,sem_relacionamento_bancario,0,no_offer,blocked,0,0.0,False
3740,2024-07-05T11:57:00,64,24,4,2,39,0,0,0,0,False,renda_abaixo_minimo,0,no_offer,blocked,0,0.0,False
3741,2024-07-06T19:37:00,62,35,1,2,38,0,0,0,0,False,sem_relacionamento_bancario,0,no_offer,blocked,0,0.0,False
3742,2024-07-06T18:11:00,47,68,4,3,21,0,0,0,0,False,sem_relacionamento_bancario,0,no_offer,blocked,0,0.0,False
3743,2024-07-06T17:49:00,36,113,4,1,12,0,0,0,0,False,sem_relacionamento_bancario,0,no_offer,blocked,0,0.0,False
3744,2024-07-06T11:30:00,44,171,4,1,20,0,1,1,1,True,,1,banner_loan_standard,exploitation,1,1.0,False
3745,2024-07-06T08:12:00,31,22,1,3,5,0,0,0,0,False,renda_abaixo_minimo,0,no_offer,blocked,0,0.0,False
3746,2024-07-06T15:08:00,30,34,2,2,4,0,0,1,1,True,,1,banner_loan_standard,exploitation,0,-0.01,False
3747,2024-07-06T14:40:00,51,93,1,1,27,0,0,1,0,False,sem_relacionamento_bancario,0,no_offer,blocked,0,0.0,False
3748,2024-07-06T17:59:00,57,30,2,2,31,0,0,0,0,False,sem_relacionamento_bancario,0,no_offer,blocked,0,0.0,False
3749,2024-07-06T09:37:00,62,38,1,3,37,0,0,1,0,False,sem_relacionamento_bancario,0,no_offer,blocked,0,0.0,False
3750,2024-07-06T10:42:00,37,21,3,2,11,0,0,1,0,False,renda_abaixo_minimo,0,no_offer,blocked,0,0.0,False
3751,2024-07-06T13:02:00,43,60,3,3,19,0,0,1,0,False,sem_relacionamento_bancario,0,no_offer,blocked,0,0.0,False
3752,2024-07-06T20:51:00,29,104,4,3,4,0,0,0,1,True,,0,no_offer,exploration,0,0.0,False
3753,2024-07-06T19:09:00,33,182,1,1,8,0,0,0,0,False,sem_relacionamento_bancario,0,no_offer,blocked,0,0.0,False
3754,2024-07-06T13:46:00,37,111,1,2,13,0,0,0,0,False,sem_relacionamento_bancario,0,no_offer,blocked,0,0.0,False
3755,2024-07-06T16:49:00,47,71,1,3,23,0,0,1,0,False,sem_relacionamento_bancario,0,no_offer,blocked,0,0.0,False
3756,2024-07-06T09:51:00,50,84,1,3,25,1,0,1,0,True,,1,banner_loan_standard,exploitation,0,-0.01,False
3757,2024-07-06T11:33:00,54,69,1,3,30,0,0,1,1,True,,1,banner_loan_standard,exploitation,0,-0.01,False
3758,2024-07-06T21:41:00,47,89,1,2,23,1,1,1,1,True,,1,banner_loan_standard,exploitation,0,-0.01,False
3759,2024-07-06T15:00:00,43,44,1,1,17,1,1,1,0,True,,1,banner_loan_standard,exploitation,0,-0.01,False
3760,2024-07-06T10:01:00,63,159,4,2,38,0,0,0,0,False,sem_relacionamento_bancario,0,no_offer,blocked,0,0.0,False
3761,2024-07-07T12:19:00,65,18,2,1,39,1,1,1,1,False,renda_abaixo_minimo,0,no_offer,blocked,0,0.0,False
3762,2024-07-07T11:11:00,49,130,4,1,24,0,1,1,0,True,,1,banner_loan_standard,exploitation,1,1.0,False
3763,2024-07-07T21:32:00,56,31,2,1,30,1,1,1,1,True,,1,banner_loan_standard,exploitation,0,-0.01,False
3764,2024-07-07T15:13:00,62,18,3,2,37,0,0,1,0,False,renda_abaixo_minimo,0,no_offer,blocked,0,0.0,False
3765,2024-07-07T19:30:00,47,32,4,1,23,0,0,1,1,True,,1,banner_loan_standard,exploitation,1,1.0,False
3766,2024-07-07T14:12:00,41,15,2,2,16,0,0,0,0,False,renda_abaixo_minimo,0,no_offer,blocked,0,0.0,False
3767,2024-07-07T15:12:00,64,171,2,1,40,0,0,0,0,False,sem_relacionamento_bancario,0,no_offer,blocked,0,0.0,False
3768,2024-07-07T15:53:00,34,40,2,3,8,0,0,0,0,False,sem_relacionamento_bancario,0,no_offer,blocked,0,0.0,False
3769,2024-07-07T21:00:00,41,81,2,1,16,0,0,0,1,True,,1,banner_loan_standard,exploitation,0,-0.01,False
3770,2024-07-07T08:10:00,30,41,1,2,6,0,0,1,0,False,sem_relacionamento_bancario,0,no_offer,blocked,0,0.0,False
3771,2024-07-07T12:16:00,44,83,2,3,19,1,0,0,1,True,,1,banner_loan_standard,exploitation,0,-0.01,False
3772,2024-07-07T17:53:00,43,58,1,1,18,0,0,0,0,False,sem_relacionamento_bancario,0,no_offer,blocked,0,0.0,False
3773,2024-07-07T14:41:00,62,19,4,2,37,1,0,0,0,False,renda_abaixo_minimo,0,no_offer,blocked,0,0.0,False
3774,2024-07-07T19:28:00,57,45,4,1,33,0,0,1,0,False,sem_relacionamento_bancario,0,no_offer,blocked,0,0.0,False
3775,2024-07-07T18:02:00,26,30,1,3,2,0,0,0,0,False,sem_relacionamento_bancario,0,no_offer,blocked,0,0.0,False
3776,2024-07-07T11:09:00,62,132,1,1,38,0,0,0,0,False,sem_relacionamento_bancario,0,no_offer,blocked,0,0.0,False
3777,2024-07-07T18:41:00,44,81,4,3,20,0,0,1,0,False,sem_relacionamento_bancario,0,no_offer,blocked,0,0.0,False
3778,2024-07-07T21:11:00,50,81,1,1,24,0,0,1,0,False,sem_relacionamento_bancario,0,no_offer,blocked,0,0.0,False
3779,2024-07-07T17:29:00,37,65,2,2,11,0,0,1,0,False,sem_relacionamento_bancario,0,no_offer,blocked,0,0.0,False
3780,2024-07-07T17:31:00,50,102,2,1,24,0,0,1,0,False,sem_relacionamento_bancario,0,no_offer,blocked,0,0.0,False
3781,2024-07-08T17:50:00,26,24,2,3,1,0,0,0,1,False,renda_abaixo_minimo,0,no_offer,blocked,0,0.0,False
3782,2024-07-08T08:55:00,64,138,2,2,37,0,0,1,0,False,sem_relacionamento_bancario,0,no_offer,blocked,0,0.0,False
3783,2024-07-08T20:57:00,55,19,4,3,29,1,0,0,1,False,renda_abaixo_minimo,0,no_offer,blocked,0,0.0,False
3784,2024-07-08T17:01:00,54,21,1,2,30,0,0,1,0,False,renda_abaixo_minimo,0,no_offer,blocked,0,0.0,False
3785,2024-07-08T08:29:00,53,63,2,3,29,0,0,1,0,False,sem_relacionamento_bancario,0,no_offer,blocked,0,0.0,False
3786,2024-07-08T11:26:00,47,125,1,1,21,1,0,0,0,True,,0,no_offer,exploration,0,0.0,False
3787,2024-07-08T16:21:00,26,195,1,1,2,0,0,0,0,False,sem_relacionamento_bancario,0,no_offer,blocked,0,0.0,False
3788,2024-07-08T09:45:00,59,43,4,1,35,0,0,1,0,False,sem_relacionamento_bancario,0,no_offer,blocked,0,0.0,False
3789,2024-07-08T08:00:00,56,29,4,2,30,0,0,1,0,False,sem_relacionamento_bancario,0,no_offer,blocked,0,0.0,False
3790,2024-07-08T11:59:00,34,175,4,3,8,1,1,1,1,True,,1,banner_loan_standard,exploitation,1,1.0,False
3791,2024-07-08T15:44:00,40,51,2,2,15,0,0,1,0,False,sem_relacionamento_bancario,0,no_offer,blocked,0,0.0,False
3792,2024-07-08T11:08:00,59,18,3,2,34,0,1,1,1,False,renda_abaixo_minimo,0,no_offer,blocked,0,0.0,False
3793,2024-07-08T16:21:00,35,31,3,1,10,0,0,0,0,False,sem_relacionamento_bancario,0,no_offer,blocked,0,0.0,False
3794,2024-07-08T14:08:00,57,55,3,1,31,0,1,1,1,True,,1,banner_loan_standard,exploitation,0,-0.01,False
3795,2024-07-08T14:15:00,33,48,1,3,9,0,0,0,1,True,,1,banner_loan_standard,exploration,0,-0.01,False
3796,2024-07-08T12:38:00,53,90,2,1,29,1,0,0,1,True,,1,banner_loan_standard,exploitation,0,-0.01,False
3797,2024-07-08T10:53:00,35,38,1,2,11,0,0,1,0,False,sem_relacionamento_bancario,0,no_offer,blocked,0,0.0,False
3798,2024-07-08T12:16:00,35,48,1,3,10,0,0,1,0,False,sem_relacionamento_bancario,0,no_offer,blocked,0,0.0,False
3799,2024-07-08T17:21:00,32,81,4,3,7,0,0,1,0,False,sem_relacionamento_bancario,0,no_offer,blocked,0,0.0,False
3800,2024-07-08T21:07:00,54,54,1,3,30,0,0,1,0,False,sem_relacionamento_bancario,0,no_offer,blocked,0,0.0,False
3801,2024-07-09T09:29:00,31,174,2,1,6,0,0,1,1,True,,0,no_offer,exploration,0,0.0,False
3802,2024-07-09T11:59:00,48,150,1,1,22,0,0,0,0,False,sem_relacionamento_bancario,0,no_offer,blocked,0,0.0,False
3803,2024-07-09T09:42:00,26,14,4,1,0,0,0,1,0,False,renda_abaixo_minimo,0,no_offer,blocked,0,0.0,False
3804,2024-07-09T11:36:00,37,83,2,2,13,0,0,0,1,True,,1,banner_loan_standard,exploitation,0,-0.01,False
3805,2024-07-09T11:12:00,30,131,3,3,5,0,0,0,0,False,sem_relacionamento_bancario,0,no_offer,blocked,0,0.0,False
3806,2024-07-09T16:12:00,39,175,2,1,15,0,0,1,0,False,sem_relacionamento_bancario,0,no_offer,blocked,0,0.0,False
3807,2024-07-09T09:58:00,48,48,2,3,24,0,0,1,0,False,sem_relacionamento_bancario,0,no_offer,blocked,0,0.0,False
3808,2024-07-09T15:01:00,62,43,4,2,38,0,0,1,0,False,sem_relacionamento_bancario,0,no_offer,blocked,0,0.0,False
3809,2024-07-09T19:34:00,53,175,3,3,28,0,1,1,1,True,,1,banner_loan_standard,exploration,1,1.0,False
3810,2024-07-09T08:41:00,62,25,3,3,36,0,0,1,1,True,,1,banner_loan_standard,exploitation,0,-0.01,False
3811,2024-07-09T12:08:00,61,18,1,3,31,0,0,1,1,False,renda_abaixo_minimo,0,no_offer,blocked,0,0.0,False
3812,2024-07-09T19:46:00,59,11,2,1,35,0,0,0,1,False,renda_abaixo_minimo,0,no_offer,blocked,0,0.0,False
3813,2024-07-09T10:56:00,42,11,1,1,16,0,0,0,1,False,renda_abaixo_minimo,0,no_offer,blocked,0,0.0,False
3814,2024-07-09T12:40:00,58,43,1,2,32,0,0,1,0,False,sem_relacionamento_bancario,0,no_offer,blocked,0,0.0,False
3815,2024-07-09T17:21:00,60,24,1,2,35,0,0,0,0,False,renda_abaixo_minimo,0,no_offer,blocked,0,0.0,False
3816,2024-07-09T16:22:00,48,144,4,2,24,0,0,0,0,False,sem_relacionamento_bancario,0,no_offer,blocked,0,0.0,False
3817,2024-07-09T19:24:00,24,82,2,3,-2,0,0,1,1,True,,0,no_offer,exploration,0,0.0,False
3818,2024-07-09T16:59:00,51,98,1,3,26,0,0,1,1,True,,1,banner_loan_standard,exploration,0,-0.01,False
3819,2024-07-09T20:48:00,34,138,2,1,9,0,0,1,0,False,sem_relacionamento_bancario,0,no_offer,blocked,0,0.0,False
3820,2024-07-09T08:50:00,33,48,1,1,8,0,0,1,0,False,sem_relacionamento_bancario,0,no_offer,blocked,0,0.0,False
3821,2024-07-10T19:05:00,52,52,4,3,28,0,0,0,0,False,sem_relacionamento_bancario,0,no_offer,blocked,0,0.0,False
3822,2024-07-10T12:30:00,35,8,1,2,9,0,0,1,0,False,renda_abaixo_minimo,0,no_offer,blocked,0,0.0,False
3823,2024-07-10T09:40:00,55,23,2,1,31,0,0,1,0,False,renda_abaixo_minimo,0,no_offer,blocked,0,0.0,False
3824,2024-07-10T21:28:00,66,70,3,1,41,0,0,0,0,False,sem_relacionamento_bancario,0,no_offer,blocked,0,0.0,False
3825,2024-07-10T12:14:00,32,48,2,2,5,1,1,1,1,True,,1,banner_loan_standard,exploitation,0,-0.01,False
3826,2024-07-10T15:25:00,51,53,1,2,27,0,0,1,0,False,sem_relacionamento_bancario,0,no_offer,blocked,0,0.0,False
3827,2024-07-10T11:47:00,49,23,4,3,23,1,0,0,0,False,renda_abaixo_minimo,0,no_offer,blocked,0,0.0,False
3828,2024-07-10T12:27:00,31,50,4,3,5,0,0,1,0,False,sem_relacionamento_bancario,0,no_offer,blocked,0,0.0,False
3829,2024-07-10T19:15:00,54,133,1,2,30,0,0,0,1,True,,1,banner_loan_standard,exploitation,1,1.0,False
3830,2024-07-10T12:28:00,61,169,2,3,36,0,1,1,1,True,,1,banner_loan_standard,exploitation,1,1.0,False
3831,2024-07-10T14:17:00,28,84,4,1,3,0,0,1,1,True,,1,banner_loan_standard,exploitation,0,-0.01,False
3832,2024-07-10T08:38:00,54,21,4,3,29,0,0,0,0,False,renda_abaixo_minimo,0,no_offer,blocked,0,0.0,False
3833,2024-07-10T12:00:00,37,64,1,3,13,0,0,1,0,False,sem_relacionamento_bancario,0,no_offer,blocked,0,0.0,False
3834,2024-07-10T11:59:00,25,62,4,1,1,0,0,1,0,False,sem_relacionamento_bancario,0,no_offer,blocked,0,0.0,False
3835,2024-07-10T20:19:00,46,135,3,1,22,0,0,1,0,False,sem_relacionamento_bancario,0,no_offer,blocked,0,0.0,False
3836,2024-07-10T17:22:00,60,60,3,1,34,0,0,1,0,False,sem_relacionamento_bancario,0,no_offer,blocked,0,0.0,False
3837,2024-07-10T16:33:00,63,20,1,2,37,1,0,0,1,False,renda_abaixo_minimo,0,no_offer,blocked,0,0.0,False
3838,2024-07-10T09:38:00,53,120,4,2,29,1,1,1,0,True,,1,banner_loan_standard,exploitation,0,-0.01,False
3839,2024-07-10T20:09:00,47,28,4,1,23,0,0,1,0,False,sem_relacionamento_bancario,0,no_offer,blocked,0,0.0,False
3840,2024-07-10T13:19:00,48,145,1,1,22,0,0,1,0,False,sem_relacionamento_bancario,0,no_offer,blocked,0,0.0,False
3841,2024-07-11T08:12:00,59,53,3,1,33,0,0,1,0,False,sem_relacionamento_bancario,0,no_offer,blocked,0,0.0,False
3842,2024-07-11T08:04:00,60,32,3,2,36,0,0,1,0,False,sem_relacionamento_bancario,0,no_offer,blocked,0,0.0,False
3843,2024-07-11T08:27:00,39,138,1,2,12,0,0,1,0,False,sem_relacionamento_bancario,0,no_offer,blocked,0,0.0,False
3844,2024-07-11T18:16:00,51,98,1,3,26,0,0,1,1,True,,1,banner_loan_standard,exploitation,0,-0.01,False
3845,2024-07-11T08:33:00,50,83,2,3,24,0,0,1,0,False,sem_relacionamento_bancario,0,no_offer,blocked,0,0.0,False
3846,2024-07-11T19:41:00,65,105,1,2,41,1,1,1,0,True,,0,no_offer,exploration,0,0.0,False
3847,2024-07-11T10:58:00,45,45,1,1,19,0,0,1,0,False,sem_relacionamento_bancario,0,no_offer,blocked,0,0.0,False
3848,2024-07-11T08:46:00,50,38,3,2,24,0,0,1,0,False,sem_relacionamento_bancario,0,no_offer,blocked,0,0.0,False
3849,2024-07-11T16:09:00,34,88,2,1,10,0,0,1,0,False,sem_relacionamento_bancario,0,no_offer,blocked,0,0.0,False
3850,2024-07-11T09:04:00,39,59,4,3,13,1,0,0,1,True,,1,banner_loan_standard,exploitation,0,-0.01,False
3851,2024-07-11T13:29:00,65,20,3,3,40,0,0,0,1,False,renda_abaixo_minimo,0,no_offer,blocked,0,0.0,False
3852,2024-07-11T08:10:00,44,50,3,1,20,0,0,0,0,False,sem_relacionamento_bancario,0,no_offer,blocked,0,0.0,False
3853,2024-07-11T12:00:00,63,45,2,3,37,0,0,1,1,True,,1,banner_loan_standard,exploitation,0,-0.01,False
3854,2024-07-11T11:35:00,30,29,3,2,6,0,0,0,0,False,sem_relacionamento_bancario,0,no_offer,blocked,0,0.0,False
3855,2024-07-11T16:21:00,36,164,2,1,11,0,0,1,1,True,,1,banner_loan_standard,exploitation,0,-0.01,False
3856,2024-07-11T18:09:00,49,35,4,2,24,0,0,0,1,True,,1,banner_loan_standard,exploitation,0,-0.01,False
3857,2024-07-11T09:29:00,39,59,3,3,13,1,0,1,0,True,,1,banner_loan_standard,exploitation,0,-0.01,False
3858,2024-07-11T09:31:00,50,9,2,1,25,1,0,0,0,False,renda_abaixo_minimo,0,no_offer,blocked,0,0.0,False
3859,2024-07-11T17:15:00,52,84,3,2,26,0,0,1,0,False,sem_relacionamento_bancario,0,no_offer,blocked,0,0.0,False
3860,2024-07-11T19:00:00,62,83,1,3,38,0,0,1,0,False,sem_relacionamento_bancario,0,no_offer,blocked,0,0.0,False
3861,2024-07-12T12:07:00,56,51,3,2,29,0,0,1,0,False,sem_relacionamento_bancario,0,no_offer,blocked,0,0.0,False
3862,2024-07-12T09:12:00,35,139,1,1,10,0,0,0,0,False,sem_relacionamento_bancario,0,no_offer,blocked,0,0.0,False
3863,2024-07-12T12:43:00,48,21,4,1,24,0,0,1,1,False,renda_abaixo_minimo,0,no_offer,blocked,0,0.0,False
3864,2024-07-12T09:18:00,37,115,1,2,13,0,0,1,1,True,,1,banner_loan_standard,exploitation,0,-0.01,False
3865,2024-07-12T13:58:00,30,69,1,2,5,0,0,1,0,False,sem_relacionamento_bancario,0,no_offer,blocked,0,0.0,False
3866,2024-07-12T18:52:00,34,18,4,1,8,0,0,0,0,False,renda_abaixo_minimo,0,no_offer,blocked,0,0.0,False
3867,2024-07-12T09:56:00,51,179,1,1,26,1,0,1,0,True,,1,banner_loan_standard,exploitation,0,-0.01,False
3868,2024-07-12T09:09:00,31,13,1,3,7,0,0,1,0,False,renda_abaixo_minimo,0,no_offer,blocked,0,0.0,False
3869,2024-07-12T09:25:00,55,50,4,1,31,0,0,1,0,False,sem_relacionamento_bancario,0,no_offer,blocked,0,0.0,False
3870,2024-07-12T21:08:00,42,14,3,2,15,1,0,0,0,False,renda_abaixo_minimo,0,no_offer,blocked,0,0.0,False
3871,2024-07-12T21:50:00,38,59,2,2,12,0,0,0,0,False,sem_relacionamento_bancario,0,no_offer,blocked,0,0.0,False
3872,2024-07-12T17:54:00,54,12,2,3,29,0,0,1,0,False,renda_abaixo_minimo,0,no_offer,blocked,0,0.0,False
3873,2024-07-12T11:05:00,49,108,2,2,23,0,0,1,0,False,sem_relacionamento_bancario,0,no_offer,blocked,0,0.0,False
3874,2024-07-12T21:03:00,60,173,3,3,35,0,0,1,0,False,sem_relacionamento_bancario,0,no_offer,blocked,0,0.0,False
3875,2024-07-12T17:46:00,54,78,4,1,28,0,0,0,0,False,sem_relacionamento_bancario,0,no_offer,blocked,0,0.0,False
3876,2024-07-12T14:16:00,26,48,3,2,2,0,0,1,0,False,sem_relacionamento_bancario,0,no_offer,blocked,0,0.0,False
3877,2024-07-12T10:50:00,26,95,3,1,2,0,0,1,0,False,sem_relacionamento_bancario,0,no_offer,blocked,0,0.0,False
3878,2024-07-12T08:05:00,28,81,3,1,4,0,0,1,0,False,sem_relacionamento_bancario,0,no_offer,blocked,0,0.0,False
3879,2024-07-12T20:10:00,63,9,4,2,38,0,0,1,1,False,renda_abaixo_minimo,0,no_offer,blocked,0,0.0,False
3880,2024-07-12T21:24:00,42,49,1,1,16,0,0,0,0,False,sem_relacionamento_bancario,0,no_offer,blocked,0,0.0,False
3881,2024-07-13T15:10:00,39,25,1,3,15,0,0,0,0,False,sem_relacionamento_bancario,0,no_offer,blocked,0,0.0,False
3882,2024-07-13T13:24:00,30,38,4,1,5,0,0,1,1,True,,1,banner_loan_standard,exploitation,1,1.0,False
3883,2024-07-13T10:30:00,38,71,4,3,8,0,0,1,0,False,sem_relacionamento_bancario,0,no_offer,blocked,0,0.0,False
3884,2024-07-13T17:41:00,39,32,3,3,9,0,0,1,0,False,sem_relacionamento_bancario,0,no_offer,blocked,0,0.0,False
3885,2024-07-13T16:35:00,54,13,1,1,30,0,0,0,0,False,renda_abaixo_minimo,0,no_offer,blocked,0,0.0,False
3886,2024-07-13T14:46:00,50,34,1,2,25,0,0,1,0,False,sem_relacionamento_bancario,0,no_offer,blocked,0,0.0,False
3887,2024-07-13T16:27:00,48,134,1,1,24,0,0,0,1,True,,1,banner_loan_standard,exploitation,0,-0.01,False
3888,2024-07-13T12:31:00,65,34,1,3,40,0,0,1,1,True,,1,banner_loan_standard,exploitation,0,-0.01,False
3889,2024-07-13T16:47:00,36,31,4,2,9,1,0,1,0,True,,1,banner_loan_standard,exploitation,0,-0.01,False
3890,2024-07-13T09:37:00,61,62,1,2,37,0,0,1,0,False,sem_relacionamento_bancario,0,no_offer,blocked,0,0.0,False
3891,2024-07-13T13:39:00,26,179,4,2,0,0,0,0,0,False,sem_relacionamento_bancario,0,no_offer,blocked,0,0.0,False
3892,2024-07-13T17:27:00,42,23,2,3,17,0,0,0,0,False,renda_abaixo_minimo,0,no_offer,blocked,0,0.0,False
3893,2024-07-13T12:40:00,42,14,3,2,15,1,0,0,0,False,renda_abaixo_minimo,0,no_offer,blocked,0,0.0,False
3894,2024-07-13T10:09:00,43,81,4,3,19,0,0,0,1,True,,1,banner_loan_standard,exploration,0,-0.01,False
3895,2024-07-13T18:13:00,56,35,3,2,31,0,0,0,0,False,sem_relacionamento_bancario,0,no_offer,blocked,0,0.0,False
3896,2024-07-13T10:01:00,46,144,2,1,22,0,0,1,1,True,,1,banner_loan_standard,exploitation,0,-0.01,False
3897,2024-07-13T18:40:00,59,88,2,1,35,0,0,0,0,False,sem_relacionamento_bancario,0,no_offer,blocked,0,0.0,False
3898,2024-07-13T10:28:00,44,69,3,3,19,0,0,1,0,False,sem_relacionamento_bancario,0,no_offer,blocked,0,0.0,False
3899,2024-07-13T09:19:00,33,50,1,2,9,0,0,0,0,False,sem_relacionamento_bancario,0,no_offer,blocked,0,0.0,False
3900,2024-07-13T13:30:00,47,65,1,2,21,1,0,1,0,True,,1,banner_loan_standard,exploitation,0,-0.01,False
3901,2024-07-14T17:39:00,24,82,3,1,0,0,0,1,0,False,sem_relacionamento_bancario,0,no_offer,blocked,0,0.0,False
3902,2024-07-14T17:57:00,56,82,4,3,31,0,0,1,0,False,sem_relacionamento_bancario,0,no_offer,blocked,0,0.0,False
3903,2024-07-14T09:29:00,33,44,1,1,7,0,0,0,0,False,sem_relacionamento_bancario,0,no_offer,blocked,0,0.0,False
3904,2024-07-14T16:18:00,53,154,4,3,29,0,0,0,0,False,sem_relacionamento_bancario,0,no_offer,blocked,0,0.0,False
3905,2024-07-14T15:27:00,34,89,1,1,9,0,0,1,0,False,sem_relacionamento_bancario,0,no_offer,blocked,0,0.0,False
3906,2024-07-14T19:21:00,35,38,4,1,10,0,0,1,1,True,,1,banner_loan_standard,exploitation,0,-0.01,False
3907,2024-07-14T10:08:00,48,148,2,1,24,0,1,1,1,True,,1,banner_loan_standard,exploitation,0,-0.01,False
3908,2024-07-14T12:31:00,65,30,3,2,39,0,0,1,1,True,,1,banner_loan_standard,exploitation,0,-0.01,False
3909,2024-07-14T18:19:00,34,84,3,2,9,0,0,1,0,False,sem_relacionamento_bancario,0,no_offer,blocked,0,0.0,False
3910,2024-07-14T18:51:00,26,85,2,3,0,0,0,1,1,True,,1,banner_loan_standard,exploitation,0,-0.01,False
3911,2024-07-14T15:03:00,45,218,2,1,21,0,0,1,0,False,sem_relacionamento_bancario,0,no_offer,blocked,0,0.0,False
3912,2024-07-14T21:43:00,27,112,4,3,1,0,0,0,1,True,,1,banner_loan_standard,exploitation,0,-0.01,False
3913,2024-07-14T11:19:00,44,145,1,1,20,0,0,0,1,True,,1,banner_loan_standard,exploitation,0,-0.01,False
3914,2024-07-14T19:03:00,56,29,4,2,30,0,0,1,0,False,sem_relacionamento_bancario,0,no_offer,blocked,0,0.0,False
3915,2024-07-14T18:12:00,59,21,2,2,34,0,0,1,0,False,renda_abaixo_minimo,0,no_offer,blocked,0,0.0,False
3916,2024-07-14T16:12:00,61,31,3,2,37,0,0,0,1,True,,1,banner_loan_standard,exploitation,0,-0.01,False
3917,2024-07-14T17:37:00,66,70,3,1,41,0,0,0,0,False,sem_relacionamento_bancario,0,no_offer,blocked,0,0.0,False
3918,2024-07-14T17:12:00,56,60,1,3,30,0,0,0,0,False,sem_relacionamento_bancario,0,no_offer,blocked,0,0.0,False
3919,2024-07-14T14:27:00,32,101,4,2,7,0,0,1,0,False,sem_relacionamento_bancario,0,no_offer,blocked,0,0.0,False
3920,2024-07-14T17:18:00,50,91,1,3,24,0,0,1,0,False,sem_relacionamento_bancario,0,no_offer,blocked,0,0.0,False
3921,2024-07-15T15:18:00,64,20,3,3,39,0,0,0,0,False,renda_abaixo_minimo,0,no_offer,blocked,0,0.0,False
3922,2024-07-15T08:12:00,25,30,2,2,0,0,0,0,0,False,sem_relacionamento_bancario,0,no_offer,blocked,0,0.0,False
3923,2024-07-15T20:57:00,49,68,1,2,23,0,0,0,0,False,sem_relacionamento_bancario,0,no_offer,blocked,0,0.0,False
3924,2024-07-15T19:52:00,53,12,1,1,29,0,0,0,0,False,renda_abaixo_minimo,0,no_offer,blocked,0,0.0,False
3925,2024-07-15T09:09:00,52,43,4,2,28,0,0,0,0,False,sem_relacionamento_bancario,0,no_offer,blocked,0,0.0,False
3926,2024-07-15T16:32:00,63,39,2,3,37,0,0,1,1,True,,1,banner_loan_standard,exploitation,0,-0.01,False
3927,2024-07-15T21:47:00,39,153,2,1,14,0,0,0,0,False,sem_relacionamento_bancario,0,no_offer,blocked,0,0.0,False
3928,2024-07-15T15:29:00,33,88,3,1,7,0,0,1,1,True,,1,banner_loan_standard,exploration,0,-0.01,False
3929,2024-07-15T21:12:00,61,60,3,2,36,0,0,0,0,False,sem_relacionamento_bancario,0,no_offer,blocked,0,0.0,False
3930,2024-07-15T21:58:00,45,218,2,1,21,0,0,1,0,False,sem_relacionamento_bancario,0,no_offer,blocked,0,0.0,False
3931,2024-07-15T09:16:00,36,22,4,1,12,1,0,1,0,False,renda_abaixo_minimo,0,no_offer,blocked,0,0.0,False
3932,2024-07-15T18:07:00,56,35,3,2,31,0,0,0,0,False,sem_relacionamento_bancario,0,no_offer,blocked,0,0.0,False
3933,2024-07-15T11:02:00,42,54,4,2,18,0,0,0,0,False,sem_relacionamento_bancario,0,no_offer,blocked,0,0.0,False
3934,2024-07-15T21:15:00,55,78,4,3,29,0,0,0,1,True,,1,banner_loan_standard,exploitation,0,-0.01,False
3935,2024-07-15T18:52:00,41,80,1,1,15,0,0,0,0,False,sem_relacionamento_bancario,0,no_offer,blocked,0,0.0,False
3936,2024-07-15T08:50:00,66,38,1,3,41,0,0,0,1,True,,1,banner_loan_standard,exploitation,0,-0.01,False
3937,2024-07-15T19:14:00,46,70,4,1,22,0,0,0,1,True,,1,banner_loan_standard,exploitation,0,-0.01,False
3938,2024-07-15T09:27:00,38,54,2,3,14,0,0,0,0,False,sem_relacionamento_bancario,0,no_offer,blocked,0,0.0,False
3939,2024-07-15T21:22:00,49,25,1,3,23,0,0,1,0,False,sem_relacionamento_bancario,0,no_offer,blocked,0,0.0,False
3940,2024-07-15T21:14:00,32,35,3,1,6,1,0,1,0,True,,1,banner_loan_standard,exploitation,0,-0.01,False
3941,2024-07-16T21:37:00,36,40,2,2,9,1,0,1,0,True,,1,banner_loan_standard,exploitation,0,-0.01,False
3942,2024-07-16T21:55:00,52,44,3,2,25,0,0,1,0,False,sem_relacionamento_bancario,0,no_offer,blocked,0,0.0,False
3943,2024-07-16T16:53:00,33,68,4,1,8,0,0,1,0,False,sem_relacionamento_bancario,0,no_offer,blocked,0,0.0,False
3944,2024-07-16T19:10:00,27,155,1,1,2,0,0,0,0,False,sem_relacionamento_bancario,0,no_offer,blocked,0,0.0,False
3945,2024-07-16T20:30:00,29,22,2,3,4,0,0,0,0,False,renda_abaixo_minimo,0,no_offer,blocked,0,0.0,False
3946,2024-07-16T21:24:00,34,52,2,2,7,0,0,1,0,False,sem_relacionamento_bancario,0,no_offer,blocked,0,0.0,False
3947,2024-07-16T10:01:00,44,82,4,2,20,0,0,1,1,True,,1,banner_loan_standard,exploitation,0,-0.01,False
3948,2024-07-16T16:45:00,38,30,2,3,12,0,0,0,1,True,,1,banner_loan_standard,exploitation,0,-0.01,False
3949,2024-07-16T16:33:00,35,53,4,2,9,0,0,1,0,False,sem_relacionamento_bancario,0,no_offer,blocked,0,0.0,False
3950,2024-07-16T16:22:00,35,65,3,1,11,0,0,1,0,False,sem_relacionamento_bancario,0,no_offer,blocked,0,0.0,False
3951,2024-07-16T12:54:00,49,121,1,1,23,0,0,1,0,False,sem_relacionamento_bancario,0,no_offer,blocked,0,0.0,False
3952,2024-07-16T20:51:00,60,78,3,1,34,1,0,0,0,True,,1,banner_loan_standard,exploration,0,-0.01,False
3953,2024-07-16T10:37:00,42,32,3,2,16,0,0,0,1,True,,1,banner_loan_standard,exploitation,0,-0.01,False
3954,2024-07-16T13:13:00,41,55,1,1,15,0,0,0,0,False,sem_relacionamento_bancario,0,no_offer,blocked,0,0.0,False
3955,2024-07-16T11:17:00,49,125,1,1,23,0,0,0,0,False,sem_relacionamento_bancario,0,no_offer,blocked,0,0.0,False
3956,2024-07-16T17:48:00,54,25,4,3,24,0,0,0,1,True,,1,banner_loan_standard,exploitation,0,-0.01,False
3957,2024-07-16T16:26:00,44,44,3,3,14,1,1,1,1,True,,1,banner_loan_standard,exploitation,0,-0.01,False
3958,2024-07-16T18:48:00,56,78,3,2,30,0,0,0,0,False,sem_relacionamento_bancario,0,no_offer,blocked,0,0.0,False
3959,2024-07-16T12:06:00,64,73,3,1,39,0,0,0,0,False,sem_relacionamento_bancario,0,no_offer,blocked,0,0.0,False
3960,2024-07-16T10:56:00,42,49,1,1,16,0,0,0,0,False,sem_relacionamento_bancario,0,no_offer,blocked,0,0.0,False
3961,2024-07-17T12:54:00,43,85,1,3,18,1,0,1,0,True,,1,banner_loan_standard,exploitation,0,-0.01,False
3962,2024-07-17T19:29:00,35,85,2,1,9,0,0,0,0,False,sem_relacionamento_bancario,0,no_offer,blocked,0,0.0,False
3963,2024-07-17T11:36:00,40,98,2,2,16,0,0,1,0,False,sem_relacionamento_bancario,0,no_offer,blocked,0,0.0,False
3964,2024-07-17T10:08:00,48,24,4,1,24,0,0,1,0,False,renda_abaixo_minimo,0,no_offer,blocked,0,0.0,False
3965,2024-07-17T09:22:00,28,83,3,1,4,0,0,1,1,True,,1,banner_loan_standard,exploitation,0,-0.01,False
3966,2024-07-17T16:12:00,36,133,1,1,11,1,1,1,1,True,,1,banner_loan_standard,exploitation,0,-0.01,False
3967,2024-07-17T11:16:00,35,108,2,3,5,1,0,0,0,True,,0,no_offer,exploration,0,0.0,False
3968,2024-07-17T13:35:00,33,20,1,3,3,0,0,0,0,False,renda_abaixo_minimo,0,no_offer,blocked,0,0.0,False
3969,2024-07-17T08:17:00,46,105,4,1,20,0,0,0,0,False,sem_relacionamento_bancario,0,no_offer,blocked,0,0.0,False
3970,2024-07-17T10:08:00,58,92,2,1,34,0,0,0,0,False,sem_relacionamento_bancario,0,no_offer,blocked,0,0.0,False
3971,2024-07-17T20:39:00,29,62,2,1,4,0,0,1,0,False,sem_relacionamento_bancario,0,no_offer,blocked,0,0.0,False
3972,2024-07-17T14:44:00,50,161,3,1,24,0,0,1,0,False,sem_relacionamento_bancario,0,no_offer,blocked,0,0.0,False
3973,2024-07-17T18:43:00,32,32,2,1,6,0,0,0,0,False,sem_relacionamento_bancario,0,no_offer,blocked,0,0.0,False
3974,2024-07-17T21:03:00,60,105,2,1,34,0,0,1,0,False,sem_relacionamento_bancario,0,no_offer,blocked,0,0.0,False
3975,2024-07-17T08:23:00,40,58,4,3,14,0,0,1,0,False,sem_relacionamento_bancario,0,no_offer,blocked,0,0.0,False
3976,2024-07-17T11:50:00,30,24,1,2,4,0,0,1,0,False,renda_abaixo_minimo,0,no_offer,blocked,0,0.0,False
3977,2024-07-17T11:40:00,30,30,1,3,6,0,0,1,1,True,,1,banner_loan_standard,exploitation,0,-0.01,False
3978,2024-07-17T20:43:00,57,95,2,1,33,0,0,0,0,False,sem_relacionamento_bancario,0,no_offer,blocked,0,0.0,False
3979,2024-07-17T21:43:00,30,62,1,1,6,0,0,1,1,True,,1,banner_loan_standard,exploitation,0,-0.01,False
3980,2024-07-17T11:24:00,32,35,2,1,6,0,0,0,1,True,,0,no_offer,exploration,0,0.0,False
3981,2024-07-18T16:49:00,41,71,2,1,17,0,0,1,1,True,,1,banner_loan_standard,exploitation,0,-0.01,False
3982,2024-07-18T11:31:00,39,30,4,1,15,1,0,0,1,True,,1,banner_loan_standard,exploitation,0,-0.01,False
3983,2024-07-18T08:13:00,29,121,2,1,3,0,0,0,0,False,sem_relacionamento_bancario,0,no_offer,blocked,0,0.0,False
3984,2024-07-18T08:16:00,47,160,2,1,23,0,0,0,0,False,sem_relacionamento_bancario,0,no_offer,blocked,0,0.0,False
3985,2024-07-18T16:58:00,64,131,1,1,40,0,0,0,0,False,sem_relacionamento_bancario,0,no_offer,blocked,0,0.0,False
3986,2024-07-18T10:18:00,35,28,1,3,9,0,0,0,1,True,,1,banner_loan_standard,exploitation,0,-0.01,False
3987,2024-07-18T14:08:00,45,218,2,1,21,0,0,1,0,False,sem_relacionamento_bancario,0,no_offer,blocked,0,0.0,False
3988,2024-07-18T13:29:00,39,80,2,1,14,0,0,0,0,False,sem_relacionamento_bancario,0,no_offer,blocked,0,0.0,False
3989,2024-07-18T09:13:00,31,71,1,1,7,1,0,0,0,True,,0,no_offer,exploration,0,0.0,False
3990,2024-07-18T21:00:00,31,35,1,3,5,0,0,0,0,False,sem_relacionamento_bancario,0,no_offer,blocked,0,0.0,False
3991,2024-07-18T17:57:00,59,74,4,3,35,0,0,0,0,False,sem_relacionamento_bancario,0,no_offer,blocked,0,0.0,False
3992,2024-07-18T16:15:00,26,20,4,1,2,0,0,0,0,False,renda_abaixo_minimo,0,no_offer,blocked,0,0.0,False
3993,2024-07-18T17:46:00,50,128,2,1,26,0,0,1,0,False,sem_relacionamento_bancario,0,no_offer,blocked,0,0.0,False
3994,2024-07-18T19:15:00,51,52,2,3,27,0,0,0,0,False,sem_relacionamento_bancario,0,no_offer,blocked,0,0.0,False
3995,2024-07-18T21:28:00,62,95,3,1,37,0,0,0,0,False,sem_relacionamento_bancario,0,no_offer,blocked,0,0.0,False
3996,2024-07-18T15:46:00,52,118,2,1,28,0,0,1,0,False,sem_relacionamento_bancario,0,no_offer,blocked,0,0.0,False
3997,2024-07-18T14:14:00,60,23,1,3,35,0,0,1,0,False,renda_abaixo_minimo,0,no_offer,blocked,0,0.0,False
3998,2024-07-18T10:07:00,39,62,3,2,12,0,0,0,0,False,sem_relacionamento_bancario,0,no_offer,blocked,0,0.0,False
3999,2024-07-18T09:01:00,50,19,2,1,26,0,0,1,0,False,renda_abaixo_minimo,0,no_offer,blocked,0,0.0,False
4000,2024-07-18T14:48:00,51,33,3,3,25,0,0,1,1,True,,0,no_offer,exploration,0,0.0,False
4001,2024-07-19T15:27:00,28,173,2,1,3,0,0,1,0,False,sem_relacionamento_bancario,0,no_offer,blocked,0,0.0,False
4002,2024-07-19T14:03:00,43,59,1,1,18,0,0,1,0,False,sem_relacionamento_bancario,0,no_offer,blocked,0,0.0,False
4003,2024-07-19T21:52:00,35,30,4,1,9,0,0,1,0,False,sem_relacionamento_bancario,0,no_offer,blocked,0,0.0,False
4004,2024-07-19T17:28:00,43,53,3,3,18,0,0,0,0,False,sem_relacionamento_bancario,0,no_offer,blocked,0,0.0,False
4005,2024-07-19T08:48:00,31,54,2,2,4,0,0,0,1,True,,1,banner_loan_standard,exploration,0,-0.01,False
4006,2024-07-19T11:14:00,55,92,1,3,25,0,0,0,1,True,,1,banner_loan_standard,exploitation,1,1.0,False
4007,2024-07-19T20:59:00,43,125,4,2,17,0,0,0,0,False,sem_relacionamento_bancario,0,no_offer,blocked,0,0.0,False
4008,2024-07-19T09:59:00,31,40,4,3,5,0,0,0,0,False,sem_relacionamento_bancario,0,no_offer,blocked,0,0.0,False
4009,2024-07-19T10:23:00,62,99,4,2,38,0,0,1,0,False,sem_relacionamento_bancario,0,no_offer,blocked,0,0.0,False
4010,2024-07-19T20:23:00,47,124,4,3,22,0,0,0,0,False,sem_relacionamento_bancario,0,no_offer,blocked,0,0.0,False
4011,2024-07-19T18:58:00,43,60,3,3,19,0,0,1,0,False,sem_relacionamento_bancario,0,no_offer,blocked,0,0.0,False
4012,2024-07-19T18:59:00,49,194,4,2,23,0,0,0,1,True,,1,banner_loan_standard,exploitation,1,1.0,False
4013,2024-07-19T08:16:00,46,158,1,1,20,0,0,1,1,True,,1,banner_loan_standard,exploitation,0,-0.01,False
4014,2024-07-19T21:28:00,59,71,2,3,33,0,0,1,1,True,,1,banner_loan_standard,exploration,0,-0.01,False
4015,2024-07-19T13:39:00,43,201,1,2,16,0,0,0,1,True,,1,banner_loan_standard,exploration,0,-0.01,False
4016,2024-07-19T14:09:00,36,133,1,1,11,1,1,1,1,True,,1,banner_loan_standard,exploitation,0,-0.01,False
4017,2024-07-19T14:57:00,54,121,2,3,30,1,0,0,0,True,,0,no_offer,exploration,0,0.0,False
4018,2024-07-19T16:09:00,45,180,3,2,20,0,0,0,0,False,sem_relacionamento_bancario,0,no_offer,blocked,0,0.0,False
4019,2024-07-19T17:47:00,26,60,2,1,2,0,0,0,0,False,sem_relacionamento_bancario,0,no_offer,blocked,0,0.0,False
4020,2024-07-19T20:38:00,52,28,3,2,27,0,0,0,0,False,sem_relacionamento_bancario,0,no_offer,blocked,0,0.0,False
4021,2024-07-20T10:49:00,41,114,4,1,16,0,0,0,1,True,,1,banner_loan_standard,exploitation,0,-0.01,False
4022,2024-07-20T18:14:00,51,21,2,3,25,1,0,1,0,False,renda_abaixo_minimo,0,no_offer,blocked,0,0.0,False
4023,2024-07-20T12:51:00,63,110,3,2,38,0,0,1,0,False,sem_relacionamento_bancario,0,no_offer,blocked,0,0.0,False
4024,2024-07-20T12:55:00,41,55,2,1,17,0,0,0,0,False,sem_relacionamento_bancario,0,no_offer,blocked,0,0.0,False
4025,2024-07-20T19:03:00,40,125,2,1,16,0,0,1,0,False,sem_relacionamento_bancario,0,no_offer,blocked,0,0.0,False
4026,2024-07-20T16:38:00,34,71,4,1,9,0,0,1,0,False,sem_relacionamento_bancario,0,no_offer,blocked,0,0.0,False
4027,2024-07-20T17:27:00,41,39,3,3,15,0,0,0,0,False,sem_relacionamento_bancario,0,no_offer,blocked,0,0.0,False
4028,2024-07-20T14:44:00,57,163,1,1,33,0,0,1,0,False,sem_relacionamento_bancario,0,no_offer,blocked,0,0.0,False
4029,2024-07-20T20:39:00,49,68,1,2,23,0,0,0,0,False,sem_relacionamento_bancario,0,no_offer,blocked,0,0.0,False
4030,2024-07-20T17:25:00,30,39,1,1,4,0,0,0,1,True,,1,banner_loan_standard,exploitation,0,-0.01,False
4031,2024-07-20T08:56:00,37,95,2,2,13,0,0,0,1,True,,1,banner_loan_standard,exploitation,1,1.0,False
4032,2024-07-20T21:49:00,58,72,3,2,32,0,0,1,0,False,sem_relacionamento_bancario,0,no_offer,blocked,0,0.0,False
4033,2024-07-20T18:17:00,30,131,3,3,5,0,0,0,0,False,sem_relacionamento_bancario,0,no_offer,blocked,0,0.0,False
4034,2024-07-20T13:29:00,28,188,2,1,2,1,0,1,0,True,,1,banner_loan_standard,exploitation,0,-0.01,False
4035,2024-07-20T18:56:00,51,69,1,1,25,0,0,1,1,True,,1,banner_loan_standard,exploration,1,1.0,False
4036,2024-07-20T20:08:00,43,29,1,3,18,0,0,1,0,False,sem_relacionamento_bancario,0,no_offer,blocked,0,0.0,False
4037,2024-07-20T17:02:00,45,39,2,3,21,0,0,0,1,True,,1,banner_loan_standard,exploitation,0,-0.01,False
4038,2024-07-20T10:32:00,28,53,2,3,3,0,0,0,0,False,sem_relacionamento_bancario,0,no_offer,blocked,0,0.0,False
4039,2024-07-20T12:30:00,46,15,4,3,20,1,0,1,0,False,renda_abaixo_minimo,0,no_offer,blocked,0,0.0,False
4040,2024-07-20T11:33:00,52,58,4,3,27,0,0,0,0,False,sem_relacionamento_bancario,0,no_offer,blocked,0,0.0,False
4041,2024-07-21T15:31:00,55,162,1,1,29,0,0,1,1,True,,1,banner_loan_standard,exploitation,0,-0.01,False
4042,2024-07-21T13:44:00,32,13,4,1,6,1,1,1,1,False,renda_abaixo_minimo,0,no_offer,blocked,0,0.0,False
4043,2024-07-21T12:32:00,45,85,2,2,19,0,0,1,0,False,sem_relacionamento_bancario,0,no_offer,blocked,0,0.0,False
4044,2024-07-21T11:18:00,35,82,3,2,9,0,0,1,0,False,sem_relacionamento_bancario,0,no_offer,blocked,0,0.0,False
4045,2024-07-21T08:27:00,52,49,4,2,28,0,0,1,0,False,sem_relacionamento_bancario,0,no_offer,blocked,0,0.0,False
4046,2024-07-21T21:18:00,36,44,4,2,9,1,0,1,0,True,,1,banner_loan_standard,exploitation,0,-0.01,False
4047,2024-07-21T11:08:00,57,84,3,3,32,1,0,0,0,True,,1,banner_loan_standard,exploitation,0,-0.01,False
4048,2024-07-21T12:19:00,42,115,2,1,17,0,0,1,0,False,sem_relacionamento_bancario,0,no_offer,blocked,0,0.0,False
4049,2024-07-21T19:54:00,50,44,1,1,25,0,0,1,1,True,,1,banner_loan_standard,exploitation,0,-0.01,False
4050,2024-07-21T12:55:00,26,150,2,1,0,0,0,0,1,True,,1,banner_loan_standard,exploitation,0,-0.01,False
4051,2024-07-21T18:05:00,33,14,4,2,9,0,0,1,0,False,renda_abaixo_minimo,0,no_offer,blocked,0,0.0,False
4052,2024-07-21T20:12:00,59,124,1,1,35,0,0,0,1,True,,1,banner_loan_standard,exploitation,0,-0.01,False
4053,2024-07-21T12:26:00,52,109,1,1,26,0,1,1,1,True,,1,banner_loan_standard,exploitation,1,1.0,False
4054,2024-07-21T17:18:00,39,72,2,1,13,0,0,1,0,False,sem_relacionamento_bancario,0,no_offer,blocked,0,0.0,False
4055,2024-07-21T15:25:00,23,149,2,1,-3,0,0,1,0,False,sem_relacionamento_bancario,0,no_offer,blocked,0,0.0,False
4056,2024-07-21T20:27:00,46,125,2,3,22,0,0,1,0,False,sem_relacionamento_bancario,0,no_offer,blocked,0,0.0,False
4057,2024-07-21T21:55:00,56,78,3,2,30,0,0,0,0,False,sem_relacionamento_bancario,0,no_offer,blocked,0,0.0,False
4058,2024-07-21T09:43:00,55,103,3,2,31,0,0,0,0,False,sem_relacionamento_bancario,0,no_offer,blocked,0,0.0,False
4059,2024-07-21T11:41:00,55,28,1,2,30,0,0,0,0,False,sem_relacionamento_bancario,0,no_offer,blocked,0,0.0,False
4060,2024-07-21T20:58:00,54,120,1,1,30,0,0,1,1,True,,1,banner_loan_standard,exploitation,0,-0.01,False
4061,2024-07-22T20:03:00,29,30,4,2,3,0,0,0,0,False,sem_relacionamento_bancario,0,no_offer,blocked,0,0.0,False
4062,2024-07-22T17:24:00,60,105,2,1,34,0,0,1,0,False,sem_relacionamento_bancario,0,no_offer,blocked,0,0.0,False
4063,2024-07-22T10:46:00,31,43,1,1,5,0,0,0,0,False,sem_relacionamento_bancario,0,no_offer,blocked,0,0.0,False
4064,2024-07-22T09:56:00,36,65,4,2,10,0,0,0,0,False,sem_relacionamento_bancario,0,no_offer,blocked,0,0.0,False
4065,2024-07-22T10:26:00,54,45,4,2,30,0,0,0,1,True,,1,banner_loan_standard,exploration,0,-0.01,False
4066,2024-07-22T16:17:00,39,78,1,3,13,0,0,0,0,False,sem_relacionamento_bancario,0,no_offer,blocked,0,0.0,False
4067,2024-07-22T13:00:00,33,140,1,1,8,0,0,1,0,False,sem_relacionamento_bancario,0,no_offer,blocked,0,0.0,False
4068,2024-07-22T20:47:00,53,22,1,2,26,0,0,1,0,False,renda_abaixo_minimo,0,no_offer,blocked,0,0.0,False
4069,2024-07-22T16:36:00,40,28,4,3,14,0,0,0,1,True,,1,banner_loan_standard,exploitation,0,-0.01,False
4070,2024-07-22T10:14:00,50,19,4,3,20,0,0,0,0,False,renda_abaixo_minimo,0,no_offer,blocked,0,0.0,False
4071,2024-07-22T15:37:00,51,12,4,1,27,0,0,1,0,False,renda_abaixo_minimo,0,no_offer,blocked,0,0.0,False
4072,2024-07-22T09:18:00,30,64,4,1,6,0,0,0,0,False,sem_relacionamento_bancario,0,no_offer,blocked,0,0.0,False
4073,2024-07-22T15:46:00,30,54,4,3,4,0,0,1,0,False,sem_relacionamento_bancario,0,no_offer,blocked,0,0.0,False
4074,2024-07-22T08:40:00,29,124,2,1,5,0,0,0,1,True,,1,banner_loan_standard,exploration,1,1.0,False
4075,2024-07-22T14:18:00,54,93,1,1,28,0,1,1,1,True,,1,banner_loan_standard,exploitation,0,-0.01,False
4076,2024-07-22T11:57:00,29,175,3,3,3,0,0,1,0,False,sem_relacionamento_bancario,0,no_offer,blocked,0,0.0,False
4077,2024-07-22T14:23:00,29,134,2,1,4,0,0,0,0,False,sem_relacionamento_bancario,0,no_offer,blocked,0,0.0,False
4078,2024-07-22T20:39:00,62,195,4,3,38,0,1,1,1,True,,1,banner_loan_standard,exploitation,0,-0.01,False
4079,2024-07-22T13:37:00,42,73,3,2,15,0,0,0,0,False,sem_relacionamento_bancario,0,no_offer,blocked,0,0.0,False
4080,2024-07-22T16:35:00,28,55,3,2,2,0,0,0,0,False,sem_relacionamento_bancario,0,no_offer,blocked,0,0.0,False
4081,2024-07-23T18:10:00,35,59,4,2,11,0,0,0,0,False,sem_relacionamento_bancario,0,no_offer,blocked,0,0.0,False
4082,2024-07-23T11:06:00,31,129,3,3,5,1,1,0,1,True,,0,no_offer,exploration,0,0.0,False
4083,2024-07-23T18:46:00,59,40,4,2,32,0,0,1,0,False,sem_relacionamento_bancario,0,no_offer,blocked,0,0.0,False
4084,2024-07-23T16:14:00,57,70,3,3,32,0,0,0,0,False,sem_relacionamento_bancario,0,no_offer,blocked,0,0.0,False
4085,2024-07-23T21:12:00,41,175,2,3,16,0,0,1,0,False,sem_relacionamento_bancario,0,no_offer,blocked,0,0.0,False
4086,2024-07-23T18:59:00,54,102,3,2,28,0,0,1,0,False,sem_relacionamento_bancario,0,no_offer,blocked,0,0.0,False
4087,2024-07-23T20:25:00,38,184,3,1,12,0,0,1,0,False,sem_relacionamento_bancario,0,no_offer,blocked,0,0.0,False
4088,2024-07-23T13:27:00,41,165,2,1,17,0,0,1,0,False,sem_relacionamento_bancario,0,no_offer,blocked,0,0.0,False
4089,2024-07-23T11:48:00,25,113,3,1,1,0,0,0,1,True,,1,banner_loan_standard,exploitation,0,-0.01,False
4090,2024-07-23T21:55:00,52,55,3,3,22,0,0,1,0,False,sem_relacionamento_bancario,0,no_offer,blocked,0,0.0,False
4091,2024-07-23T20:38:00,65,141,2,1,39,1,0,1,0,True,,1,banner_loan_standard,exploitation,1,1.0,False
4092,2024-07-23T18:30:00,39,88,4,2,13,0,0,1,1,True,,0,no_offer,exploration,0,0.0,False
4093,2024-07-23T19:59:00,32,83,4,2,6,0,0,0,0,False,sem_relacionamento_bancario,0,no_offer,blocked,0,0.0,False
4094,2024-07-23T16:02:00,28,55,3,2,2,0,0,0,0,False,sem_relacionamento_bancario,0,no_offer,blocked,0,0.0,False
4095,2024-07-23T13:54:00,51,163,2,3,25,0,0,1,0,False,sem_relacionamento_bancario,0,no_offer,blocked,0,0.0,False
4096,2024-07-23T09:23:00,27,140,1,2,1,1,1,1,0,True,,0,no_offer,exploration,0,0.0,False
4097,2024-07-23T21:47:00,56,34,2,2,30,0,0,1,0,False,sem_relacionamento_bancario,0,no_offer,blocked,0,0.0,False
4098,2024-07-23T14:35:00,36,51,3,1,12,0,0,1,0,False,sem_relacionamento_bancario,0,no_offer,blocked,0,0.0,False
4099,2024-07-23T13:29:00,40,64,4,1,16,1,0,1,0,True,,1,banner_loan_standard,exploitation,0,-0.01,False
4100,2024-07-23T17:00:00,28,188,2,1,2,1,0,1,0,True,,1,banner_loan_standard,exploitation,0,-0.01,False
4101,2024-07-24T08:42:00,55,28,2,2,30,0,0,1,1,True,,1,banner_loan_standard,exploitation,0,-0.01,False
4102,2024-07-24T09:45:00,63,129,1,1,38,0,0,1,0,False,sem_relacionamento_bancario,0,no_offer,blocked,0,0.0,False
4103,2024-07-24T13:10:00,30,22,4,3,5,0,0,1,0,False,renda_abaixo_minimo,0,no_offer,blocked,0,0.0,False
4104,2024-07-24T17:58:00,30,54,4,3,4,0,0,1,0,False,sem_relacionamento_bancario,0,no_offer,blocked,0,0.0,False
4105,2024-07-24T21:16:00,51,148,1,1,25,0,0,0,0,False,sem_relacionamento_bancario,0,no_offer,blocked,0,0.0,False
4106,2024-07-24T11:55:00,41,69,1,2,16,0,0,1,0,False,sem_relacionamento_bancario,0,no_offer,blocked,0,0.0,False
4107,2024-07-24T17:47:00,58,152,4,3,34,0,0,0,0,False,sem_relacionamento_bancario,0,no_offer,blocked,0,0.0,False
4108,2024-07-24T12:12:00,42,14,2,2,17,0,0,1,0,False,renda_abaixo_minimo,0,no_offer,blocked,0,0.0,False
4109,2024-07-24T16:10:00,30,39,3,2,4,0,0,1,0,False,sem_relacionamento_bancario,0,no_offer,blocked,0,0.0,False
4110,2024-07-24T18:05:00,34,65,1,1,8,0,0,1,0,False,sem_relacionamento_bancario,0,no_offer,blocked,0,0.0,False
4111,2024-07-24T08:53:00,46,111,1,1,20,0,0,0,0,False,sem_relacionamento_bancario,0,no_offer,blocked,0,0.0,False
4112,2024-07-24T13:12:00,39,115,1,3,14,0,0,1,0,False,sem_relacionamento_bancario,0,no_offer,blocked,0,0.0,False
4113,2024-07-24T13:55:00,35,73,3,1,10,0,0,1,0,False,sem_relacionamento_bancario,0,no_offer,blocked,0,0.0,False
4114,2024-07-24T13:36:00,58,75,2,3,33,0,0,1,0,False,sem_relacionamento_bancario,0,no_offer,blocked,0,0.0,False
4115,2024-07-24T18:49:00,33,115,1,2,7,0,0,1,0,False,sem_relacionamento_bancario,0,no_offer,blocked,0,0.0,False
4116,2024-07-24T11:13:00,28,43,1,3,4,0,0,0,0,False,sem_relacionamento_bancario,0,no_offer,blocked,0,0.0,False
4117,2024-07-24T17:04:00,62,11,1,1,37,0,0,1,0,False,renda_abaixo_minimo,0,no_offer,blocked,0,0.0,False
4118,2024-07-24T14:41:00,50,83,1,2,25,0,0,1,1,True,,1,banner_loan_standard,exploration,0,-0.01,False
4119,2024-07-24T17:49:00,59,21,3,2,34,0,0,1,1,False,renda_abaixo_minimo,0,no_offer,blocked,0,0.0,False
4120,2024-07-24T20:00:00,62,25,3,3,36,0,0,1,1,True,,1,banner_loan_standard,exploitation,0,-0.01,False
4121,2024-07-25T08:46:00,54,75,2,3,24,0,0,0,0,False,sem_relacionamento_bancario,0,no_offer,blocked,0,0.0,False
4122,2024-07-25T20:58:00,39,108,3,3,14,0,0,1,1,True,,1,banner_loan_standard,exploitation,1,1.0,False
4123,2024-07-25T19:32:00,50,90,1,2,25,0,0,1,0,False,sem_relacionamento_bancario,0,no_offer,blocked,0,0.0,False
4124,2024-07-25T12:40:00,41,34,1,1,17,0,0,0,0,False,sem_relacionamento_bancario,0,no_offer,blocked,0,0.0,False
4125,2024-07-25T21:56:00,39,62,4,1,15,0,0,0,0,False,sem_relacionamento_bancario,0,no_offer,blocked,0,0.0,False
4126,2024-07-25T08:47:00,35,128,1,1,10,0,0,1,0,False,sem_relacionamento_bancario,0,no_offer,blocked,0,0.0,False
4127,2024-07-25T08:11:00,57,74,4,1,32,0,0,0,1,True,,1,banner_loan_standard,exploitation,0,-0.01,False
4128,2024-07-25T12:23:00,49,19,1,3,25,0,0,0,0,False,renda_abaixo_minimo,0,no_offer,blocked,0,0.0,False
4129,2024-07-25T08:24:00,52,38,4,2,28,0,0,0,1,True,,0,no_offer,exploration,0,0.0,False
4130,2024-07-25T08:31:00,54,95,1,2,28,0,0,1,0,False,sem_relacionamento_bancario,0,no_offer,blocked,0,0.0,False
4131,2024-07-25T10:59:00,46,42,1,1,21,0,0,1,1,True,,1,banner_loan_standard,exploitation,0,-0.01,False
4132,2024-07-25T18:28:00,66,95,2,3,42,0,0,1,0,False,sem_relacionamento_bancario,0,no_offer,blocked,0,0.0,False
4133,2024-07-25T08:59:00,36,49,2,2,9,0,0,0,1,True,,1,banner_loan_standard,exploitation,0,-0.01,False
4134,2024-07-25T21:35:00,60,64,1,2,34,0,0,0,0,False,sem_relacionamento_bancario,0,no_offer,blocked,0,0.0,False
4135,2024-07-25T20:16:00,52,19,2,2,26,0,0,0,1,False,renda_abaixo_minimo,0,no_offer,blocked,0,0.0,False
4136,2024-07-25T08:11:00,38,61,3,3,12,0,0,0,0,False,sem_relacionamento_bancario,0,no_offer,blocked,0,0.0,False
4137,2024-07-25T16:49:00,37,115,1,2,13,0,0,1,1,True,,1,banner_loan_standard,exploration,0,-0.01,False
4138,2024-07-25T11:16:00,35,82,3,2,9,0,0,1,0,False,sem_relacionamento_bancario,0,no_offer,blocked,0,0.0,False
4139,2024-07-25T08:15:00,45,63,1,3,21,0,0,1,1,True,,1,banner_loan_standard,exploration,0,-0.01,False
4140,2024-07-25T15:53:00,38,74,2,1,14,1,0,1,0,True,,1,banner_loan_standard,exploitation,1,1.0,False
4141,2024-07-26T15:23:00,34,31,1,1,8,0,0,1,1,True,,1,banner_loan_standard,exploitation,1,1.0,False
4142,2024-07-26T16:21:00,33,83,1,1,9,0,0,1,0,False,sem_relacionamento_bancario,0,no_offer,blocked,0,0.0,False
4143,2024-07-26T19:16:00,26,102,1,1,1,0,0,0,0,False,sem_relacionamento_bancario,0,no_offer,blocked,0,0.0,False
4144,2024-07-26T21:50:00,47,42,4,1,21,0,0,1,1,True,,1,banner_loan_standard,exploitation,0,-0.01,False
4145,2024-07-26T18:21:00,65,29,1,2,40,0,0,0,0,False,sem_relacionamento_bancario,0,no_offer,blocked,0,0.0,False
4146,2024-07-26T17:57:00,58,15,4,2,33,0,0,0,0,False,renda_abaixo_minimo,0,no_offer,blocked,0,0.0,False
4147,2024-07-26T18:11:00,57,25,2,1,33,0,0,1,0,False,sem_relacionamento_bancario,0,no_offer,blocked,0,0.0,False
4148,2024-07-26T16:58:00,63,34,1,3,33,0,0,1,1,True,,1,banner_loan_standard,exploitation,0,-0.01,False
4149,2024-07-26T21:20:00,58,41,3,1,34,0,0,1,1,True,,1,banner_loan_standard,exploitation,0,-0.01,False
4150,2024-07-26T17:15:00,45,19,3,1,19,0,0,1,1,False,renda_abaixo_minimo,0,no_offer,blocked,0,0.0,False
4151,2024-07-26T14:03:00,48,28,1,3,22,0,0,1,0,False,sem_relacionamento_bancario,0,no_offer,blocked,0,0.0,False
4152,2024-07-26T18:47:00,50,48,1,2,26,0,0,0,1,True,,1,banner_loan_standard,exploitation,0,-0.01,False
4153,2024-07-26T14:16:00,47,58,4,3,22,0,0,1,1,True,,1,banner_loan_standard,exploitation,0,-0.01,False
4154,2024-07-26T16:37:00,34,82,2,1,8,0,0,1,1,True,,1,banner_loan_standard,exploitation,0,-0.01,False
4155,2024-07-26T13:52:00,53,22,2,1,29,0,0,1,0,False,renda_abaixo_minimo,0,no_offer,blocked,0,0.0,False
4156,2024-07-26T12:45:00,62,91,1,1,38,1,0,1,0,True,,1,banner_loan_standard,exploitation,0,-0.01,False
4157,2024-07-26T08:34:00,53,20,1,1,29,0,0,1,1,False,renda_abaixo_minimo,0,no_offer,blocked,0,0.0,False
4158,2024-07-26T11:15:00,56,21,2,3,31,0,1,1,1,False,renda_abaixo_minimo,0,no_offer,blocked,0,0.0,False
4159,2024-07-26T11:18:00,51,58,1,1,27,0,0,0,1,True,,1,banner_loan_standard,exploitation,0,-0.01,False
4160,2024-07-26T17:16:00,31,20,4,2,4,0,0,1,0,False,renda_abaixo_minimo,0,no_offer,blocked,0,0.0,False
4161,2024-07-27T17:55:00,57,79,3,1,31,0,0,0,1,True,,1,banner_loan_standard,exploitation,0,-0.01,False
4162,2024-07-27T19:00:00,27,88,3,1,3,0,0,0,0,False,sem_relacionamento_bancario,0,no_offer,blocked,0,0.0,False
4163,2024-07-27T19:35:00,30,48,1,3,6,0,0,0,0,False,sem_relacionamento_bancario,0,no_offer,blocked,0,0.0,False
4164,2024-07-27T18:36:00,26,95,3,1,2,0,0,1,0,False,sem_relacionamento_bancario,0,no_offer,blocked,0,0.0,False
4165,2024-07-27T20:08:00,54,79,4,2,29,1,0,1,0,True,,1,banner_loan_standard,exploration,0,-0.01,False
4166,2024-07-27T18:01:00,35,180,1,3,11,0,1,1,1,True,,1,banner_loan_standard,exploitation,1,1.0,False
4167,2024-07-27T21:41:00,60,30,4,1,36,0,0,1,1,True,,1,banner_loan_standard,exploitation,0,-0.01,False
4168,2024-07-27T15:02:00,32,140,4,3,8,0,1,0,1,True,,1,banner_loan_standard,exploitation,1,1.0,False
4169,2024-07-27T21:51:00,34,164,4,3,8,0,0,1,0,False,sem_relacionamento_bancario,0,no_offer,blocked,0,0.0,False
4170,2024-07-27T10:44:00,31,115,2,1,5,0,0,1,1,True,,1,banner_loan_standard,exploitation,0,-0.01,False
4171,2024-07-27T13:39:00,52,81,4,2,27,0,0,0,0,False,sem_relacionamento_bancario,0,no_offer,blocked,0,0.0,False
4172,2024-07-27T13:17:00,49,82,1,2,22,0,0,1,0,False,sem_relacionamento_bancario,0,no_offer,blocked,0,0.0,False
4173,2024-07-27T09:10:00,27,48,2,3,2,1,0,1,0,True,,1,banner_loan_standard,exploitation,0,-0.01,False
4174,2024-07-27T08:13:00,48,161,4,3,23,0,0,0,0,False,sem_relacionamento_bancario,0,no_offer,blocked,0,0.0,False
4175,2024-07-27T18:32:00,62,65,1,2,38,0,0,1,0,False,sem_relacionamento_bancario,0,no_offer,blocked,0,0.0,False
4176,2024-07-27T21:06:00,35,14,4,1,11,0,1,1,1,False,renda_abaixo_minimo,0,no_offer,blocked,0,0.0,False
4177,2024-07-27T20:47:00,63,20,2,1,37,0,0,0,0,False,renda_abaixo_minimo,0,no_offer,blocked,0,0.0,False
4178,2024-07-27T21:45:00,48,65,2,2,22,0,0,1,0,False,sem_relacionamento_bancario,0,no_offer,blocked,0,0.0,False
4179,2024-07-27T21:27:00,61,22,1,3,37,0,0,1,0,False,renda_abaixo_minimo,0,no_offer,blocked,0,0.0,False
4180,2024-07-27T12:42:00,52,195,1,1,27,0,0,0,0,False,sem_relacionamento_bancario,0,no_offer,blocked,0,0.0,False
4181,2024-07-28T17:05:00,42,25,2,3,16,0,0,0,1,True,,1,banner_loan_standard,exploitation,0,-0.01,False
4182,2024-07-28T18:48:00,56,15,4,3,30,0,0,0,0,False,renda_abaixo_minimo,0,no_offer,blocked,0,0.0,False
4183,2024-07-28T16:49:00,28,85,3,1,4,0,0,1,0,False,sem_relacionamento_bancario,0,no_offer,blocked,0,0.0,False
4184,2024-07-28T08:30:00,38,173,2,1,13,0,0,0,0,False,sem_relacionamento_bancario,0,no_offer,blocked,0,0.0,False
4185,2024-07-28T12:42:00,59,84,1,3,35,0,0,1,1,True,,1,banner_loan_standard,exploration,0,-0.01,False
4186,2024-07-28T11:58:00,34,75,1,1,9,0,0,0,0,False,sem_relacionamento_bancario,0,no_offer,blocked,0,0.0,False
4187,2024-07-28T11:02:00,26,38,4,2,1,0,0,1,0,False,sem_relacionamento_bancario,0,no_offer,blocked,0,0.0,False
4188,2024-07-28T17:23:00,58,59,1,1,32,0,0,1,0,False,sem_relacionamento_bancario,0,no_offer,blocked,0,0.0,False
4189,2024-07-28T14:25:00,37,153,2,1,13,0,0,1,1,True,,0,no_offer,exploration,0,0.0,False
4190,2024-07-28T11:54:00,53,39,3,3,23,0,0,1,0,False,sem_relacionamento_bancario,0,no_offer,blocked,0,0.0,False
4191,2024-07-28T20:11:00,58,58,4,3,34,0,0,1,0,False,sem_relacionamento_bancario,0,no_offer,blocked,0,0.0,False
4192,2024-07-28T08:20:00,49,42,2,2,24,0,0,1,0,False,sem_relacionamento_bancario,0,no_offer,blocked,0,0.0,False
4193,2024-07-28T18:51:00,33,58,4,1,8,1,0,0,0,True,,1,banner_loan_standard,exploitation,0,-0.01,False
4194,2024-07-28T17:39:00,37,123,1,2,11,1,1,1,0,True,,1,banner_loan_standard,exploitation,1,1.0,False
4195,2024-07-28T12:03:00,53,10,2,1,29,0,0,0,0,False,renda_abaixo_minimo,0,no_offer,blocked,0,0.0,False
4196,2024-07-28T17:27:00,59,35,1,1,33,0,0,0,0,False,sem_relacionamento_bancario,0,no_offer,blocked,0,0.0,False
4197,2024-07-28T12:51:00,50,39,3,2,26,0,0,1,0,False,sem_relacionamento_bancario,0,no_offer,blocked,0,0.0,False
4198,2024-07-28T08:43:00,57,175,2,1,31,0,0,1,1,True,,1,banner_loan_standard,exploitation,0,-0.01,False
4199,2024-07-28T10:09:00,55,22,1,2,30,0,0,0,1,False,renda_abaixo_minimo,0,no_offer,blocked,0,0.0,False
4200,2024-07-28T09:00:00,61,60,1,2,35,0,0,1,1,True,,1,banner_loan_standard,exploitation,0,-0.01,False
4201,2024-07-29T18:43:00,53,120,4,2,29,1,1,1,0,True,,1,banner_loan_standard,exploitation,1,1.0,False
4202,2024-07-29T10:28:00,60,65,4,2,34,1,0,1,0,True,,1,banner_loan_standard,exploitation,0,-0.01,False
4203,2024-07-29T16:32:00,35,38,4,2,8,0,0,1,0,False,sem_relacionamento_bancario,0,no_offer,blocked,0,0.0,False
4204,2024-07-29T11:28:00,57,25,2,1,33,0,0,1,0,False,sem_relacionamento_bancario,0,no_offer,blocked,0,0.0,False
4205,2024-07-29T21:49:00,32,129,4,2,7,0,0,0,1,True,,1,banner_loan_standard,exploitation,1,1.0,False
4206,2024-07-29T18:32:00,64,59,2,1,39,0,0,1,0,False,sem_relacionamento_bancario,0,no_offer,blocked,0,0.0,False
4207,2024-07-29T12:40:00,54,53,4,2,28,1,0,0,0,True,,1,banner_loan_standard,exploitation,0,-0.01,False
4208,2024-07-29T18:30:00,56,90,2,1,32,0,0,1,1,True,,1,banner_loan_standard,exploitation,0,-0.01,False
4209,2024-07-29T12:25:00,53,132,2,1,29,0,0,0,0,False,sem_relacionamento_bancario,0,no_offer,blocked,0,0.0,False
4210,2024-07-29T16:57:00,60,135,3,3,35,0,0,1,0,False,sem_relacionamento_bancario,0,no_offer,blocked,0,0.0,False
4211,2024-07-29T16:28:00,52,112,1,1,26,1,1,1,1,True,,1,banner_loan_standard,exploitation,0,-0.01,False
4212,2024-07-29T08:51:00,45,40,2,1,20,0,0,0,1,True,,1,banner_loan_standard,exploitation,0,-0.01,False
4213,2024-07-29T08:21:00,48,45,1,1,23,0,0,1,1,True,,1,banner_loan_standard,exploitation,0,-0.01,False
4214,2024-07-29T21:48:00,31,50,4,3,5,0,0,1,0,False,sem_relacionamento_bancario,0,no_offer,blocked,0,0.0,False
4215,2024-07-29T16:58:00,58,34,3,1,33,0,0,1,0,False,sem_relacionamento_bancario,0,no_offer,blocked,0,0.0,False
4216,2024-07-29T21:43:00,62,39,3,1,37,0,0,1,0,False,sem_relacionamento_bancario,0,no_offer,blocked,0,0.0,False
4217,2024-07-29T08:11:00,43,122,1,1,18,0,0,1,1,True,,1,banner_loan_standard,exploitation,0,-0.01,False
4218,2024-07-29T08:32:00,57,68,4,1,32,0,0,1,1,True,,1,banner_loan_standard,exploitation,0,-0.01,False
4219,2024-07-29T16:47:00,28,34,4,2,1,0,0,0,1,True,,1,banner_loan_standard,exploitation,1,1.0,False
4220,2024-07-29T21:32:00,39,24,2,2,14,0,0,0,0,False,renda_abaixo_minimo,0,no_offer,blocked,0,0.0,False
4221,2024-07-30T17:40:00,39,71,3,1,13,1,0,1,0,True,,1,banner_loan_standard,exploitation,0,-0.01,False
4222,2024-07-30T20:02:00,56,51,4,1,32,0,0,0,0,False,sem_relacionamento_bancario,0,no_offer,blocked,0,0.0,False
4223,2024-07-30T18:49:00,50,81,1,1,25,0,0,0,0,False,sem_relacionamento_bancario,0,no_offer,blocked,0,0.0,False
4224,2024-07-30T11:33:00,39,58,2,2,13,0,0,1,0,False,sem_relacionamento_bancario,0,no_offer,blocked,0,0.0,False
4225,2024-07-30T08:27:00,39,175,2,1,15,0,0,1,0,False,sem_relacionamento_bancario,0,no_offer,blocked,0,0.0,False
4226,2024-07-30T20:32:00,62,142,2,3,32,0,0,0,1,True,,0,no_offer,exploration,0,0.0,False
4227,2024-07-30T15:02:00,59,73,2,3,33,0,0,1,1,True,,1,banner_loan_standard,exploitation,0,-0.01,False
4228,2024-07-30T13:44:00,32,129,4,2,7,0,0,0,1,True,,1,banner_loan_standard,exploitation,0,-0.01,False
4229,2024-07-30T20:22:00,54,133,2,3,30,0,0,0,0,False,sem_relacionamento_bancario,0,no_offer,blocked,0,0.0,False
4230,2024-07-30T21:59:00,42,52,2,1,18,0,0,0,0,False,sem_relacionamento_bancario,0,no_offer,blocked,0,0.0,False
4231,2024-07-30T09:31:00,49,82,2,2,23,0,0,0,0,False,sem_relacionamento_bancario,0,no_offer,blocked,0,0.0,False
4232,2024-07-30T15:52:00,44,15,1,1,20,0,0,1,0,False,renda_abaixo_minimo,0,no_offer,blocked,0,0.0,False
4233,2024-07-30T14:32:00,27,109,4,3,2,0,0,0,0,False,sem_relacionamento_bancario,0,no_offer,blocked,0,0.0,False
4234,2024-07-30T12:48:00,26,195,1,1,2,0,0,0,0,False,sem_relacionamento_bancario,0,no_offer,blocked,0,0.0,False
4235,2024-07-30T19:07:00,57,52,1,1,31,0,0,1,0,False,sem_relacionamento_bancario,0,no_offer,blocked,0,0.0,False
4236,2024-07-30T11:03:00,39,11,1,1,15,0,0,0,0,False,renda_abaixo_minimo,0,no_offer,blocked,0,0.0,False
4237,2024-07-30T12:37:00,32,82,2,1,7,0,0,1,1,True,,1,banner_loan_standard,exploitation,0,-0.01,False
4238,2024-07-30T11:38:00,43,74,4,1,19,0,0,0,1,True,,1,banner_loan_standard,exploitation,0,-0.01,False
4239,2024-07-30T13:25:00,52,49,1,3,26,0,0,1,0,False,sem_relacionamento_bancario,0,no_offer,blocked,0,0.0,False
4240,2024-07-30T08:32:00,34,154,3,2,10,0,0,1,0,False,sem_relacionamento_bancario,0,no_offer,blocked,0,0.0,False
4241,2024-07-31T14:55:00,42,115,1,1,18,0,0,0,1,True,,1,banner_loan_standard,exploration,0,-0.01,False
4242,2024-07-31T17:22:00,63,83,2,1,38,0,0,0,0,False,sem_relacionamento_bancario,0,no_offer,blocked,0,0.0,False
4243,2024-07-31T09:30:00,65,25,2,1,39,0,0,1,0,False,sem_relacionamento_bancario,0,no_offer,blocked,0,0.0,False
4244,2024-07-31T11:41:00,29,195,1,1,5,0,0,0,0,False,sem_relacionamento_bancario,0,no_offer,blocked,0,0.0,False
4245,2024-07-31T10:59:00,39,85,3,3,14,0,0,1,1,True,,1,banner_loan_standard,exploitation,0,-0.01,False
4246,2024-07-31T10:25:00,31,170,1,1,7,0,0,1,0,False,sem_relacionamento_bancario,0,no_offer,blocked,0,0.0,False
4247,2024-07-31T16:41:00,31,28,3,1,5,0,0,1,0,False,sem_relacionamento_bancario,0,no_offer,blocked,0,0.0,False
4248,2024-07-31T10:15:00,39,129,2,1,15,0,0,0,0,False,sem_relacionamento_bancario,0,no_offer,blocked,0,0.0,False
4249,2024-07-31T10:33:00,51,29,1,3,25,0,0,0,1,True,,1,banner_loan_standard,exploitation,0,-0.01,False
4250,2024-07-31T08:49:00,43,9,2,3,18,0,0,1,1,False,renda_abaixo_minimo,0,no_offer,blocked,0,0.0,False
4251,2024-07-31T15:08:00,34,71,4,2,10,0,0,0,0,False,sem_relacionamento_bancario,0,no_offer,blocked,0,0.0,False
4252,2024-07-31T12:18:00,60,38,3,3,34,1,0,0,0,True,,1,banner_loan_standard,exploitation,0,-0.01,False
4253,2024-07-31T08:31:00,63,112,4,3,37,0,0,1,1,True,,1,banner_loan_standard,exploitation,0,-0.01,False
4254,2024-07-31T12:38:00,35,103,2,3,9,0,0,1,0,False,sem_relacionamento_bancario,0,no_offer,blocked,0,0.0,False
4255,2024-07-31T16:24:00,55,52,1,3,25,1,0,0,0,True,,1,banner_loan_standard,exploration,0,-0.01,False
4256,2024-07-31T16:32:00,50,84,4,1,24,0,0,1,0,False,sem_relacionamento_bancario,0,no_offer,blocked,0,0.0,False
4257,2024-07-31T16:41:00,30,83,4,1,6,1,0,1,0,True,,1,banner_loan_standard,exploration,0,-0.01,False
4258,2024-07-31T20:05:00,49,24,4,1,25,0,0,1,0,False,renda_abaixo_minimo,0,no_offer,blocked,0,0.0,False
4259,2024-07-31T08:59:00,51,59,1,1,26,0,0,1,0,False,sem_relacionamento_bancario,0,no_offer,blocked,0,0.0,False
4260,2024-07-31T16:37:00,31,23,3,1,5,0,0,0,0,False,renda_abaixo_minimo,0,no_offer,blocked,0,0.0,False
4261,2024-08-01T14:50:00,63,141,2,1,37,0,0,1,1,True,,1,banner_loan_standard,exploitation,0,-0.01,False
4262,2024-08-01T09:25:00,33,20,3,1,8,0,0,0,1,False,renda_abaixo_minimo,0,no_offer,blocked,0,0.0,False
4263,2024-08-01T08:30:00,36,109,3,3,12,1,1,1,0,True,,1,banner_loan_standard,exploitation,0,-0.01,False
4264,2024-08-01T12:44:00,50,52,4,3,26,0,0,0,0,False,sem_relacionamento_bancario,0,no_offer,blocked,0,0.0,False
4265,2024-08-01T11:21:00,58,73,2,3,32,0,0,1,1,True,,1,banner_loan_standard,exploitation,0,-0.01,False
4266,2024-08-01T17:31:00,33,188,2,2,7,0,0,0,0,False,sem_relacionamento_bancario,0,no_offer,blocked,0,0.0,False
4267,2024-08-01T15:45:00,49,91,4,2,25,0,0,1,0,False,sem_relacionamento_bancario,0,no_offer,blocked,0,0.0,False
4268,2024-08-01T10:36:00,52,19,1,3,26,0,0,1,0,False,renda_abaixo_minimo,0,no_offer,blocked,0,0.0,False
4269,2024-08-01T14:32:00,59,13,4,2,34,0,0,0,0,False,renda_abaixo_minimo,0,no_offer,blocked,0,0.0,False
4270,2024-08-01T18:23:00,49,30,4,2,25,0,0,0,1,True,,1,banner_loan_standard,exploitation,0,-0.01,False
4271,2024-08-01T15:31:00,45,89,4,3,20,0,0,1,0,False,sem_relacionamento_bancario,0,no_offer,blocked,0,0.0,False
4272,2024-08-01T09:18:00,55,29,3,2,30,1,1,1,0,True,,1,banner_loan_standard,exploitation,0,-0.01,False
4273,2024-08-01T11:19:00,60,38,4,1,36,0,0,1,0,False,sem_relacionamento_bancario,0,no_offer,blocked,0,0.0,False
4274,2024-08-01T15:13:00,60,29,3,2,35,0,0,0,0,False,sem_relacionamento_bancario,0,no_offer,blocked,0,0.0,False
4275,2024-08-01T08:09:00,61,10,1,1,36,0,0,0,0,False,renda_abaixo_minimo,0,no_offer,blocked,0,0.0,False
4276,2024-08-01T21:03:00,45,83,4,3,21,0,0,1,0,False,sem_relacionamento_bancario,0,no_offer,blocked,0,0.0,False
4277,2024-08-01T18:51:00,44,82,2,1,19,0,0,1,1,True,,1,banner_loan_standard,exploitation,0,-0.01,False
4278,2024-08-01T08:47:00,48,161,4,3,23,0,0,0,0,False,sem_relacionamento_bancario,0,no_offer,blocked,0,0.0,False
4279,2024-08-01T10:20:00,35,29,3,1,9,0,0,1,0,False,sem_relacionamento_bancario,0,no_offer,blocked,0,0.0,False
4280,2024-08-01T13:08:00,44,78,2,3,19,0,0,0,0,False,sem_relacionamento_bancario,0,no_offer,blocked,0,0.0,False
4281,2024-08-02T19:56:00,43,78,3,2,16,0,0,1,1,True,,1,banner_loan_standard,exploitation,0,-0.01,False
4282,2024-08-02T20:07:00,55,81,4,2,30,0,0,1,0,False,sem_relacionamento_bancario,0,no_offer,blocked,0,0.0,False
4283,2024-08-02T09:58:00,31,65,4,2,5,0,0,1,0,False,sem_relacionamento_bancario,0,no_offer,blocked,0,0.0,False
4284,2024-08-02T16:54:00,54,111,1,3,29,0,0,0,1,True,,1,banner_loan_standard,exploitation,0,-0.01,False
4285,2024-08-02T12:58:00,51,29,1,3,25,0,0,0,0,False,sem_relacionamento_bancario,0,no_offer,blocked,0,0.0,False
4286,2024-08-02T09:48:00,41,155,1,1,16,0,0,0,0,False,sem_relacionamento_bancario,0,no_offer,blocked,0,0.0,False
4287,2024-08-02T09:00:00,31,54,4,2,5,0,0,0,0,False,sem_relacionamento_bancario,0,no_offer,blocked,0,0.0,False
4288,2024-08-02T10:57:00,37,62,3,2,12,0,0,0,1,True,,1,banner_loan_standard,exploitation,0,-0.01,False
4289,2024-08-02T16:57:00,34,71,4,1,9,0,0,1,0,False,sem_relacionamento_bancario,0,no_offer,blocked,0,0.0,False
4290,2024-08-02T12:54:00,43,124,1,1,17,0,0,0,0,False,sem_relacionamento_bancario,0,no_offer,blocked,0,0.0,False
4291,2024-08-02T15:18:00,26,195,1,1,2,0,0,0,0,False,sem_relacionamento_bancario,0,no_offer,blocked,0,0.0,False
4292,2024-08-02T09:49:00,50,43,1,3,25,0,0,1,0,False,sem_relacionamento_bancario,0,no_offer,blocked,0,0.0,False
4293,2024-08-02T12:30:00,43,64,4,3,17,0,0,1,0,False,sem_relacionamento_bancario,0,no_offer,blocked,0,0.0,False
4294,2024-08-02T16:38:00,51,71,1,2,27,0,0,0,1,True,,1,banner_loan_standard,exploitation,0,-0.01,False
4295,2024-08-02T13:40:00,36,38,1,2,12,0,0,0,0,False,sem_relacionamento_bancario,0,no_offer,blocked,0,0.0,False
4296,2024-08-02T16:31:00,46,84,1,2,19,0,0,1,1,True,,1,banner_loan_standard,exploitation,0,-0.01,False
4297,2024-08-02T13:21:00,31,10,4,2,7,0,0,1,0,False,renda_abaixo_minimo,0,no_offer,blocked,0,0.0,False
4298,2024-08-02T18:15:00,50,32,1,3,24,0,0,0,0,False,sem_relacionamento_bancario,0,no_offer,blocked,0,0.0,False
4299,2024-08-02T11:28:00,49,68,1,2,23,0,0,0,0,False,sem_relacionamento_bancario,0,no_offer,blocked,0,0.0,False
4300,2024-08-02T19:16:00,32,112,1,1,7,0,0,0,0,False,sem_relacionamento_bancario,0,no_offer,blocked,0,0.0,False
4301,2024-08-03T20:07:00,36,109,3,3,12,1,1,1,0,True,,1,banner_loan_standard,exploitation,0,-0.01,False
4302,2024-08-03T15:04:00,62,78,1,3,38,0,0,0,0,False,sem_relacionamento_bancario,0,no_offer,blocked,0,0.0,False
4303,2024-08-03T19:40:00,31,20,4,2,4,0,0,1,0,False,renda_abaixo_minimo,0,no_offer,blocked,0,0.0,False
4304,2024-08-03T10:34:00,50,179,4,2,23,0,0,1,0,False,sem_relacionamento_bancario,0,no_offer,blocked,0,0.0,False
4305,2024-08-03T15:43:00,41,51,2,3,17,0,0,0,1,True,,1,banner_loan_standard,exploitation,0,-0.01,False
4306,2024-08-03T16:40:00,39,89,2,1,14,0,0,1,0,False,sem_relacionamento_bancario,0,no_offer,blocked,0,0.0,False
4307,2024-08-03T09:49:00,38,41,4,1,13,0,0,1,0,False,sem_relacionamento_bancario,0,no_offer,blocked,0,0.0,False
4308,2024-08-03T11:44:00,39,75,3,1,14,0,0,0,1,True,,0,no_offer,exploration,0,0.0,False
4309,2024-08-03T08:55:00,41,141,2,1,17,0,0,0,0,False,sem_relacionamento_bancario,0,no_offer,blocked,0,0.0,False
4310,2024-08-03T09:45:00,52,184,1,1,27,0,0,0,0,False,sem_relacionamento_bancario,0,no_offer,blocked,0,0.0,False
4311,2024-08-03T10:04:00,50,52,4,3,26,0,0,0,0,False,sem_relacionamento_bancario,0,no_offer,blocked,0,0.0,False
4312,2024-08-03T21:02:00,44,78,2,3,19,0,0,0,0,False,sem_relacionamento_bancario,0,no_offer,blocked,0,0.0,False
4313,2024-08-03T14:38:00,62,69,2,3,36,0,0,1,0,False,sem_relacionamento_bancario,0,no_offer,blocked,0,0.0,False
4314,2024-08-03T21:49:00,57,31,3,2,32,0,0,1,0,False,sem_relacionamento_bancario,0,no_offer,blocked,0,0.0,False
4315,2024-08-03T20:22:00,62,128,1,1,37,0,0,0,0,False,sem_relacionamento_bancario,0,no_offer,blocked,0,0.0,False
4316,2024-08-03T18:53:00,53,94,4,2,29,0,0,1,0,False,sem_relacionamento_bancario,0,no_offer,blocked,0,0.0,False
4317,2024-08-03T17:24:00,46,74,3,1,22,0,0,1,0,False,sem_relacionamento_bancario,0,no_offer,blocked,0,0.0,False
4318,2024-08-03T20:15:00,32,38,1,1,7,0,0,1,0,False,sem_relacionamento_bancario,0,no_offer,blocked,0,0.0,False
4319,2024-08-03T16:33:00,26,51,4,1,2,0,0,1,0,False,sem_relacionamento_bancario,0,no_offer,blocked,0,0.0,False
4320,2024-08-03T14:36:00,45,29,1,3,21,0,0,1,0,False,sem_relacionamento_bancario,0,no_offer,blocked,0,0.0,False
4321,2024-08-04T20:21:00,52,39,2,1,28,0,0,1,0,False,sem_relacionamento_bancario,0,no_offer,blocked,0,0.0,False
4322,2024-08-04T08:22:00,64,83,3,2,39,0,0,1,0,False,sem_relacionamento_bancario,0,no_offer,blocked,0,0.0,False
4323,2024-08-04T13:35:00,44,72,3,3,20,0,0,1,0,False,sem_relacionamento_bancario,0,no_offer,blocked,0,0.0,False
4324,2024-08-04T08:08:00,53,31,3,3,27,0,0,1,0,False,sem_relacionamento_bancario,0,no_offer,blocked,0,0.0,False
4325,2024-08-04T09:52:00,33,139,1,3,7,0,1,1,1,True,,1,banner_loan_standard,exploitation,0,-0.01,False
4326,2024-08-04T15:58:00,43,49,3,2,17,0,0,1,1,True,,1,banner_loan_standard,exploitation,0,-0.01,False
4327,2024-08-04T08:16:00,32,45,1,2,8,0,0,0,0,False,sem_relacionamento_bancario,0,no_offer,blocked,0,0.0,False
4328,2024-08-04T19:03:00,48,79,3,2,22,0,0,1,0,False,sem_relacionamento_bancario,0,no_offer,blocked,0,0.0,False
4329,2024-08-04T12:12:00,50,110,3,2,26,0,0,1,0,False,sem_relacionamento_bancario,0,no_offer,blocked,0,0.0,False
4330,2024-08-04T20:40:00,61,29,2,2,36,0,0,1,0,False,sem_relacionamento_bancario,0,no_offer,blocked,0,0.0,False
4331,2024-08-04T18:06:00,45,128,1,1,21,0,0,0,0,False,sem_relacionamento_bancario,0,no_offer,blocked,0,0.0,False
4332,2024-08-04T12:16:00,52,91,4,2,28,0,0,0,1,True,,1,banner_loan_standard,exploitation,0,-0.01,False
4333,2024-08-04T21:08:00,50,14,4,1,25,0,0,1,0,False,renda_abaixo_minimo,0,no_offer,blocked,0,0.0,False
4334,2024-08-04T13:24:00,46,51,4,3,21,0,0,0,0,False,sem_relacionamento_bancario,0,no_offer,blocked,0,0.0,False
4335,2024-08-04T10:15:00,60,35,1,1,34,0,0,1,0,False,sem_relacionamento_bancario,0,no_offer,blocked,0,0.0,False
4336,2024-08-04T12:14:00,37,84,4,2,11,0,0,1,1,True,,1,banner_loan_standard,exploitation,0,-0.01,False
4337,2024-08-04T20:12:00,47,109,4,1,21,0,0,0,0,False,sem_relacionamento_bancario,0,no_offer,blocked,0,0.0,False
4338,2024-08-04T21:07:00,54,42,4,1,28,0,0,1,1,True,,0,no_offer,exploration,0,0.0,False
4339,2024-08-04T17:09:00,37,84,4,2,11,0,0,1,1,True,,1,banner_loan_standard,exploitation,0,-0.01,False
4340,2024-08-04T08:28:00,36,93,2,1,12,0,0,1,0,False,sem_relacionamento_bancario,0,no_offer,blocked,0,0.0,False
4341,2024-08-05T12:12:00,28,95,2,2,3,0,0,0,0,False,sem_relacionamento_bancario,0,no_offer,blocked,0,0.0,False
4342,2024-08-05T08:22:00,55,34,4,3,30,0,0,1,0,False,sem_relacionamento_bancario,0,no_offer,blocked,0,0.0,False
4343,2024-08-05T15:02:00,38,49,1,1,14,0,0,0,0,False,sem_relacionamento_bancario,0,no_offer,blocked,0,0.0,False
4344,2024-08-05T15:02:00,46,70,4,1,20,0,0,0,1,True,,1,banner_loan_standard,exploration,0,-0.01,False
4345,2024-08-05T20:29:00,53,63,2,3,29,0,0,1,0,False,sem_relacionamento_bancario,0,no_offer,blocked,0,0.0,False
4346,2024-08-05T08:59:00,28,84,4,1,3,0,0,1,1,True,,1,banner_loan_standard,exploitation,0,-0.01,False
4347,2024-08-05T13:39:00,32,28,4,3,7,0,0,0,0,False,sem_relacionamento_bancario,0,no_offer,blocked,0,0.0,False
4348,2024-08-05T16:30:00,30,49,3,2,4,0,0,0,1,True,,1,banner_loan_standard,exploitation,1,1.0,False
4349,2024-08-05T10:02:00,29,160,1,1,5,0,0,1,0,False,sem_relacionamento_bancario,0,no_offer,blocked,0,0.0,False
4350,2024-08-05T16:42:00,59,52,4,1,35,0,0,1,1,True,,1,banner_loan_standard,exploitation,0,-0.01,False
4351,2024-08-05T10:44:00,36,103,1,1,11,0,0,1,0,False,sem_relacionamento_bancario,0,no_offer,blocked,0,0.0,False
4352,2024-08-05T11:12:00,52,59,2,2,26,0,0,0,1,True,,1,banner_loan_standard,exploitation,0,-0.01,False
4353,2024-08-05T08:04:00,48,35,4,2,23,0,0,0,0,False,sem_relacionamento_bancario,0,no_offer,blocked,0,0.0,False
4354,2024-08-05T12:13:00,47,199,2,1,23,0,0,1,0,False,sem_relacionamento_bancario,0,no_offer,blocked,0,0.0,False
4355,2024-08-05T18:22:00,42,39,3,2,15,0,0,0,0,False,sem_relacionamento_bancario,0,no_offer,blocked,0,0.0,False
4356,2024-08-05T11:18:00,41,42,4,2,17,1,0,1,0,True,,1,banner_loan_standard,exploitation,1,1.0,False
4357,2024-08-05T13:03:00,59,24,2,3,34,0,0,1,0,False,renda_abaixo_minimo,0,no_offer,blocked,0,0.0,False
4358,2024-08-05T16:52:00,27,81,3,1,3,1,1,1,1,True,,1,banner_loan_standard,exploitation,1,1.0,False
4359,2024-08-05T21:53:00,35,30,3,1,10,1,1,1,1,True,,1,banner_loan_standard,exploitation,0,-0.01,False
4360,2024-08-05T17:47:00,33,79,1,1,9,0,0,1,0,False,sem_relacionamento_bancario,0,no_offer,blocked,0,0.0,False
4361,2024-08-06T18:05:00,33,168,3,2,6,1,1,1,0,True,,0,no_offer,exploration,0,0.0,False
4362,2024-08-06T20:50:00,42,90,1,2,17,0,0,0,1,True,,1,banner_loan_standard,exploitation,0,-0.01,False
4363,2024-08-06T15:31:00,63,83,3,3,39,0,0,1,1,True,,1,banner_loan_standard,exploitation,0,-0.01,False
4364,2024-08-06T13:47:00,55,25,2,1,31,0,0,0,0,False,sem_relacionamento_bancario,0,no_offer,blocked,0,0.0,False
4365,2024-08-06T14:10:00,43,89,1,2,18,0,0,0,1,True,,1,banner_loan_standard,exploitation,0,-0.01,False
4366,2024-08-06T08:54:00,62,30,3,3,38,0,0,1,0,False,sem_relacionamento_bancario,0,no_offer,blocked,0,0.0,False
4367,2024-08-06T10:42:00,50,42,3,2,25,0,0,1,0,False,sem_relacionamento_bancario,0,no_offer,blocked,0,0.0,False
4368,2024-08-06T18:07:00,30,181,3,2,6,0,1,1,1,True,,1,banner_loan_standard,exploitation,1,1.0,False
4369,2024-08-06T13:52:00,52,33,2,2,27,0,0,0,1,True,,1,banner_loan_standard,exploitation,0,-0.01,False
4370,2024-08-06T12:25:00,47,199,2,1,23,0,0,1,0,False,sem_relacionamento_bancario,0,no_offer,blocked,0,0.0,False
4371,2024-08-06T21:23:00,59,64,4,2,33,0,0,0,1,True,,1,banner_loan_standard,exploitation,0,-0.01,False
4372,2024-08-06T17:30:00,23,75,2,2,-2,0,0,1,1,True,,1,banner_loan_standard,exploitation,0,-0.01,False
4373,2024-08-06T15:50:00,37,21,3,2,11,0,0,1,0,False,renda_abaixo_minimo,0,no_offer,blocked,0,0.0,False
4374,2024-08-06T09:40:00,28,191,1,1,4,0,0,1,0,False,sem_relacionamento_bancario,0,no_offer,blocked,0,0.0,False
4375,2024-08-06T09:24:00,53,25,2,1,29,0,0,1,0,False,sem_relacionamento_bancario,0,no_offer,blocked,0,0.0,False
4376,2024-08-06T09:41:00,65,114,4,2,40,0,0,0,1,True,,0,no_offer,exploration,0,0.0,False
4377,2024-08-06T16:35:00,39,125,1,1,15,0,0,1,1,True,,1,banner_loan_standard,exploitation,0,-0.01,False
4378,2024-08-06T16:27:00,26,171,3,2,2,0,0,1,0,False,sem_relacionamento_bancario,0,no_offer,blocked,0,0.0,False
4379,2024-08-06T13:32:00,50,80,4,1,24,0,0,1,0,False,sem_relacionamento_bancario,0,no_offer,blocked,0,0.0,False
4380,2024-08-06T17:45:00,44,61,3,2,19,0,0,0,0,False,sem_relacionamento_bancario,0,no_offer,blocked,0,0.0,False
4381,2024-08-07T13:24:00,39,91,2,2,15,0,0,0,0,False,sem_relacionamento_bancario,0,no_offer,blocked,0,0.0,False
4382,2024-08-07T20:17:00,62,44,2,3,36,0,0,0,0,False,sem_relacionamento_bancario,0,no_offer,blocked,0,0.0,False
4383,2024-08-07T13:17:00,50,18,1,2,23,0,0,1,1,False,renda_abaixo_minimo,0,no_offer,blocked,0,0.0,False
4384,2024-08-07T11:15:00,57,113,4,3,31,0,0,1,0,False,sem_relacionamento_bancario,0,no_offer,blocked,0,0.0,False
4385,2024-08-07T15:12:00,56,103,3,3,32,0,0,0,0,False,sem_relacionamento_bancario,0,no_offer,blocked,0,0.0,False
4386,2024-08-07T14:42:00,41,118,2,1,16,0,0,1,0,False,sem_relacionamento_bancario,0,no_offer,blocked,0,0.0,False
4387,2024-08-07T08:49:00,52,74,1,2,28,0,0,1,1,True,,1,banner_loan_standard,exploitation,0,-0.01,False
4388,2024-08-07T13:54:00,60,31,2,3,34,0,0,0,0,False,sem_relacionamento_bancario,0,no_offer,blocked,0,0.0,False
4389,2024-08-07T10:56:00,58,15,4,2,33,0,0,0,0,False,renda_abaixo_minimo,0,no_offer,blocked,0,0.0,False
4390,2024-08-07T20:46:00,45,62,3,3,20,0,0,1,0,False,sem_relacionamento_bancario,0,no_offer,blocked,0,0.0,False
4391,2024-08-07T14:53:00,34,90,2,1,10,0,0,1,0,False,sem_relacionamento_bancario,0,no_offer,blocked,0,0.0,False
4392,2024-08-07T20:21:00,41,52,2,3,16,0,0,1,0,False,sem_relacionamento_bancario,0,no_offer,blocked,0,0.0,False
4393,2024-08-07T17:34:00,52,28,2,2,26,0,0,1,1,True,,1,banner_loan_standard,exploitation,0,-0.01,False
4394,2024-08-07T14:09:00,38,119,2,1,13,0,0,0,0,False,sem_relacionamento_bancario,0,no_offer,blocked,0,0.0,False
4395,2024-08-07T10:36:00,39,104,3,1,14,0,0,1,0,False,sem_relacionamento_bancario,0,no_offer,blocked,0,0.0,False
4396,2024-08-07T20:09:00,43,129,1,1,19,1,0,1,0,True,,1,banner_loan_standard,exploitation,0,-0.01,False
4397,2024-08-07T09:05:00,62,24,2,1,38,0,0,0,1,False,renda_abaixo_minimo,0,no_offer,blocked,0,0.0,False
4398,2024-08-07T15:35:00,63,140,1,1,38,0,0,0,0,False,sem_relacionamento_bancario,0,no_offer,blocked,0,0.0,False
4399,2024-08-07T16:43:00,53,81,4,3,27,0,0,1,0,False,sem_relacionamento_bancario,0,no_offer,blocked,0,0.0,False
4400,2024-08-07T19:46:00,34,44,4,1,8,0,0,0,0,False,sem_relacionamento_bancario,0,no_offer,blocked,0,0.0,False
4401,2024-08-08T10:45:00,41,95,3,1,15,1,0,0,0,True,,1,banner_loan_standard,exploitation,0,-0.01,False
4402,2024-08-08T13:12:00,50,19,4,3,20,0,0,0,0,False,renda_abaixo_minimo,0,no_offer,blocked,0,0.0,False
4403,2024-08-08T18:18:00,57,40,3,1,32,0,0,1,1,True,,0,no_offer,exploration,0,0.0,False
4404,2024-08-08T20:59:00,36,115,4,2,9,0,0,0,0,False,sem_relacionamento_bancario,0,no_offer,blocked,0,0.0,False
4405,2024-08-08T18:51:00,47,33,1,1,23,0,0,1,1,True,,1,banner_loan_standard,exploitation,0,-0.01,False
4406,2024-08-08T16:34:00,45,152,2,1,21,0,0,1,0,False,sem_relacionamento_bancario,0,no_offer,blocked,0,0.0,False
4407,2024-08-08T19:05:00,31,188,2,1,5,0,0,0,0,False,sem_relacionamento_bancario,0,no_offer,blocked,0,0.0,False
4408,2024-08-08T14:32:00,64,88,1,1,40,0,0,1,1,True,,1,banner_loan_standard,exploitation,0,-0.01,False
4409,2024-08-08T15:04:00,32,18,2,2,6,0,0,1,0,False,renda_abaixo_minimo,0,no_offer,blocked,0,0.0,False
4410,2024-08-08T19:04:00,64,53,4,3,34,0,0,0,1,True,,1,banner_loan_standard,exploitation,0,-0.01,False
4411,2024-08-08T09:43:00,38,91,1,1,13,0,0,1,1,True,,1,banner_loan_standard,exploration,0,-0.01,False
4412,2024-08-08T18:34:00,35,64,3,2,10,0,0,1,0,False,sem_relacionamento_bancario,0,no_offer,blocked,0,0.0,False
4413,2024-08-08T10:59:00,55,49,2,3,29,0,0,0,1,True,,1,banner_loan_standard,exploitation,0,-0.01,False
4414,2024-08-08T12:58:00,61,74,2,2,35,0,0,1,1,True,,1,banner_loan_standard,exploitation,0,-0.01,False
4415,2024-08-08T19:01:00,62,60,3,3,36,0,0,1,0,False,sem_relacionamento_bancario,0,no_offer,blocked,0,0.0,False
4416,2024-08-08T08:38:00,59,19,1,3,34,0,0,1,0,False,renda_abaixo_minimo,0,no_offer,blocked,0,0.0,False
4417,2024-08-08T20:42:00,50,21,1,1,26,0,0,1,0,False,renda_abaixo_minimo,0,no_offer,blocked,0,0.0,False
4418,2024-08-08T18:31:00,33,44,1,1,9,0,0,0,0,False,sem_relacionamento_bancario,0,no_offer,blocked,0,0.0,False
4419,2024-08-08T09:16:00,36,69,3,2,12,0,0,1,0,False,sem_relacionamento_bancario,0,no_offer,blocked,0,0.0,False
4420,2024-08-08T13:52:00,40,43,2,2,15,0,0,0,1,True,,1,banner_loan_standard,exploitation,0,-0.01,False
4421,2024-08-09T10:29:00,61,122,2,1,37,0,0,1,0,False,sem_relacionamento_bancario,0,no_offer,blocked,0,0.0,False
4422,2024-08-09T19:56:00,36,40,2,2,9,1,0,1,0,True,,1,banner_loan_standard,exploitation,0,-0.01,False
4423,2024-08-09T11:24:00,52,114,2,2,26,0,0,0,0,False,sem_relacionamento_bancario,0,no_offer,blocked,0,0.0,False
4424,2024-08-09T11:49:00,49,22,1,3,23,0,0,0,0,False,renda_abaixo_minimo,0,no_offer,blocked,0,0.0,False
4425,2024-08-09T12:46:00,32,108,1,1,7,1,0,0,0,True,,1,banner_loan_standard,exploitation,1,1.0,False
4426,2024-08-09T21:16:00,42,62,1,3,16,0,1,1,1,True,,1,banner_loan_standard,exploitation,0,-0.01,False
4427,2024-08-09T21:13:00,41,140,1,1,17,0,0,0,0,False,sem_relacionamento_bancario,0,no_offer,blocked,0,0.0,False
4428,2024-08-09T20:34:00,56,28,1,2,31,1,1,1,1,True,,1,banner_loan_standard,exploitation,0,-0.01,False
4429,2024-08-09T18:01:00,41,49,4,2,17,0,0,0,0,False,sem_relacionamento_bancario,0,no_offer,blocked,0,0.0,False
4430,2024-08-09T15:46:00,50,19,4,3,20,0,0,0,0,False,renda_abaixo_minimo,0,no_offer,blocked,0,0.0,False
4431,2024-08-09T13:15:00,59,180,2,2,35,1,1,1,1,True,,1,banner_loan_standard,exploitation,1,1.0,False
4432,2024-08-09T09:06:00,34,72,3,1,9,0,0,0,0,False,sem_relacionamento_bancario,0,no_offer,blocked,0,0.0,False
4433,2024-08-09T20:35:00,31,72,3,1,5,0,0,1,0,False,sem_relacionamento_bancario,0,no_offer,blocked,0,0.0,False
4434,2024-08-09T16:29:00,30,118,4,3,5,0,0,1,0,False,sem_relacionamento_bancario,0,no_offer,blocked,0,0.0,False
4435,2024-08-09T17:40:00,41,89,3,1,15,0,0,1,0,False,sem_relacionamento_bancario,0,no_offer,blocked,0,0.0,False
4436,2024-08-09T14:14:00,41,58,3,3,15,0,0,1,0,False,sem_relacionamento_bancario,0,no_offer,blocked,0,0.0,False
4437,2024-08-09T12:01:00,36,142,3,2,12,0,1,1,1,True,,1,banner_loan_standard,exploitation,0,-0.01,False
4438,2024-08-09T17:47:00,29,54,4,3,3,0,0,0,0,False,sem_relacionamento_bancario,0,no_offer,blocked,0,0.0,False
4439,2024-08-09T14:12:00,35,21,2,2,11,0,0,0,0,False,renda_abaixo_minimo,0,no_offer,blocked,0,0.0,False
4440,2024-08-09T15:40:00,41,114,2,2,17,0,0,1,0,False,sem_relacionamento_bancario,0,no_offer,blocked,0,0.0,False
4441,2024-08-10T18:42:00,31,29,1,1,5,0,0,0,0,False,sem_relacionamento_bancario,0,no_offer,blocked,0,0.0,False
4442,2024-08-10T14:57:00,60,64,3,3,34,0,0,0,0,False,sem_relacionamento_bancario,0,no_offer,blocked,0,0.0,False
4443,2024-08-10T17:55:00,56,90,2,3,26,0,0,0,0,False,sem_relacionamento_bancario,0,no_offer,blocked,0,0.0,False
4444,2024-08-10T19:56:00,52,101,2,2,26,0,0,1,0,False,sem_relacionamento_bancario,0,no_offer,blocked,0,0.0,False
4445,2024-08-10T13:27:00,53,144,2,1,29,0,0,1,0,False,sem_relacionamento_bancario,0,no_offer,blocked,0,0.0,False
4446,2024-08-10T19:09:00,37,61,3,1,13,0,0,0,0,False,sem_relacionamento_bancario,0,no_offer,blocked,0,0.0,False
4447,2024-08-10T16:06:00,43,60,2,1,19,1,0,0,0,True,,1,banner_loan_standard,exploitation,0,-0.01,False
4448,2024-08-10T09:07:00,26,155,2,1,0,0,0,0,0,False,sem_relacionamento_bancario,0,no_offer,blocked,0,0.0,False
4449,2024-08-10T18:06:00,39,53,1,1,15,0,0,0,0,False,sem_relacionamento_bancario,0,no_offer,blocked,0,0.0,False
4450,2024-08-10T09:14:00,39,113,1,3,14,1,0,1,0,True,,1,banner_loan_standard,exploitation,0,-0.01,False
4451,2024-08-10T21:28:00,32,183,1,1,8,0,0,0,0,False,sem_relacionamento_bancario,0,no_offer,blocked,0,0.0,False
4452,2024-08-10T11:56:00,39,52,3,3,13,1,0,0,1,True,,1,banner_loan_standard,exploitation,0,-0.01,False
4453,2024-08-10T11:05:00,28,74,3,3,3,0,0,0,0,False,sem_relacionamento_bancario,0,no_offer,blocked,0,0.0,False
4454,2024-08-10T17:16:00,43,44,1,1,17,1,1,1,0,True,,0,no_offer,exploration,0,0.0,False
4455,2024-08-10T15:27:00,28,118,3,2,3,0,0,0,0,False,sem_relacionamento_bancario,0,no_offer,blocked,0,0.0,False
4456,2024-08-10T10:30:00,60,35,1,1,34,0,0,1,0,False,sem_relacionamento_bancario,0,no_offer,blocked,0,0.0,False
4457,2024-08-10T20:53:00,61,28,2,3,35,0,0,1,0,False,sem_relacionamento_bancario,0,no_offer,blocked,0,0.0,False
4458,2024-08-10T10:15:00,37,79,1,2,13,0,0,1,0,False,sem_relacionamento_bancario,0,no_offer,blocked,0,0.0,False
4459,2024-08-10T18:17:00,29,31,4,2,2,0,0,0,0,False,sem_relacionamento_bancario,0,no_offer,blocked,0,0.0,False
4460,2024-08-10T12:47:00,28,140,2,1,2,0,0,1,0,False,sem_relacionamento_bancario,0,no_offer,blocked,0,0.0,False
4461,2024-08-11T21:47:00,48,35,2,1,23,0,0,0,0,False,sem_relacionamento_bancario,0,no_offer,blocked,0,0.0,False
4462,2024-08-11T10:51:00,28,85,1,2,3,0,0,1,1,True,,1,banner_loan_standard,exploitation,0,-0.01,False
4463,2024-08-11T20:53:00,57,43,2,3,32,0,0,1,0,False,sem_relacionamento_bancario,0,no_offer,blocked,0,0.0,False
4464,2024-08-11T10:27:00,53,181,1,1,28,0,0,1,0,False,sem_relacionamento_bancario,0,no_offer,blocked,0,0.0,False
4465,2024-08-11T14:37:00,29,172,2,1,3,0,0,1,0,False,sem_relacionamento_bancario,0,no_offer,blocked,0,0.0,False
4466,2024-08-11T11:34:00,57,40,3,3,31,0,0,1,1,True,,1,banner_loan_standard,exploitation,0,-0.01,False
4467,2024-08-11T17:32:00,45,144,4,1,20,0,0,1,0,False,sem_relacionamento_bancario,0,no_offer,blocked,0,0.0,False
4468,2024-08-11T10:18:00,56,24,2,2,30,0,0,1,0,False,renda_abaixo_minimo,0,no_offer,blocked,0,0.0,False
4469,2024-08-11T19:00:00,50,82,1,1,26,0,0,1,1,True,,1,banner_loan_standard,exploitation,0,-0.01,False
4470,2024-08-11T10:28:00,38,173,2,1,13,0,0,0,0,False,sem_relacionamento_bancario,0,no_offer,blocked,0,0.0,False
4471,2024-08-11T15:15:00,25,99,1,1,0,0,0,0,0,False,sem_relacionamento_bancario,0,no_offer,blocked,0,0.0,False
4472,2024-08-11T18:55:00,36,133,1,1,11,1,1,1,1,True,,1,banner_loan_standard,exploitation,1,1.0,False
4473,2024-08-11T13:10:00,34,195,2,1,9,0,0,1,0,False,sem_relacionamento_bancario,0,no_offer,blocked,0,0.0,False
4474,2024-08-11T10:14:00,36,31,4,2,10,0,0,0,0,False,sem_relacionamento_bancario,0,no_offer,blocked,0,0.0,False
4475,2024-08-11T08:06:00,24,119,1,1,0,0,0,1,0,False,sem_relacionamento_bancario,0,no_offer,blocked,0,0.0,False
4476,2024-08-11T08:48:00,38,29,2,3,12,0,0,1,0,False,sem_relacionamento_bancario,0,no_offer,blocked,0,0.0,False
4477,2024-08-11T16:28:00,62,90,3,1,37,0,0,1,0,False,sem_relacionamento_bancario,0,no_offer,blocked,0,0.0,False
4478,2024-08-11T17:22:00,42,83,4,3,18,0,0,1,0,False,sem_relacionamento_bancario,0,no_offer,blocked,0,0.0,False
4479,2024-08-11T20:42:00,52,83,1,1,28,0,0,1,0,False,sem_relacionamento_bancario,0,no_offer,blocked,0,0.0,False
4480,2024-08-11T20:51:00,30,13,3,3,6,0,0,1,0,False,renda_abaixo_minimo,0,no_offer,blocked,0,0.0,False
4481,2024-08-12T13:32:00,58,92,2,1,34,0,0,0,0,False,sem_relacionamento_bancario,0,no_offer,blocked,0,0.0,False
4482,2024-08-12T14:11:00,43,31,3,1,19,0,0,0,0,False,sem_relacionamento_bancario,0,no_offer,blocked,0,0.0,False
4483,2024-08-12T14:50:00,35,30,1,1,11,1,0,0,1,True,,1,banner_loan_standard,exploitation,1,1.0,False
4484,2024-08-12T09:26:00,43,85,1,3,18,1,0,1,0,True,,1,banner_loan_standard,exploitation,0,-0.01,False
4485,2024-08-12T12:46:00,45,194,2,1,20,0,0,0,0,False,sem_relacionamento_bancario,0,no_offer,blocked,0,0.0,False
4486,2024-08-12T15:32:00,59,202,1,1,35,0,0,0,0,False,sem_relacionamento_bancario,0,no_offer,blocked,0,0.0,False
4487,2024-08-12T20:59:00,32,79,2,3,6,0,0,1,1,True,,1,banner_loan_standard,exploration,0,-0.01,False
4488,2024-08-12T15:14:00,62,53,1,2,38,0,0,0,0,False,sem_relacionamento_bancario,0,no_offer,blocked,0,0.0,False
4489,2024-08-12T13:32:00,43,82,3,1,17,0,0,1,0,False,sem_relacionamento_bancario,0,no_offer,blocked,0,0.0,False
4490,2024-08-12T14:18:00,33,53,3,1,8,0,0,1,0,False,sem_relacionamento_bancario,0,no_offer,blocked,0,0.0,False
4491,2024-08-12T20:28:00,34,45,1,1,10,0,0,0,0,False,sem_relacionamento_bancario,0,no_offer,blocked,0,0.0,False
4492,2024-08-12T20:05:00,38,33,1,2,14,0,0,1,0,False,sem_relacionamento_bancario,0,no_offer,blocked,0,0.0,False
4493,2024-08-12T15:22:00,51,38,2,3,27,0,0,1,0,False,sem_relacionamento_bancario,0,no_offer,blocked,0,0.0,False
4494,2024-08-12T16:48:00,46,118,1,1,22,0,0,0,1,True,,1,banner_loan_standard,exploitation,0,-0.01,False
4495,2024-08-12T08:48:00,61,18,1,1,36,0,0,0,0,False,renda_abaixo_minimo,0,no_offer,blocked,0,0.0,False
4496,2024-08-12T19:45:00,51,55,1,2,26,0,0,0,1,True,,1,banner_loan_standard,exploitation,0,-0.01,False
4497,2024-08-12T09:35:00,65,100,4,3,39,0,0,0,1,True,,1,banner_loan_standard,exploitation,0,-0.01,False
4498,2024-08-12T10:06:00,56,79,3,1,30,0,0,0,0,False,sem_relacionamento_bancario,0,no_offer,blocked,0,0.0,False
4499,2024-08-12T17:14:00,26,23,1,2,0,0,0,0,0,False,renda_abaixo_minimo,0,no_offer,blocked,0,0.0,False
4500,2024-08-12T15:37:00,24,60,4,1,0,0,0,1,0,False,sem_relacionamento_bancario,0,no_offer,blocked,0,0.0,False
4501,2024-08-13T10:37:00,52,55,1,3,28,0,0,0,0,False,sem_relacionamento_bancario,0,no_offer,blocked,0,0.0,False
4502,2024-08-13T09:30:00,47,19,1,3,22,0,0,1,0,False,renda_abaixo_minimo,0,no_offer,blocked,0,0.0,False
4503,2024-08-13T19:06:00,60,80,3,1,35,0,0,1,0,False,sem_relacionamento_bancario,0,no_offer,blocked,0,0.0,False
4504,2024-08-13T21:42:00,61,50,3,3,35,0,0,1,0,False,sem_relacionamento_bancario,0,no_offer,blocked,0,0.0,False
4505,2024-08-13T17:06:00,37,193,1,1,12,0,0,0,0,False,sem_relacionamento_bancario,0,no_offer,blocked,0,0.0,False
4506,2024-08-13T14:03:00,42,141,3,3,18,1,1,1,0,True,,1,banner_loan_standard,exploitation,1,1.0,False
4507,2024-08-13T20:43:00,30,60,4,2,4,0,0,1,0,False,sem_relacionamento_bancario,0,no_offer,blocked,0,0.0,False
4508,2024-08-13T12:54:00,65,49,3,2,40,0,0,1,0,False,sem_relacionamento_bancario,0,no_offer,blocked,0,0.0,False
4509,2024-08-13T20:29:00,51,65,3,2,25,0,0,0,0,False,sem_relacionamento_bancario,0,no_offer,blocked,0,0.0,False
4510,2024-08-13T20:25:00,40,82,2,1,15,0,0,0,0,False,sem_relacionamento_bancario,0,no_offer,blocked,0,0.0,False
4511,2024-08-13T10:25:00,27,43,3,2,1,0,0,0,0,False,sem_relacionamento_bancario,0,no_offer,blocked,0,0.0,False
4512,2024-08-13T12:26:00,63,148,2,3,38,0,0,1,0,False,sem_relacionamento_bancario,0,no_offer,blocked,0,0.0,False
4513,2024-08-13T21:50:00,38,33,1,2,14,0,0,1,0,False,sem_relacionamento_bancario,0,no_offer,blocked,0,0.0,False
4514,2024-08-13T12:29:00,39,24,2,2,14,0,0,0,0,False,renda_abaixo_minimo,0,no_offer,blocked,0,0.0,False
4515,2024-08-13T10:58:00,37,78,4,2,13,0,0,1,0,False,sem_relacionamento_bancario,0,no_offer,blocked,0,0.0,False
4516,2024-08-13T17:42:00,51,80,1,1,25,0,0,0,0,False,sem_relacionamento_bancario,0,no_offer,blocked,0,0.0,False
4517,2024-08-13T14:48:00,38,49,3,1,14,0,0,0,0,False,sem_relacionamento_bancario,0,no_offer,blocked,0,0.0,False
4518,2024-08-13T16:08:00,43,21,2,2,18,0,0,1,1,False,renda_abaixo_minimo,0,no_offer,blocked,0,0.0,False
4519,2024-08-13T12:40:00,50,14,4,1,25,0,0,1,0,False,renda_abaixo_minimo,0,no_offer,blocked,0,0.0,False
4520,2024-08-13T12:28:00,43,63,3,3,18,1,0,0,0,True,,1,banner_loan_standard,exploitation,0,-0.01,False
4521,2024-08-14T10:26:00,28,43,3,2,4,0,0,1,0,False,sem_relacionamento_bancario,0,no_offer,blocked,0,0.0,False
4522,2024-08-14T18:07:00,50,21,4,1,26,0,0,1,0,False,renda_abaixo_minimo,0,no_offer,blocked,0,0.0,False
4523,2024-08-14T20:28:00,38,59,3,3,12,1,1,1,1,True,,1,banner_loan_standard,exploitation,0,-0.01,False
4524,2024-08-14T10:53:00,62,43,1,2,38,0,0,1,0,False,sem_relacionamento_bancario,0,no_offer,blocked,0,0.0,False
4525,2024-08-14T15:28:00,35,41,4,2,9,0,0,1,0,False,sem_relacionamento_bancario,0,no_offer,blocked,0,0.0,False
4526,2024-08-14T19:10:00,66,42,2,3,40,0,0,0,1,True,,1,banner_loan_standard,exploration,0,-0.01,False
4527,2024-08-14T09:02:00,36,40,2,2,9,1,0,1,0,True,,1,banner_loan_standard,exploitation,1,1.0,False
4528,2024-08-14T10:03:00,37,22,3,2,11,0,0,1,1,False,renda_abaixo_minimo,0,no_offer,blocked,0,0.0,False
4529,2024-08-14T14:56:00,48,85,3,1,22,0,0,1,0,False,sem_relacionamento_bancario,0,no_offer,blocked,0,0.0,False
4530,2024-08-14T09:19:00,27,20,4,3,2,0,0,1,0,False,renda_abaixo_minimo,0,no_offer,blocked,0,0.0,False
4531,2024-08-14T16:29:00,38,25,4,1,14,0,0,0,0,False,sem_relacionamento_bancario,0,no_offer,blocked,0,0.0,False
4532,2024-08-14T08:25:00,61,39,4,1,37,0,0,1,1,True,,1,banner_loan_standard,exploitation,0,-0.01,False
4533,2024-08-14T15:51:00,59,88,2,1,35,0,0,0,1,True,,0,no_offer,exploration,0,0.0,False
4534,2024-08-14T11:44:00,51,24,3,1,27,0,0,1,1,False,renda_abaixo_minimo,0,no_offer,blocked,0,0.0,False
4535,2024-08-14T18:01:00,41,94,3,2,17,1,1,1,0,True,,0,no_offer,exploration,0,0.0,False
4536,2024-08-14T16:13:00,62,42,3,1,37,0,0,1,0,False,sem_relacionamento_bancario,0,no_offer,blocked,0,0.0,False
4537,2024-08-14T10:43:00,38,81,1,3,13,1,0,1,0,True,,1,banner_loan_standard,exploitation,0,-0.01,False
4538,2024-08-14T09:05:00,45,183,2,1,21,0,0,1,1,True,,1,banner_loan_standard,exploitation,0,-0.01,False
4539,2024-08-14T12:41:00,63,72,3,3,39,1,0,1,0,True,,1,banner_loan_standard,exploitation,0,-0.01,False
4540,2024-08-14T11:09:00,54,51,3,2,27,1,1,1,1,True,,1,banner_loan_standard,exploitation,0,-0.01,False
4541,2024-08-15T20:40:00,33,39,2,3,7,0,0,0,0,False,sem_relacionamento_bancario,0,no_offer,blocked,0,0.0,False
4542,2024-08-15T12:19:00,48,108,2,3,23,0,0,0,1,True,,1,banner_loan_standard,exploitation,0,-0.01,False
4543,2024-08-15T20:07:00,56,54,4,1,31,0,0,1,0,False,sem_relacionamento_bancario,0,no_offer,blocked,0,0.0,False
4544,2024-08-15T14:05:00,31,64,1,1,7,0,0,1,0,False,sem_relacionamento_bancario,0,no_offer,blocked,0,0.0,False
4545,2024-08-15T18:43:00,40,120,2,1,16,0,0,1,0,False,sem_relacionamento_bancario,0,no_offer,blocked,0,0.0,False
4546,2024-08-15T09:50:00,42,85,1,3,17,0,0,1,0,False,sem_relacionamento_bancario,0,no_offer,blocked,0,0.0,False
4547,2024-08-15T17:56:00,35,21,2,3,9,0,0,1,0,False,renda_abaixo_minimo,0,no_offer,blocked,0,0.0,False
4548,2024-08-15T12:45:00,29,80,1,2,4,0,0,1,1,True,,0,no_offer,exploration,0,0.0,False
4549,2024-08-15T10:17:00,52,72,1,1,28,0,0,0,0,False,sem_relacionamento_bancario,0,no_offer,blocked,0,0.0,False
4550,2024-08-15T15:46:00,61,60,3,3,37,0,0,1,0,False,sem_relacionamento_bancario,0,no_offer,blocked,0,0.0,False
4551,2024-08-15T13:09:00,51,163,2,3,25,0,0,1,0,False,sem_relacionamento_bancario,0,no_offer,blocked,0,0.0,False
4552,2024-08-15T18:11:00,33,68,4,1,8,0,0,1,0,False,sem_relacionamento_bancario,0,no_offer,blocked,0,0.0,False
4553,2024-08-15T17:49:00,39,28,2,2,14,0,0,0,1,True,,0,no_offer,exploration,0,0.0,False
4554,2024-08-15T08:36:00,27,78,4,3,1,1,0,1,0,True,,1,banner_loan_standard,exploitation,1,1.0,False
4555,2024-08-15T10:00:00,35,113,3,3,9,0,0,1,0,False,sem_relacionamento_bancario,0,no_offer,blocked,0,0.0,False
4556,2024-08-15T16:18:00,30,32,1,2,3,0,0,1,1,True,,1,banner_loan_standard,exploitation,0,-0.01,False
4557,2024-08-15T16:56:00,53,39,3,1,29,0,0,1,0,False,sem_relacionamento_bancario,0,no_offer,blocked,0,0.0,False
4558,2024-08-15T19:12:00,48,20,1,1,24,0,0,1,1,False,renda_abaixo_minimo,0,no_offer,blocked,0,0.0,False
4559,2024-08-15T15:03:00,30,25,2,1,4,1,0,1,0,True,,1,banner_loan_standard,exploitation,0,-0.01,False
4560,2024-08-15T12:24:00,54,95,1,2,28,0,0,1,0,False,sem_relacionamento_bancario,0,no_offer,blocked,0,0.0,False
4561,2024-08-16T11:51:00,61,40,3,2,36,1,0,0,0,True,,1,banner_loan_standard,exploitation,0,-0.01,False
4562,2024-08-16T11:46:00,50,94,1,1,24,0,0,1,0,False,sem_relacionamento_bancario,0,no_offer,blocked,0,0.0,False
4563,2024-08-16T15:40:00,46,72,2,3,20,0,0,1,1,True,,0,no_offer,exploration,0,0.0,False
4564,2024-08-16T09:58:00,54,49,1,3,28,0,0,0,0,False,sem_relacionamento_bancario,0,no_offer,blocked,0,0.0,False
4565,2024-08-16T11:57:00,59,84,1,3,35,0,0,1,1,True,,1,banner_loan_standard,exploitation,0,-0.01,False
4566,2024-08-16T14:33:00,33,78,3,2,8,0,0,1,0,False,sem_relacionamento_bancario,0,no_offer,blocked,0,0.0,False
4567,2024-08-16T18:33:00,48,42,1,2,22,0,0,0,0,False,sem_relacionamento_bancario,0,no_offer,blocked,0,0.0,False
4568,2024-08-16T08:25:00,59,88,2,1,35,0,0,0,0,False,sem_relacionamento_bancario,0,no_offer,blocked,0,0.0,False
4569,2024-08-16T14:40:00,42,71,3,1,18,1,0,1,0,True,,0,no_offer,exploration,0,0.0,False
4570,2024-08-16T17:14:00,61,59,4,2,35,0,0,1,1,True,,1,banner_loan_standard,exploitation,0,-0.01,False
4571,2024-08-16T18:16:00,58,113,2,1,32,0,0,0,1,True,,1,banner_loan_standard,exploitation,0,-0.01,False
4572,2024-08-16T19:08:00,42,21,3,2,15,0,0,1,0,False,renda_abaixo_minimo,0,no_offer,blocked,0,0.0,False
4573,2024-08-16T09:35:00,63,8,4,2,38,0,0,1,0,False,renda_abaixo_minimo,0,no_offer,blocked,0,0.0,False
4574,2024-08-16T10:32:00,60,28,1,3,30,1,0,1,0,True,,1,banner_loan_standard,exploitation,0,-0.01,False
4575,2024-08-16T14:30:00,44,49,4,3,19,0,0,1,0,False,sem_relacionamento_bancario,0,no_offer,blocked,0,0.0,False
4576,2024-08-16T13:09:00,49,33,3,2,24,0,0,1,0,False,sem_relacionamento_bancario,0,no_offer,blocked,0,0.0,False
4577,2024-08-16T11:53:00,49,115,3,3,23,0,0,0,0,False,sem_relacionamento_bancario,0,no_offer,blocked,0,0.0,False
4578,2024-08-16T13:12:00,29,73,3,3,3,0,0,0,0,False,sem_relacionamento_bancario,0,no_offer,blocked,0,0.0,False
4579,2024-08-16T11:28:00,58,70,1,3,28,0,0,0,0,False,sem_relacionamento_bancario,0,no_offer,blocked,0,0.0,False
4580,2024-08-16T13:25:00,40,75,4,2,15,0,0,1,0,False,sem_relacionamento_bancario,0,no_offer,blocked,0,0.0,False
4581,2024-08-17T18:23:00,59,114,3,2,34,0,0,1,0,False,sem_relacionamento_bancario,0,no_offer,blocked,0,0.0,False
4582,2024-08-17T20:02:00,38,65,3,3,13,0,0,1,0,False,sem_relacionamento_bancario,0,no_offer,blocked,0,0.0,False
4583,2024-08-17T11:09:00,33,38,1,1,9,0,0,0,0,False,sem_relacionamento_bancario,0,no_offer,blocked,0,0.0,False
4584,2024-08-17T20:59:00,25,14,2,3,0,0,0,0,1,False,renda_abaixo_minimo,0,no_offer,blocked,0,0.0,False
4585,2024-08-17T18:25:00,55,71,3,2,29,0,0,0,1,True,,1,banner_loan_standard,exploitation,0,-0.01,False
4586,2024-08-17T17:11:00,26,51,4,1,2,0,0,1,0,False,sem_relacionamento_bancario,0,no_offer,blocked,0,0.0,False
4587,2024-08-17T21:24:00,54,69,3,3,24,0,0,1,0,False,sem_relacionamento_bancario,0,no_offer,blocked,0,0.0,False
4588,2024-08-17T15:42:00,41,93,1,3,15,0,0,1,0,False,sem_relacionamento_bancario,0,no_offer,blocked,0,0.0,False
4589,2024-08-17T10:56:00,57,40,2,1,31,1,1,1,1,True,,1,banner_loan_standard,exploitation,0,-0.01,False
4590,2024-08-17T17:35:00,53,144,2,1,29,0,0,1,0,False,sem_relacionamento_bancario,0,no_offer,blocked,0,0.0,False
4591,2024-08-17T09:25:00,40,154,2,1,16,0,0,1,0,False,sem_relacionamento_bancario,0,no_offer,blocked,0,0.0,False
4592,2024-08-17T12:49:00,58,31,4,1,34,0,0,0,0,False,sem_relacionamento_bancario,0,no_offer,blocked,0,0.0,False
4593,2024-08-17T21:57:00,34,13,4,1,10,1,0,1,0,False,renda_abaixo_minimo,0,no_offer,blocked,0,0.0,False
4594,2024-08-17T13:42:00,44,111,2,2,20,0,0,1,0,False,sem_relacionamento_bancario,0,no_offer,blocked,0,0.0,False
4595,2024-08-17T17:16:00,29,72,3,2,5,0,0,0,0,False,sem_relacionamento_bancario,0,no_offer,blocked,0,0.0,False
4596,2024-08-17T09:38:00,38,114,1,3,13,0,0,1,1,True,,1,banner_loan_standard,exploitation,0,-0.01,False
4597,2024-08-17T16:59:00,31,44,4,1,6,0,0,1,0,False,sem_relacionamento_bancario,0,no_offer,blocked,0,0.0,False
4598,2024-08-17T10:15:00,43,35,1,3,18,0,0,0,0,False,sem_relacionamento_bancario,0,no_offer,blocked,0,0.0,False
4599,2024-08-17T14:52:00,45,29,1,3,21,0,0,1,1,True,,1,banner_loan_standard,exploitation,0,-0.01,False
4600,2024-08-17T12:10:00,61,60,3,2,36,0,0,0,0,False,sem_relacionamento_bancario,0,no_offer,blocked,0,0.0,False
4601,2024-08-18T14:40:00,46,18,1,1,20,0,0,1,1,False,renda_abaixo_minimo,0,no_offer,blocked,0,0.0,False
4602,2024-08-18T21:44:00,35,93,2,1,11,0,0,1,1,True,,0,no_offer,exploration,0,0.0,False
4603,2024-08-18T18:25:00,41,185,1,2,15,0,0,0,0,False,sem_relacionamento_bancario,0,no_offer,blocked,0,0.0,False
4604,2024-08-18T16:35:00,43,22,2,2,18,0,0,0,0,False,renda_abaixo_minimo,0,no_offer,blocked,0,0.0,False
4605,2024-08-18T09:37:00,55,153,2,2,30,1,1,1,0,True,,1,banner_loan_standard,exploitation,0,-0.01,False
4606,2024-08-18T12:04:00,31,82,4,2,5,0,0,0,0,False,sem_relacionamento_bancario,0,no_offer,blocked,0,0.0,False
4607,2024-08-18T11:21:00,41,93,4,1,17,0,0,0,0,False,sem_relacionamento_bancario,0,no_offer,blocked,0,0.0,False
4608,2024-08-18T20:21:00,27,83,4,3,1,0,0,1,1,True,,1,banner_loan_standard,exploration,0,-0.01,False
4609,2024-08-18T20:41:00,55,92,1,3,25,0,0,0,1,True,,1,banner_loan_standard,exploitation,0,-0.01,False
4610,2024-08-18T21:48:00,59,42,3,1,34,1,1,0,1,True,,1,banner_loan_standard,exploitation,1,1.0,False
4611,2024-08-18T18:55:00,57,120,2,1,31,0,0,0,1,True,,1,banner_loan_standard,exploitation,1,1.0,False
4612,2024-08-18T18:46:00,49,19,4,3,23,0,0,1,1,False,renda_abaixo_minimo,0,no_offer,blocked,0,0.0,False
4613,2024-08-18T16:58:00,33,22,1,2,7,0,0,0,0,False,renda_abaixo_minimo,0,no_offer,blocked,0,0.0,False
4614,2024-08-18T15:58:00,58,61,3,3,32,0,0,1,1,True,,1,banner_loan_standard,exploitation,0,-0.01,False
4615,2024-08-18T11:34:00,63,141,2,1,37,0,0,1,1,True,,1,banner_loan_standard,exploitation,0,-0.01,False
4616,2024-08-18T18:45:00,41,91,1,3,15,1,0,1,0,True,,1,banner_loan_standard,exploitation,0,-0.01,False
4617,2024-08-18T09:24:00,62,42,3,3,38,0,0,0,1,True,,1,banner_loan_standard,exploitation,0,-0.01,False
4618,2024-08-18T08:40:00,34,178,1,3,9,0,0,0,0,False,sem_relacionamento_bancario,0,no_offer,blocked,0,0.0,False
4619,2024-08-18T08:46:00,48,90,1,2,24,0,0,1,0,False,sem_relacionamento_bancario,0,no_offer,blocked,0,0.0,False
4620,2024-08-18T21:38:00,38,39,1,2,14,0,0,1,0,False,sem_relacionamento_bancario,0,no_offer,blocked,0,0.0,False
4621,2024-08-19T13:54:00,39,39,3,3,14,0,0,1,0,False,sem_relacionamento_bancario,0,no_offer,blocked,0,0.0,False
4622,2024-08-19T10:34:00,65,81,3,2,40,0,0,1,0,False,sem_relacionamento_bancario,0,no_offer,blocked,0,0.0,False
4623,2024-08-19T20:58:00,58,108,3,1,32,0,0,1,0,False,sem_relacionamento_bancario,0,no_offer,blocked,0,0.0,False
4624,2024-08-19T08:03:00,37,60,4,3,12,0,0,1,0,False,sem_relacionamento_bancario,0,no_offer,blocked,0,0.0,False
4625,2024-08-19T10:54:00,34,34,2,3,8,1,0,1,0,True,,1,banner_loan_standard,exploitation,0,-0.01,False
4626,2024-08-19T08:07:00,42,141,3,3,18,1,1,1,0,True,,1,banner_loan_standard,exploitation,0,-0.01,False
4627,2024-08-19T08:50:00,36,25,4,1,12,0,0,0,0,False,sem_relacionamento_bancario,0,no_offer,blocked,0,0.0,False
4628,2024-08-19T18:20:00,51,189,4,2,24,0,0,1,0,False,sem_relacionamento_bancario,0,no_offer,blocked,0,0.0,False
4629,2024-08-19T15:24:00,27,74,3,3,1,0,0,1,0,False,sem_relacionamento_bancario,0,no_offer,blocked,0,0.0,False
4630,2024-08-19T14:56:00,61,60,1,3,35,0,0,1,0,False,sem_relacionamento_bancario,0,no_offer,blocked,0,0.0,False
4631,2024-08-19T18:18:00,42,62,3,3,18,0,0,1,0,False,sem_relacionamento_bancario,0,no_offer,blocked,0,0.0,False
4632,2024-08-19T20:52:00,62,80,4,2,38,0,0,0,0,False,sem_relacionamento_bancario,0,no_offer,blocked,0,0.0,False
4633,2024-08-19T17:55:00,51,23,1,1,27,0,0,1,0,False,renda_abaixo_minimo,0,no_offer,blocked,0,0.0,False
4634,2024-08-19T08:57:00,48,224,2,1,24,0,1,1,1,True,,1,banner_loan_standard,exploitation,0,-0.01,False
4635,2024-08-19T19:09:00,33,140,1,1,8,0,0,1,0,False,sem_relacionamento_bancario,0,no_offer,blocked,0,0.0,False
4636,2024-08-19T12:17:00,52,65,1,1,28,0,0,1,1,True,,1,banner_loan_standard,exploration,0,-0.01,False
4637,2024-08-19T21:25:00,35,41,4,2,9,0,0,1,0,False,sem_relacionamento_bancario,0,no_offer,blocked,0,0.0,False
4638,2024-08-19T15:12:00,31,43,1,3,7,0,0,0,1,True,,1,banner_loan_standard,exploitation,0,-0.01,False
4639,2024-08-19T20:31:00,34,165,1,3,8,0,0,0,0,False,sem_relacionamento_bancario,0,no_offer,blocked,0,0.0,False
4640,2024-08-19T15:15:00,39,91,2,2,15,0,0,0,0,False,sem_relacionamento_bancario,0,no_offer,blocked,0,0.0,False
4641,2024-08-20T18:31:00,63,61,1,3,37,0,0,0,0,False,sem_relacionamento_bancario,0,no_offer,blocked,0,0.0,False
4642,2024-08-20T13:58:00,36,91,1,3,10,0,0,1,0,False,sem_relacionamento_bancario,0,no_offer,blocked,0,0.0,False
4643,2024-08-20T10:32:00,40,58,4,3,14,0,0,1,0,False,sem_relacionamento_bancario,0,no_offer,blocked,0,0.0,False
4644,2024-08-20T09:36:00,57,15,2,3,32,0,0,0,1,False,renda_abaixo_minimo,0,no_offer,blocked,0,0.0,False
4645,2024-08-20T20:09:00,33,41,3,1,9,0,0,1,0,False,sem_relacionamento_bancario,0,no_offer,blocked,0,0.0,False
4646,2024-08-20T08:24:00,45,84,4,3,21,0,0,1,1,True,,1,banner_loan_standard,exploitation,0,-0.01,False
4647,2024-08-20T09:38:00,40,50,2,1,16,0,0,0,0,False,sem_relacionamento_bancario,0,no_offer,blocked,0,0.0,False
4648,2024-08-20T17:19:00,59,14,1,1,34,0,0,1,1,False,renda_abaixo_minimo,0,no_offer,blocked,0,0.0,False
4649,2024-08-20T14:55:00,55,65,3,1,29,0,0,0,0,False,sem_relacionamento_bancario,0,no_offer,blocked,0,0.0,False
4650,2024-08-20T19:16:00,30,121,2,1,5,0,0,0,1,True,,1,banner_loan_standard,exploitation,0,-0.01,False
4651,2024-08-20T11:25:00,36,79,2,1,12,0,0,1,0,False,sem_relacionamento_bancario,0,no_offer,blocked,0,0.0,False
4652,2024-08-20T10:57:00,40,24,3,2,13,0,0,1,0,False,renda_abaixo_minimo,0,no_offer,blocked,0,0.0,False
4653,2024-08-20T19:20:00,64,114,1,3,39,0,0,1,0,False,sem_relacionamento_bancario,0,no_offer,blocked,0,0.0,False
4654,2024-08-20T13:33:00,32,42,4,1,7,0,0,1,1,True,,1,banner_loan_standard,exploitation,0,-0.01,False
4655,2024-08-20T08:25:00,48,74,3,1,24,1,0,1,0,True,,0,no_offer,exploration,0,0.0,False
4656,2024-08-20T18:14:00,49,135,2,1,25,0,0,1,1,True,,1,banner_loan_standard,exploitation,0,-0.01,False
4657,2024-08-20T15:20:00,34,104,1,1,9,0,0,1,1,True,,1,banner_loan_standard,exploitation,0,-0.01,False
4658,2024-08-20T14:56:00,47,38,4,3,22,0,0,1,0,False,sem_relacionamento_bancario,0,no_offer,blocked,0,0.0,False
4659,2024-08-20T20:28:00,50,15,1,3,25,0,0,0,0,False,renda_abaixo_minimo,0,no_offer,blocked,0,0.0,False
4660,2024-08-20T21:31:00,61,28,2,3,35,0,0,1,0,False,sem_relacionamento_bancario,0,no_offer,blocked,0,0.0,False
4661,2024-08-21T12:03:00,50,83,4,1,25,0,0,0,1,True,,1,banner_loan_standard,exploitation,0,-0.01,False
4662,2024-08-21T08:49:00,60,44,1,1,34,0,0,0,1,True,,0,no_offer,exploration,0,0.0,False
4663,2024-08-21T09:55:00,42,83,4,3,18,0,0,1,0,False,sem_relacionamento_bancario,0,no_offer,blocked,0,0.0,False
4664,2024-08-21T21:53:00,55,42,4,1,29,1,0,0,0,True,,0,no_offer,exploration,0,0.0,False
4665,2024-08-21T12:02:00,43,35,1,1,19,0,0,0,0,False,sem_relacionamento_bancario,0,no_offer,blocked,0,0.0,False
4666,2024-08-21T10:51:00,45,42,2,1,21,1,0,1,0,True,,1,banner_loan_standard,exploitation,0,-0.01,False
4667,2024-08-21T14:59:00,33,39,2,3,7,0,0,0,0,False,sem_relacionamento_bancario,0,no_offer,blocked,0,0.0,False
4668,2024-08-21T19:59:00,51,173,1,2,25,0,0,1,0,False,sem_relacionamento_bancario,0,no_offer,blocked,0,0.0,False
4669,2024-08-21T21:17:00,41,49,4,2,17,0,0,0,0,False,sem_relacionamento_bancario,0,no_offer,blocked,0,0.0,False
4670,2024-08-21T17:51:00,52,18,1,1,28,0,0,1,0,False,renda_abaixo_minimo,0,no_offer,blocked,0,0.0,False
4671,2024-08-21T15:16:00,51,55,1,2,27,1,0,1,0,True,,1,banner_loan_standard,exploitation,0,-0.01,False
4672,2024-08-21T12:55:00,58,74,2,3,32,0,0,0,1,True,,1,banner_loan_standard,exploitation,0,-0.01,False
4673,2024-08-21T21:30:00,52,114,2,2,26,0,0,0,0,False,sem_relacionamento_bancario,0,no_offer,blocked,0,0.0,False
4674,2024-08-21T18:57:00,39,80,2,1,13,0,0,1,0,False,sem_relacionamento_bancario,0,no_offer,blocked,0,0.0,False
4675,2024-08-21T10:09:00,29,44,3,2,5,0,0,1,1,True,,1,banner_loan_standard,exploitation,1,1.0,False
4676,2024-08-21T16:06:00,57,45,3,1,33,1,1,1,1,True,,1,banner_loan_standard,exploitation,0,-0.01,False
4677,2024-08-21T14:28:00,59,38,4,1,34,0,0,0,1,True,,1,banner_loan_standard,exploration,1,1.0,False
4678,2024-08-21T17:18:00,56,81,2,1,31,0,0,1,1,True,,1,banner_loan_standard,exploitation,0,-0.01,False
4679,2024-08-21T15:30:00,64,52,2,1,40,0,0,0,0,False,sem_relacionamento_bancario,0,no_offer,blocked,0,0.0,False
4680,2024-08-21T08:33:00,63,140,2,1,37,0,0,0,1,True,,0,no_offer,exploration,0,0.0,False
4681,2024-08-22T20:23:00,27,130,3,2,1,0,0,0,0,False,sem_relacionamento_bancario,0,no_offer,blocked,0,0.0,False
4682,2024-08-22T16:06:00,35,78,1,2,10,0,0,0,0,False,sem_relacionamento_bancario,0,no_offer,blocked,0,0.0,False
4683,2024-08-22T09:50:00,56,64,3,2,30,0,0,0,1,True,,1,banner_loan_standard,exploitation,0,-0.01,False
4684,2024-08-22T18:11:00,59,21,2,2,34,0,0,1,0,False,renda_abaixo_minimo,0,no_offer,blocked,0,0.0,False
4685,2024-08-22T20:57:00,39,139,1,1,15,0,0,1,0,False,sem_relacionamento_bancario,0,no_offer,blocked,0,0.0,False
4686,2024-08-22T17:12:00,32,41,3,1,6,0,0,0,0,False,sem_relacionamento_bancario,0,no_offer,blocked,0,0.0,False
4687,2024-08-22T19:20:00,48,152,1,1,22,0,0,0,0,False,sem_relacionamento_bancario,0,no_offer,blocked,0,0.0,False
4688,2024-08-22T19:23:00,66,38,1,3,41,0,0,0,1,True,,1,banner_loan_standard,exploitation,0,-0.01,False
4689,2024-08-22T12:36:00,48,29,1,1,24,0,0,0,0,False,sem_relacionamento_bancario,0,no_offer,blocked,0,0.0,False
4690,2024-08-22T20:59:00,42,81,4,1,18,0,0,0,0,False,sem_relacionamento_bancario,0,no_offer,blocked,0,0.0,False
4691,2024-08-22T15:53:00,46,25,4,1,22,0,0,1,1,True,,1,banner_loan_standard,exploitation,0,-0.01,False
4692,2024-08-22T09:49:00,48,42,3,2,22,0,0,1,0,False,sem_relacionamento_bancario,0,no_offer,blocked,0,0.0,False
4693,2024-08-22T16:44:00,42,114,1,1,18,0,0,0,0,False,sem_relacionamento_bancario,0,no_offer,blocked,0,0.0,False
4694,2024-08-22T14:41:00,53,192,1,1,27,0,0,1,0,False,sem_relacionamento_bancario,0,no_offer,blocked,0,0.0,False
4695,2024-08-22T16:21:00,47,82,1,1,22,0,0,1,0,False,sem_relacionamento_bancario,0,no_offer,blocked,0,0.0,False
4696,2024-08-22T12:11:00,44,199,2,1,20,0,0,1,0,False,sem_relacionamento_bancario,0,no_offer,blocked,0,0.0,False
4697,2024-08-22T08:43:00,59,19,2,2,34,0,0,1,0,False,renda_abaixo_minimo,0,no_offer,blocked,0,0.0,False
4698,2024-08-22T10:02:00,39,161,1,1,14,1,0,0,0,True,,1,banner_loan_standard,exploitation,0,-0.01,False
4699,2024-08-22T14:41:00,35,73,3,1,10,0,0,1,0,False,sem_relacionamento_bancario,0,no_offer,blocked,0,0.0,False
4700,2024-08-22T17:17:00,57,34,2,2,32,1,0,0,0,True,,1,banner_loan_standard,exploitation,0,-0.01,False
4701,2024-08-23T10:57:00,34,82,1,2,8,0,0,1,0,False,sem_relacionamento_bancario,0,no_offer,blocked,0,0.0,False
4702,2024-08-23T19:22:00,62,10,3,1,37,0,0,1,0,False,renda_abaixo_minimo,0,no_offer,blocked,0,0.0,False
4703,2024-08-23T10:54:00,48,162,3,1,22,0,0,0,0,False,sem_relacionamento_bancario,0,no_offer,blocked,0,0.0,False
4704,2024-08-23T18:51:00,38,92,2,1,14,0,0,1,1,True,,1,banner_loan_standard,exploration,0,-0.01,False
4705,2024-08-23T16:45:00,27,74,4,2,1,0,0,1,1,True,,1,banner_loan_standard,exploration,0,-0.01,False
4706,2024-08-23T12:29:00,47,20,1,1,21,0,0,1,1,False,renda_abaixo_minimo,0,no_offer,blocked,0,0.0,False
4707,2024-08-23T15:43:00,35,58,3,1,11,0,0,1,1,True,,1,banner_loan_standard,exploitation,0,-0.01,False
4708,2024-08-23T12:35:00,31,11,1,3,7,0,0,1,1,False,renda_abaixo_minimo,0,no_offer,blocked,0,0.0,False
4709,2024-08-23T15:38:00,24,78,2,2,-1,0,0,0,0,False,sem_relacionamento_bancario,0,no_offer,blocked,0,0.0,False
4710,2024-08-23T21:05:00,44,21,1,1,18,0,0,1,0,False,renda_abaixo_minimo,0,no_offer,blocked,0,0.0,False
4711,2024-08-23T12:13:00,64,41,4,2,40,0,0,1,0,False,sem_relacionamento_bancario,0,no_offer,blocked,0,0.0,False
4712,2024-08-23T11:07:00,61,78,3,1,36,0,0,1,1,True,,1,banner_loan_standard,exploration,0,-0.01,False
4713,2024-08-23T15:10:00,27,43,3,2,1,0,0,0,0,False,sem_relacionamento_bancario,0,no_offer,blocked,0,0.0,False
4714,2024-08-23T08:49:00,44,30,4,2,19,0,0,1,0,False,sem_relacionamento_bancario,0,no_offer,blocked,0,0.0,False
4715,2024-08-23T12:56:00,58,58,3,3,28,0,0,1,0,False,sem_relacionamento_bancario,0,no_offer,blocked,0,0.0,False
4716,2024-08-23T17:42:00,60,35,3,1,35,0,0,1,0,False,sem_relacionamento_bancario,0,no_offer,blocked,0,0.0,False
4717,2024-08-23T19:44:00,63,61,2,1,38,0,0,1,0,False,sem_relacionamento_bancario,0,no_offer,blocked,0,0.0,False
4718,2024-08-23T17:52:00,38,119,1,2,13,0,1,1,1,True,,0,no_offer,exploration,0,0.0,False
4719,2024-08-23T13:43:00,58,191,4,3,32,0,0,0,1,True,,1,banner_loan_standard,exploitation,1,1.0,False
4720,2024-08-23T15:06:00,61,54,3,3,36,0,0,1,0,False,sem_relacionamento_bancario,0,no_offer,blocked,0,0.0,False
4721,2024-08-24T09:43:00,30,68,4,2,3,0,0,1,0,False,sem_relacionamento_bancario,0,no_offer,blocked,0,0.0,False
4722,2024-08-24T12:13:00,53,139,1,3,27,0,0,0,0,False,sem_relacionamento_bancario,0,no_offer,blocked,0,0.0,False
4723,2024-08-24T17:16:00,53,45,2,3,27,0,0,1,1,True,,1,banner_loan_standard,exploitation,0,-0.01,False
4724,2024-08-24T19:05:00,31,40,4,3,5,0,0,0,0,False,sem_relacionamento_bancario,0,no_offer,blocked,0,0.0,False
4725,2024-08-24T20:05:00,35,93,2,1,11,0,0,1,1,True,,1,banner_loan_standard,exploitation,0,-0.01,False
4726,2024-08-24T18:24:00,38,48,4,3,12,0,0,1,0,False,sem_relacionamento_bancario,0,no_offer,blocked,0,0.0,False
4727,2024-08-24T11:15:00,34,131,2,1,10,0,0,1,1,True,,1,banner_loan_standard,exploitation,0,-0.01,False
4728,2024-08-24T13:36:00,55,118,4,2,30,0,0,1,0,False,sem_relacionamento_bancario,0,no_offer,blocked,0,0.0,False
4729,2024-08-24T12:03:00,50,42,1,2,26,0,0,1,0,False,sem_relacionamento_bancario,0,no_offer,blocked,0,0.0,False
4730,2024-08-24T19:16:00,60,65,2,1,35,0,0,0,1,True,,1,banner_loan_standard,exploitation,0,-0.01,False
4731,2024-08-24T21:06:00,39,61,2,2,13,0,0,1,0,False,sem_relacionamento_bancario,0,no_offer,blocked,0,0.0,False
4732,2024-08-24T13:50:00,65,35,1,3,39,0,0,0,0,False,sem_relacionamento_bancario,0,no_offer,blocked,0,0.0,False
4733,2024-08-24T08:28:00,39,45,1,1,15,0,0,1,0,False,sem_relacionamento_bancario,0,no_offer,blocked,0,0.0,False
4734,2024-08-24T11:30:00,34,32,4,3,9,0,0,1,0,False,sem_relacionamento_bancario,0,no_offer,blocked,0,0.0,False
4735,2024-08-24T21:56:00,42,95,3,3,17,0,0,0,0,False,sem_relacionamento_bancario,0,no_offer,blocked,0,0.0,False
4736,2024-08-24T21:33:00,64,75,4,2,39,0,1,1,1,True,,1,banner_loan_standard,exploitation,0,-0.01,False
4737,2024-08-24T17:10:00,26,129,3,2,0,0,0,0,0,False,sem_relacionamento_bancario,0,no_offer,blocked,0,0.0,False
4738,2024-08-24T18:23:00,33,188,2,2,7,0,0,0,0,False,sem_relacionamento_bancario,0,no_offer,blocked,0,0.0,False
4739,2024-08-24T09:12:00,30,109,4,2,5,0,0,0,1,True,,1,banner_loan_standard,exploitation,0,-0.01,False
4740,2024-08-24T20:23:00,27,43,1,1,1,0,0,1,0,False,sem_relacionamento_bancario,0,no_offer,blocked,0,0.0,False
4741,2024-08-25T10:22:00,28,45,4,2,3,0,0,0,0,False,sem_relacionamento_bancario,0,no_offer,blocked,0,0.0,False
4742,2024-08-25T19:48:00,54,120,4,2,27,0,0,1,0,False,sem_relacionamento_bancario,0,no_offer,blocked,0,0.0,False
4743,2024-08-25T19:27:00,51,53,1,3,27,0,0,0,1,True,,1,banner_loan_standard,exploitation,0,-0.01,False
4744,2024-08-25T20:24:00,56,23,4,1,32,0,0,1,1,False,renda_abaixo_minimo,0,no_offer,blocked,0,0.0,False
4745,2024-08-25T19:50:00,61,10,1,1,36,0,0,0,0,False,renda_abaixo_minimo,0,no_offer,blocked,0,0.0,False
4746,2024-08-25T15:18:00,62,54,1,1,38,1,0,0,1,True,,1,banner_loan_standard,exploitation,0,-0.01,False
4747,2024-08-25T10:35:00,58,34,3,1,33,0,0,1,0,False,sem_relacionamento_bancario,0,no_offer,blocked,0,0.0,False
4748,2024-08-25T10:08:00,64,13,4,2,39,0,0,1,0,False,renda_abaixo_minimo,0,no_offer,blocked,0,0.0,False
4749,2024-08-25T18:35:00,56,74,1,3,26,0,0,0,0,False,sem_relacionamento_bancario,0,no_offer,blocked,0,0.0,False
4750,2024-08-25T13:39:00,38,91,2,1,14,0,0,1,0,False,sem_relacionamento_bancario,0,no_offer,blocked,0,0.0,False
4751,2024-08-25T18:28:00,52,43,4,2,27,0,0,1,0,False,sem_relacionamento_bancario,0,no_offer,blocked,0,0.0,False
4752,2024-08-25T15:47:00,46,15,4,3,20,1,0,1,0,False,renda_abaixo_minimo,0,no_offer,blocked,0,0.0,False
4753,2024-08-25T17:54:00,63,39,2,3,37,0,0,1,1,True,,1,banner_loan_standard,exploitation,0,-0.01,False
4754,2024-08-25T14:28:00,32,82,1,2,7,0,1,1,1,True,,1,banner_loan_standard,exploitation,0,-0.01,False
4755,2024-08-25T11:05:00,35,34,1,2,11,0,0,0,0,False,sem_relacionamento_bancario,0,no_offer,blocked,0,0.0,False
4756,2024-08-25T09:22:00,49,194,4,2,23,0,0,0,1,True,,0,no_offer,exploration,0,0.0,False
4757,2024-08-25T08:03:00,43,130,2,3,19,0,0,0,1,True,,0,no_offer,exploration,0,0.0,False
4758,2024-08-25T10:43:00,27,142,3,1,1,0,0,0,0,False,sem_relacionamento_bancario,0,no_offer,blocked,0,0.0,False
4759,2024-08-25T10:22:00,42,171,2,1,18,0,0,1,0,False,sem_relacionamento_bancario,0,no_offer,blocked,0,0.0,False
4760,2024-08-25T18:59:00,33,38,1,1,9,0,0,0,0,False,sem_relacionamento_bancario,0,no_offer,blocked,0,0.0,False
4761,2024-08-26T17:51:00,51,21,2,2,24,0,0,1,0,False,renda_abaixo_minimo,0,no_offer,blocked,0,0.0,False
4762,2024-08-26T19:07:00,30,141,2,1,6,0,0,0,0,False,sem_relacionamento_bancario,0,no_offer,blocked,0,0.0,False
4763,2024-08-26T18:15:00,33,20,3,1,8,0,0,0,1,False,renda_abaixo_minimo,0,no_offer,blocked,0,0.0,False
4764,2024-08-26T16:02:00,54,44,3,1,30,0,0,1,0,False,sem_relacionamento_bancario,0,no_offer,blocked,0,0.0,False
4765,2024-08-26T12:19:00,63,191,2,3,37,0,0,0,0,False,sem_relacionamento_bancario,0,no_offer,blocked,0,0.0,False
4766,2024-08-26T21:59:00,47,53,1,2,21,0,0,1,0,False,sem_relacionamento_bancario,0,no_offer,blocked,0,0.0,False
4767,2024-08-26T17:46:00,52,23,3,1,28,0,0,1,0,False,renda_abaixo_minimo,0,no_offer,blocked,0,0.0,False
4768,2024-08-26T15:50:00,36,133,1,1,11,1,1,1,1,True,,1,banner_loan_standard,exploitation,0,-0.01,False
4769,2024-08-26T08:12:00,46,115,2,3,21,1,1,1,1,True,,1,banner_loan_standard,exploitation,1,1.0,False
4770,2024-08-26T13:10:00,57,43,1,3,33,0,0,0,0,False,sem_relacionamento_bancario,0,no_offer,blocked,0,0.0,False
4771,2024-08-26T15:31:00,48,75,4,3,23,0,0,1,1,True,,0,no_offer,exploration,0,0.0,False
4772,2024-08-26T10:35:00,37,105,1,2,13,0,0,0,1,True,,1,banner_loan_standard,exploitation,0,-0.01,False
4773,2024-08-26T11:46:00,58,28,2,2,33,1,0,1,0,True,,0,no_offer,exploration,0,0.0,False
4774,2024-08-26T21:26:00,39,20,1,3,14,0,0,1,0,False,renda_abaixo_minimo,0,no_offer,blocked,0,0.0,False
4775,2024-08-26T12:44:00,54,75,2,3,24,0,0,0,0,False,sem_relacionamento_bancario,0,no_offer,blocked,0,0.0,False
4776,2024-08-26T16:27:00,33,48,4,2,7,0,0,1,0,False,sem_relacionamento_bancario,0,no_offer,blocked,0,0.0,False
4777,2024-08-26T21:32:00,45,163,3,2,18,0,1,0,1,True,,1,banner_loan_standard,exploitation,1,1.0,False
4778,2024-08-26T21:13:00,58,63,4,1,34,0,0,1,0,False,sem_relacionamento_bancario,0,no_offer,blocked,0,0.0,False
4779,2024-08-26T09:06:00,56,44,4,1,30,0,0,0,1,True,,1,banner_loan_standard,exploitation,1,1.0,False
4780,2024-08-26T15:48:00,34,44,1,1,10,0,0,1,0,False,sem_relacionamento_bancario,0,no_offer,blocked,0,0.0,False
4781,2024-08-27T10:54:00,63,10,2,1,37,0,0,1,0,False,renda_abaixo_minimo,0,no_offer,blocked,0,0.0,False
4782,2024-08-27T20:08:00,59,11,2,1,35,0,0,0,1,False,renda_abaixo_minimo,0,no_offer,blocked,0,0.0,False
4783,2024-08-27T15:55:00,51,44,3,3,25,0,0,0,0,False,sem_relacionamento_bancario,0,no_offer,blocked,0,0.0,False
4784,2024-08-27T16:57:00,61,131,1,1,36,0,0,1,0,False,sem_relacionamento_bancario,0,no_offer,blocked,0,0.0,False
4785,2024-08-27T10:23:00,45,8,2,3,19,0,0,0,1,False,renda_abaixo_minimo,0,no_offer,blocked,0,0.0,False
4786,2024-08-27T14:44:00,45,70,4,3,20,0,0,1,1,True,,1,banner_loan_standard,exploitation,0,-0.01,False
4787,2024-08-27T15:48:00,44,199,2,1,20,0,0,1,0,False,sem_relacionamento_bancario,0,no_offer,blocked,0,0.0,False
4788,2024-08-27T12:29:00,35,93,4,3,5,0,0,0,1,True,,1,banner_loan_standard,exploitation,0,-0.01,False
4789,2024-08-27T18:46:00,39,118,2,1,15,0,0,0,1,True,,0,no_offer,exploration,0,0.0,False
4790,2024-08-27T10:05:00,35,139,2,1,10,0,0,0,0,False,sem_relacionamento_bancario,0,no_offer,blocked,0,0.0,False
4791,2024-08-27T14:32:00,40,63,1,3,16,0,0,0,0,False,sem_relacionamento_bancario,0,no_offer,blocked,0,0.0,False
4792,2024-08-27T19:17:00,52,168,3,3,28,0,0,1,0,False,sem_relacionamento_bancario,0,no_offer,blocked,0,0.0,False
4793,2024-08-27T19:19:00,42,108,3,1,17,0,0,1,0,False,sem_relacionamento_bancario,0,no_offer,blocked,0,0.0,False
4794,2024-08-27T21:25:00,56,74,3,3,31,0,0,1,1,True,,1,banner_loan_standard,exploration,0,-0.01,False
4795,2024-08-27T13:32:00,47,33,1,3,22,0,0,1,0,False,sem_relacionamento_bancario,0,no_offer,blocked,0,0.0,False
4796,2024-08-27T17:52:00,33,61,3,2,9,0,0,1,0,False,sem_relacionamento_bancario,0,no_offer,blocked,0,0.0,False
4797,2024-08-27T14:46:00,56,24,2,2,30,0,0,1,0,False,renda_abaixo_minimo,0,no_offer,blocked,0,0.0,False
4798,2024-08-27T20:21:00,55,124,2,1,31,0,0,1,0,False,sem_relacionamento_bancario,0,no_offer,blocked,0,0.0,False
4799,2024-08-27T20:12:00,39,78,4,1,15,0,0,1,0,False,sem_relacionamento_bancario,0,no_offer,blocked,0,0.0,False
4800,2024-08-27T20:26:00,39,31,2,2,14,0,0,1,1,True,,1,banner_loan_standard,exploration,0,-0.01,False
4801,2024-08-28T19:36:00,42,98,2,1,17,0,0,1,0,False,sem_relacionamento_bancario,0,no_offer,blocked,0,0.0,False
4802,2024-08-28T16:13:00,42,113,3,1,17,1,0,1,0,True,,0,no_offer,exploration,0,0.0,False
4803,2024-08-28T17:11:00,42,171,2,1,18,0,0,1,0,False,sem_relacionamento_bancario,0,no_offer,blocked,0,0.0,False
4804,2024-08-28T15:16:00,46,49,3,2,19,0,0,1,1,True,,0,no_offer,exploration,0,0.0,False
4805,2024-08-28T15:52:00,63,131,3,3,39,0,0,1,0,False,sem_relacionamento_bancario,0,no_offer,blocked,0,0.0,False
4806,2024-08-28T11:33:00,56,64,3,2,30,0,0,0,1,True,,1,banner_loan_standard,exploitation,0,-0.01,False
4807,2024-08-28T11:23:00,40,63,3,3,14,0,0,1,0,False,sem_relacionamento_bancario,0,no_offer,blocked,0,0.0,False
4808,2024-08-28T12:32:00,56,51,3,3,26,0,0,1,0,False,sem_relacionamento_bancario,0,no_offer,blocked,0,0.0,False
4809,2024-08-28T14:00:00,28,120,1,1,3,0,0,0,0,False,sem_relacionamento_bancario,0,no_offer,blocked,0,0.0,False
4810,2024-08-28T13:15:00,54,34,4,3,29,0,0,1,1,True,,1,banner_loan_standard,exploitation,0,-0.01,False
4811,2024-08-28T18:05:00,47,81,1,1,22,0,0,0,1,True,,1,banner_loan_standard,exploitation,0,-0.01,False
4812,2024-08-28T20:16:00,63,45,2,3,37,0,0,1,0,False,sem_relacionamento_bancario,0,no_offer,blocked,0,0.0,False
4813,2024-08-28T20:16:00,27,30,4,3,0,0,0,1,1,True,,1,banner_loan_standard,exploitation,0,-0.01,False
4814,2024-08-28T12:50:00,27,28,4,2,0,0,0,1,0,False,sem_relacionamento_bancario,0,no_offer,blocked,0,0.0,False
4815,2024-08-28T09:10:00,32,84,4,2,6,0,0,0,0,False,sem_relacionamento_bancario,0,no_offer,blocked,0,0.0,False
4816,2024-08-28T15:06:00,28,41,3,2,2,0,0,1,0,False,sem_relacionamento_bancario,0,no_offer,blocked,0,0.0,False
4817,2024-08-28T17:38:00,50,31,1,3,24,0,0,0,0,False,sem_relacionamento_bancario,0,no_offer,blocked,0,0.0,False
4818,2024-08-28T12:43:00,62,95,3,1,37,0,0,0,0,False,sem_relacionamento_bancario,0,no_offer,blocked,0,0.0,False
4819,2024-08-28T20:56:00,37,24,4,1,11,0,0,0,0,False,renda_abaixo_minimo,0,no_offer,blocked,0,0.0,False
4820,2024-08-28T12:17:00,67,75,4,2,42,0,0,1,0,False,sem_relacionamento_bancario,0,no_offer,blocked,0,0.0,False
4821,2024-08-29T20:50:00,37,123,1,2,11,1,1,1,0,True,,1,banner_loan_standard,exploitation,1,1.0,False
4822,2024-08-29T12:05:00,48,128,1,1,23,0,0,1,1,True,,1,banner_loan_standard,exploitation,0,-0.01,False
4823,2024-08-29T14:25:00,42,108,3,1,17,0,0,1,0,False,sem_relacionamento_bancario,0,no_offer,blocked,0,0.0,False
4824,2024-08-29T17:47:00,43,91,1,1,17,0,0,1,0,False,sem_relacionamento_bancario,0,no_offer,blocked,0,0.0,False
4825,2024-08-29T15:08:00,43,44,1,1,18,0,0,0,0,False,sem_relacionamento_bancario,0,no_offer,blocked,0,0.0,False
4826,2024-08-29T18:03:00,55,103,3,2,31,0,0,0,0,False,sem_relacionamento_bancario,0,no_offer,blocked,0,0.0,False
4827,2024-08-29T16:38:00,57,51,1,1,31,0,0,1,1,True,,1,banner_loan_standard,exploitation,0,-0.01,False
4828,2024-08-29T12:34:00,59,11,2,1,35,0,0,0,1,False,renda_abaixo_minimo,0,no_offer,blocked,0,0.0,False
4829,2024-08-29T08:42:00,26,30,1,3,2,0,0,0,0,False,sem_relacionamento_bancario,0,no_offer,blocked,0,0.0,False
4830,2024-08-29T16:36:00,32,81,1,1,6,0,0,1,0,False,sem_relacionamento_bancario,0,no_offer,blocked,0,0.0,False
4831,2024-08-29T16:41:00,50,58,1,2,25,0,0,1,0,False,sem_relacionamento_bancario,0,no_offer,blocked,0,0.0,False
4832,2024-08-29T19:13:00,50,112,1,1,24,0,0,0,0,False,sem_relacionamento_bancario,0,no_offer,blocked,0,0.0,False
4833,2024-08-29T11:52:00,43,21,2,2,18,0,0,1,1,False,renda_abaixo_minimo,0,no_offer,blocked,0,0.0,False
4834,2024-08-29T11:33:00,63,178,4,3,33,0,0,0,0,False,sem_relacionamento_bancario,0,no_offer,blocked,0,0.0,False
4835,2024-08-29T19:32:00,46,74,4,3,20,0,0,1,0,False,sem_relacionamento_bancario,0,no_offer,blocked,0,0.0,False
4836,2024-08-29T15:19:00,57,39,4,1,32,0,0,0,0,False,sem_relacionamento_bancario,0,no_offer,blocked,0,0.0,False
4837,2024-08-29T12:37:00,42,89,4,1,18,0,0,0,0,False,sem_relacionamento_bancario,0,no_offer,blocked,0,0.0,False
4838,2024-08-29T21:23:00,30,18,4,2,4,0,0,1,1,False,renda_abaixo_minimo,0,no_offer,blocked,0,0.0,False
4839,2024-08-29T18:39:00,35,75,2,2,11,0,0,1,0,False,sem_relacionamento_bancario,0,no_offer,blocked,0,0.0,False
4840,2024-08-29T14:35:00,57,62,3,3,27,0,0,1,0,False,sem_relacionamento_bancario,0,no_offer,blocked,0,0.0,False
4841,2024-08-30T13:15:00,48,48,1,1,23,0,0,0,0,False,sem_relacionamento_bancario,0,no_offer,blocked,0,0.0,False
4842,2024-08-30T11:14:00,50,135,2,3,26,0,0,1,0,False,sem_relacionamento_bancario,0,no_offer,blocked,0,0.0,False
4843,2024-08-30T19:47:00,41,99,2,2,17,0,0,1,1,True,,1,banner_loan_standard,exploitation,0,-0.01,False
4844,2024-08-30T20:44:00,35,83,2,3,9,0,0,1,0,False,sem_relacionamento_bancario,0,no_offer,blocked,0,0.0,False
4845,2024-08-30T21:41:00,65,141,2,1,39,1,0,1,0,True,,1,banner_loan_standard,exploitation,1,1.0,False
4846,2024-08-30T19:15:00,44,84,3,1,18,0,0,0,0,False,sem_relacionamento_bancario,0,no_offer,blocked,0,0.0,False
4847,2024-08-30T17:03:00,34,49,1,3,9,0,0,0,0,False,sem_relacionamento_bancario,0,no_offer,blocked,0,0.0,False
4848,2024-08-30T12:51:00,65,34,1,3,40,0,0,1,1,True,,1,banner_loan_standard,exploitation,0,-0.01,False
4849,2024-08-30T16:52:00,26,82,2,1,2,0,0,0,0,False,sem_relacionamento_bancario,0,no_offer,blocked,0,0.0,False
4850,2024-08-30T16:55:00,27,201,1,1,3,0,0,1,0,False,sem_relacionamento_bancario,0,no_offer,blocked,0,0.0,False
4851,2024-08-30T12:41:00,32,51,4,1,6,1,0,0,1,True,,1,banner_loan_standard,exploitation,0,-0.01,False
4852,2024-08-30T11:04:00,41,78,4,1,16,0,0,1,0,False,sem_relacionamento_bancario,0,no_offer,blocked,0,0.0,False
4853,2024-08-30T19:15:00,65,195,3,1,41,1,1,0,1,True,,1,banner_loan_standard,exploitation,1,1.0,False
4854,2024-08-30T16:53:00,41,98,3,1,16,0,0,0,0,False,sem_relacionamento_bancario,0,no_offer,blocked,0,0.0,False
4855,2024-08-30T09:45:00,37,73,4,3,7,0,0,1,1,True,,0,no_offer,exploration,0,0.0,False
4856,2024-08-30T10:49:00,27,20,4,3,2,0,0,1,0,False,renda_abaixo_minimo,0,no_offer,blocked,0,0.0,False
4857,2024-08-30T12:05:00,26,8,2,3,1,0,0,0,1,False,renda_abaixo_minimo,0,no_offer,blocked,0,0.0,False
4858,2024-08-30T18:52:00,56,84,1,3,31,0,0,1,0,False,sem_relacionamento_bancario,0,no_offer,blocked,0,0.0,False
4859,2024-08-30T09:43:00,27,138,2,1,1,0,0,1,0,False,sem_relacionamento_bancario,0,no_offer,blocked,0,0.0,False
4860,2024-08-30T12:08:00,36,72,1,1,11,0,0,0,0,False,sem_relacionamento_bancario,0,no_offer,blocked,0,0.0,False
4861,2024-08-31T10:08:00,56,59,3,1,30,1,0,1,0,True,,1,banner_loan_standard,exploration,0,-0.01,False
4862,2024-08-31T11:30:00,66,15,3,3,41,0,0,1,0,False,renda_abaixo_minimo,0,no_offer,blocked,0,0.0,False
4863,2024-08-31T08:16:00,60,44,2,1,34,0,0,1,0,False,sem_relacionamento_bancario,0,no_offer,blocked,0,0.0,False
4864,2024-08-31T16:40:00,58,90,1,3,28,0,0,0,1,True,,1,banner_loan_standard,exploitation,0,-0.01,False
4865,2024-08-31T10:27:00,61,38,3,3,36,0,0,1,1,True,,1,banner_loan_standard,exploitation,0,-0.01,False
4866,2024-08-31T10:37:00,62,83,4,2,37,0,0,0,0,False,sem_relacionamento_bancario,0,no_offer,blocked,0,0.0,False
4867,2024-08-31T11:23:00,32,100,3,2,7,0,0,1,0,False,sem_relacionamento_bancario,0,no_offer,blocked,0,0.0,False
4868,2024-08-31T20:58:00,58,92,2,1,34,0,0,0,0,False,sem_relacionamento_bancario,0,no_offer,blocked,0,0.0,False
4869,2024-08-31T12:00:00,25,54,4,1,1,0,0,1,1,True,,0,no_offer,exploration,0,0.0,False
4870,2024-08-31T16:16:00,35,75,2,2,11,0,0,1,0,False,sem_relacionamento_bancario,0,no_offer,blocked,0,0.0,False
4871,2024-08-31T17:52:00,52,180,1,1,26,0,0,1,1,True,,1,banner_loan_standard,exploitation,0,-0.01,False
4872,2024-08-31T17:22:00,37,139,2,2,11,0,0,1,0,False,sem_relacionamento_bancario,0,no_offer,blocked,0,0.0,False
4873,2024-08-31T21:09:00,63,138,1,1,38,0,0,1,0,False,sem_relacionamento_bancario,0,no_offer,blocked,0,0.0,False
4874,2024-08-31T13:14:00,59,33,4,1,35,0,0,0,1,True,,1,banner_loan_standard,exploitation,0,-0.01,False
4875,2024-08-31T18:40:00,36,31,4,2,10,0,0,0,0,False,sem_relacionamento_bancario,0,no_offer,blocked,0,0.0,False
4876,2024-08-31T16:46:00,62,93,3,3,37,0,1,1,1,True,,1,banner_loan_standard,exploitation,0,-0.01,False
4877,2024-08-31T09:57:00,45,85,4,2,20,1,0,1,0,True,,1,banner_loan_standard,exploitation,0,-0.01,False
4878,2024-08-31T10:13:00,36,22,4,1,12,1,0,1,0,False,renda_abaixo_minimo,0,no_offer,blocked,0,0.0,False
4879,2024-08-31T15:37:00,45,60,1,3,19,0,0,1,0,False,sem_relacionamento_bancario,0,no_offer,blocked,0,0.0,False
4880,2024-08-31T21:52:00,50,48,4,3,26,0,0,0,1,True,,1,banner_loan_standard,exploitation,1,1.0,False
4881,2024-09-01T20:00:00,45,128,4,3,19,0,0,1,0,False,sem_relacionamento_bancario,0,no_offer,blocked,0,0.0,False
4882,2024-09-01T10:50:00,54,65,1,1,28,0,0,0,1,True,,1,banner_loan_standard,exploitation,0,-0.01,False
4883,2024-09-01T09:51:00,36,83,1,1,11,0,0,0,0,False,sem_relacionamento_bancario,0,no_offer,blocked,0,0.0,False
4884,2024-09-01T16:59:00,35,32,1,1,11,0,0,1,1,True,,1,banner_loan_standard,exploitation,0,-0.01,False
4885,2024-09-01T17:38:00,54,161,1,1,28,0,0,1,0,False,sem_relacionamento_bancario,0,no_offer,blocked,0,0.0,False
4886,2024-09-01T17:21:00,55,35,1,2,30,0,0,0,1,True,,1,banner_loan_standard,exploitation,0,-0.01,False
4887,2024-09-01T20:32:00,50,22,4,2,26,0,0,1,0,False,renda_abaixo_minimo,0,no_offer,blocked,0,0.0,False
4888,2024-09-01T10:42:00,60,44,1,1,34,0,0,0,1,True,,1,banner_loan_standard,exploitation,0,-0.01,False
4889,2024-09-01T10:18:00,31,149,1,1,7,0,0,0,0,False,sem_relacionamento_bancario,0,no_offer,blocked,0,0.0,False
4890,2024-09-01T17:58:00,46,54,4,1,20,0,0,1,1,True,,1,banner_loan_standard,exploitation,0,-0.01,False
4891,2024-09-01T11:12:00,61,154,3,3,31,0,1,1,1,True,,1,banner_loan_standard,exploitation,0,-0.01,False
4892,2024-09-01T15:36:00,57,68,4,1,32,0,0,1,1,True,,1,banner_loan_standard,exploitation,0,-0.01,False
4893,2024-09-01T17:11:00,38,102,2,1,14,0,1,1,1,True,,1,banner_loan_standard,exploitation,0,-0.01,False
4894,2024-09-01T12:10:00,43,9,2,3,18,0,0,1,1,False,renda_abaixo_minimo,0,no_offer,blocked,0,0.0,False
4895,2024-09-01T19:13:00,39,118,2,1,15,0,0,0,1,True,,1,banner_loan_standard,exploitation,0,-0.01,False
4896,2024-09-01T09:33:00,33,41,3,1,9,0,0,1,0,False,sem_relacionamento_bancario,0,no_offer,blocked,0,0.0,False
4897,2024-09-01T16:03:00,36,30,2,3,10,0,0,1,0,False,sem_relacionamento_bancario,0,no_offer,blocked,0,0.0,False
4898,2024-09-01T11:54:00,34,81,4,1,10,0,0,1,0,False,sem_relacionamento_bancario,0,no_offer,blocked,0,0.0,False
4899,2024-09-01T09:34:00,32,35,3,1,7,0,0,0,1,True,,1,banner_loan_standard,exploitation,0,-0.01,False
4900,2024-09-01T12:51:00,59,52,4,1,35,0,0,1,1,True,,1,banner_loan_standard,exploitation,1,1.0,False
4901,2024-09-02T10:07:00,43,19,2,2,18,0,0,1,0,False,renda_abaixo_minimo,0,no_offer,blocked,0,0.0,False
4902,2024-09-02T21:09:00,31,23,1,2,5,0,0,1,1,False,renda_abaixo_minimo,0,no_offer,blocked,0,0.0,False
4903,2024-09-02T10:37:00,31,82,4,2,5,0,0,0,0,False,sem_relacionamento_bancario,0,no_offer,blocked,0,0.0,False
4904,2024-09-02T20:14:00,32,41,3,1,6,0,0,0,0,False,sem_relacionamento_bancario,0,no_offer,blocked,0,0.0,False
4905,2024-09-02T14:22:00,41,85,4,3,17,0,0,0,0,False,sem_relacionamento_bancario,0,no_offer,blocked,0,0.0,False
4906,2024-09-02T09:45:00,40,8,2,2,15,0,0,0,0,False,renda_abaixo_minimo,0,no_offer,blocked,0,0.0,False
4907,2024-09-02T10:27:00,40,115,1,1,16,0,0,1,0,False,sem_relacionamento_bancario,0,no_offer,blocked,0,0.0,False
4908,2024-09-02T14:01:00,38,91,4,2,12,0,0,0,1,True,,1,banner_loan_standard,exploitation,0,-0.01,False
4909,2024-09-02T10:06:00,43,45,2,1,17,0,0,0,0,False,sem_relacionamento_bancario,0,no_offer,blocked,0,0.0,False
4910,2024-09-02T14:15:00,49,18,1,3,24,0,0,1,0,False,renda_abaixo_minimo,0,no_offer,blocked,0,0.0,False
4911,2024-09-02T17:18:00,47,15,4,3,21,0,0,1,0,False,renda_abaixo_minimo,0,no_offer,blocked,0,0.0,False
4912,2024-09-02T19:16:00,33,71,4,3,3,0,0,0,0,False,sem_relacionamento_bancario,0,no_offer,blocked,0,0.0,False
4913,2024-09-02T19:18:00,56,80,4,3,31,0,0,1,0,False,sem_relacionamento_bancario,0,no_offer,blocked,0,0.0,False
4914,2024-09-02T12:22:00,52,178,1,1,26,0,0,0,0,False,sem_relacionamento_bancario,0,no_offer,blocked,0,0.0,False
4915,2024-09-02T18:10:00,40,43,2,2,15,0,0,0,1,True,,0,no_offer,exploration,0,0.0,False
4916,2024-09-02T08:53:00,35,40,3,1,9,0,0,1,0,False,sem_relacionamento_bancario,0,no_offer,blocked,0,0.0,False
4917,2024-09-02T09:27:00,31,32,2,2,5,0,0,1,0,False,sem_relacionamento_bancario,0,no_offer,blocked,0,0.0,False
4918,2024-09-02T10:03:00,35,68,4,3,5,0,0,0,0,False,sem_relacionamento_bancario,0,no_offer,blocked,0,0.0,False
4919,2024-09-02T14:33:00,42,164,1,3,18,1,1,1,1,True,,1,banner_loan_standard,exploitation,1,1.0,False
4920,2024-09-02T08:43:00,63,25,2,3,37,0,0,1,0,False,sem_relacionamento_bancario,0,no_offer,blocked,0,0.0,False
4921,2024-09-03T17:39:00,63,24,2,3,39,0,0,0,0,False,renda_abaixo_minimo,0,no_offer,blocked,0,0.0,False
4922,2024-09-03T08:11:00,36,44,2,2,11,0,0,1,0,False,sem_relacionamento_bancario,0,no_offer,blocked,0,0.0,False
4923,2024-09-03T09:58:00,64,145,1,1,39,0,0,0,0,False,sem_relacionamento_bancario,0,no_offer,blocked,0,0.0,False
4924,2024-09-03T17:02:00,57,82,2,1,31,0,0,0,1,True,,1,banner_loan_standard,exploitation,1,1.0,False
4925,2024-09-03T14:43:00,29,55,3,2,3,0,0,1,0,False,sem_relacionamento_bancario,0,no_offer,blocked,0,0.0,False
4926,2024-09-03T15:19:00,59,111,3,1,33,0,0,1,0,False,sem_relacionamento_bancario,0,no_offer,blocked,0,0.0,False
4927,2024-09-03T16:09:00,59,68,2,3,33,1,0,0,0,True,,1,banner_loan_standard,exploitation,0,-0.01,False
4928,2024-09-03T13:37:00,28,142,1,1,3,0,0,1,0,False,sem_relacionamento_bancario,0,no_offer,blocked,0,0.0,False
4929,2024-09-03T16:32:00,44,65,2,1,20,0,0,1,0,False,sem_relacionamento_bancario,0,no_offer,blocked,0,0.0,False
4930,2024-09-03T13:43:00,31,43,1,1,5,0,0,0,0,False,sem_relacionamento_bancario,0,no_offer,blocked,0,0.0,False
4931,2024-09-03T13:29:00,27,104,2,1,3,1,0,1,0,True,,1,banner_loan_standard,exploitation,0,-0.01,False
4932,2024-09-03T19:59:00,53,89,1,3,27,1,0,1,0,True,,1,banner_loan_standard,exploitation,0,-0.01,False
4933,2024-09-03T09:57:00,37,22,3,2,11,0,0,0,0,False,renda_abaixo_minimo,0,no_offer,blocked,0,0.0,False
4934,2024-09-03T10:07:00,30,42,1,3,6,0,0,0,1,True,,1,banner_loan_standard,exploitation,0,-0.01,False
4935,2024-09-03T12:47:00,61,31,3,2,37,0,0,0,1,True,,1,banner_loan_standard,exploration,0,-0.01,False
4936,2024-09-03T16:35:00,52,101,2,2,26,0,0,1,0,False,sem_relacionamento_bancario,0,no_offer,blocked,0,0.0,False
4937,2024-09-03T19:32:00,57,68,4,1,32,0,0,1,1,True,,1,banner_loan_standard,exploitation,0,-0.01,False
4938,2024-09-03T21:11:00,39,25,3,2,13,0,0,1,0,False,sem_relacionamento_bancario,0,no_offer,blocked,0,0.0,False
4939,2024-09-03T19:11:00,45,29,4,3,20,0,0,0,0,False,sem_relacionamento_bancario,0,no_offer,blocked,0,0.0,False
4940,2024-09-03T10:56:00,38,12,2,2,13,1,0,1,0,False,renda_abaixo_minimo,0,no_offer,blocked,0,0.0,False
4941,2024-09-04T08:51:00,55,35,3,1,29,0,0,0,0,False,sem_relacionamento_bancario,0,no_offer,blocked,0,0.0,False
4942,2024-09-04T15:23:00,34,34,1,1,10,0,0,0,0,False,sem_relacionamento_bancario,0,no_offer,blocked,0,0.0,False
4943,2024-09-04T17:59:00,29,39,4,3,3,0,0,1,0,False,sem_relacionamento_bancario,0,no_offer,blocked,0,0.0,False
4944,2024-09-04T18:12:00,31,170,2,1,6,0,0,1,0,False,sem_relacionamento_bancario,0,no_offer,blocked,0,0.0,False
4945,2024-09-04T18:07:00,37,95,2,2,13,0,0,0,0,False,sem_relacionamento_bancario,0,no_offer,blocked,0,0.0,False
4946,2024-09-04T11:07:00,42,155,1,1,17,0,0,0,1,True,,1,banner_loan_standard,exploitation,0,-0.01,False
4947,2024-09-04T16:06:00,41,83,4,1,17,0,0,1,0,False,sem_relacionamento_bancario,0,no_offer,blocked,0,0.0,False
4948,2024-09-04T18:07:00,32,42,4,1,7,0,0,1,1,True,,1,banner_loan_standard,exploitation,0,-0.01,False
4949,2024-09-04T10:22:00,43,103,3,1,18,0,0,1,1,True,,1,banner_loan_standard,exploitation,0,-0.01,False
4950,2024-09-04T21:14:00,25,150,1,1,1,0,0,0,0,False,sem_relacionamento_bancario,0,no_offer,blocked,0,0.0,False
4951,2024-09-04T19:56:00,56,51,3,1,31,0,0,1,1,True,,0,no_offer,exploration,0,0.0,False
4952,2024-09-04T11:35:00,28,41,3,2,2,0,0,1,0,False,sem_relacionamento_bancario,0,no_offer,blocked,0,0.0,False
4953,2024-09-04T16:46:00,55,162,1,1,29,0,0,1,1,True,,0,no_offer,exploration,0,0.0,False
4954,2024-09-04T10:01:00,63,40,4,2,39,0,0,1,0,False,sem_relacionamento_bancario,0,no_offer,blocked,0,0.0,False
4955,2024-09-04T19:36:00,50,110,3,2,26,0,0,1,0,False,sem_relacionamento_bancario,0,no_offer,blocked,0,0.0,False
4956,2024-09-04T21:27:00,48,71,1,3,22,0,0,0,1,True,,0,no_offer,exploration,0,0.0,False
4957,2024-09-04T18:53:00,41,185,1,2,15,0,0,0,0,False,sem_relacionamento_bancario,0,no_offer,blocked,0,0.0,False
4958,2024-09-04T15:24:00,39,125,1,1,15,0,0,1,1,True,,1,banner_loan_standard,exploitation,0,-0.01,False
4959,2024-09-04T13:47:00,58,28,1,3,33,0,0,1,0,False,sem_relacionamento_bancario,0,no_offer,blocked,0,0.0,False
4960,2024-09-04T14:46:00,58,68,2,1,34,0,0,0,0,False,sem_relacionamento_bancario,0,no_offer,blocked,0,0.0,False
4961,2024-09-05T21:20:00,56,65,3,1,31,0,0,0,0,False,sem_relacionamento_bancario,0,no_offer,blocked,0,0.0,False
4962,2024-09-05T11:25:00,28,55,4,1,3,0,0,1,1,True,,1,banner_loan_standard,exploitation,0,-0.01,False
4963,2024-09-05T12:12:00,27,68,3,3,2,1,0,0,0,True,,1,banner_loan_standard,exploitation,1,1.0,False
4964,2024-09-05T12:30:00,39,123,2,1,15,0,0,0,1,True,,1,banner_loan_standard,exploitation,0,-0.01,False
4965,2024-09-05T19:54:00,28,83,3,1,4,0,0,1,1,True,,1,banner_loan_standard,exploitation,0,-0.01,False
4966,2024-09-05T12:08:00,57,40,3,3,31,0,1,1,1,True,,1,banner_loan_standard,exploitation,0,-0.01,False
4967,2024-09-05T21:39:00,61,85,3,2,36,0,0,0,0,False,sem_relacionamento_bancario,0,no_offer,blocked,0,0.0,False
4968,2024-09-05T21:51:00,29,31,4,2,2,0,0,0,1,True,,1,banner_loan_standard,exploitation,0,-0.01,False
4969,2024-09-05T11:25:00,47,8,4,1,23,0,0,1,0,False,renda_abaixo_minimo,0,no_offer,blocked,0,0.0,False
4970,2024-09-05T12:44:00,31,79,4,2,5,0,0,0,0,False,sem_relacionamento_bancario,0,no_offer,blocked,0,0.0,False
4971,2024-09-05T20:18:00,36,32,3,1,11,0,0,0,0,False,sem_relacionamento_bancario,0,no_offer,blocked,0,0.0,False
4972,2024-09-05T15:22:00,53,85,1,3,28,0,0,1,0,False,sem_relacionamento_bancario,0,no_offer,blocked,0,0.0,False
4973,2024-09-05T12:41:00,54,39,4,2,28,0,0,1,0,False,sem_relacionamento_bancario,0,no_offer,blocked,0,0.0,False
4974,2024-09-05T10:30:00,49,18,1,3,24,0,0,1,0,False,renda_abaixo_minimo,0,no_offer,blocked,0,0.0,False
4975,2024-09-05T12:34:00,30,118,4,3,5,0,0,1,0,False,sem_relacionamento_bancario,0,no_offer,blocked,0,0.0,False
4976,2024-09-05T08:31:00,50,48,1,2,26,0,0,0,1,True,,1,banner_loan_standard,exploitation,0,-0.01,False
4977,2024-09-05T13:57:00,50,21,1,1,26,0,0,1,0,False,renda_abaixo_minimo,0,no_offer,blocked,0,0.0,False
4978,2024-09-05T11:19:00,29,50,4,2,4,0,0,1,0,False,sem_relacionamento_bancario,0,no_offer,blocked,0,0.0,False
4979,2024-09-05T15:01:00,30,30,3,1,4,0,0,1,0,False,sem_relacionamento_bancario,0,no_offer,blocked,0,0.0,False
4980,2024-09-05T11:46:00,30,123,2,1,5,0,0,1,0,False,sem_relacionamento_bancario,0,no_offer,blocked,0,0.0,False
4981,2024-09-06T20:18:00,30,39,1,1,4,0,0,0,1,True,,1,banner_loan_standard,exploitation,0,-0.01,False
4982,2024-09-06T14:49:00,59,174,1,1,35,0,0,1,1,True,,1,banner_loan_standard,exploitation,0,-0.01,False
4983,2024-09-06T13:45:00,44,55,1,1,18,0,0,0,0,False,sem_relacionamento_bancario,0,no_offer,blocked,0,0.0,False
4984,2024-09-06T15:23:00,33,38,1,3,9,0,0,0,0,False,sem_relacionamento_bancario,0,no_offer,blocked,0,0.0,False
4985,2024-09-06T11:53:00,59,93,2,2,33,0,0,0,0,False,sem_relacionamento_bancario,0,no_offer,blocked,0,0.0,False
4986,2024-09-06T09:59:00,61,78,2,1,35,0,0,1,1,True,,1,banner_loan_standard,exploitation,0,-0.01,False
4987,2024-09-06T14:26:00,27,112,4,3,2,1,0,1,0,True,,1,banner_loan_standard,exploitation,0,-0.01,False
4988,2024-09-06T19:19:00,29,113,2,2,5,0,0,1,1,True,,1,banner_loan_standard,exploration,0,-0.01,False
4989,2024-09-06T12:46:00,52,155,3,2,26,0,0,1,0,False,sem_relacionamento_bancario,0,no_offer,blocked,0,0.0,False
4990,2024-09-06T10:38:00,55,58,4,3,25,0,0,0,1,True,,1,banner_loan_standard,exploitation,0,-0.01,False
4991,2024-09-06T20:23:00,33,14,1,2,7,0,0,1,0,False,renda_abaixo_minimo,0,no_offer,blocked,0,0.0,False
4992,2024-09-06T15:22:00,30,51,4,1,4,0,0,0,1,True,,1,banner_loan_standard,exploitation,0,-0.01,False
4993,2024-09-06T18:31:00,62,50,2,1,38,0,0,0,1,True,,1,banner_loan_standard,exploitation,0,-0.01,False
4994,2024-09-06T20:05:00,48,43,1,2,22,0,0,1,0,False,sem_relacionamento_bancario,0,no_offer,blocked,0,0.0,False
4995,2024-09-06T15:32:00,44,131,1,3,20,0,0,1,0,False,sem_relacionamento_bancario,0,no_offer,blocked,0,0.0,False
4996,2024-09-06T15:26:00,49,30,4,2,24,0,1,1,1,True,,1,banner_loan_standard,exploitation,1,1.0,False
4997,2024-09-06T13:17:00,28,43,3,2,4,0,0,1,0,False,sem_relacionamento_bancario,0,no_offer,blocked,0,0.0,False
4998,2024-09-06T14:12:00,33,120,2,3,8,0,0,0,1,True,,1,banner_loan_standard,exploitation,1,1.0,False
4999,2024-09-06T08:40:00,45,48,3,2,18,0,0,1,1,True,,1,banner_loan_standard,exploitation,0,-0.01,False
5000,2024-09-06T21:24:00,49,51,1,2,24,0,0,0,1,True,,1,banner_loan_standard,exploitation,0,-0.01,False
